gAAAAABnir9mau4QUTPyiF_ycN-u5MAI8O1VIpN_KvT6kJemV3z41h2Kd_5dsG8c9n35h33ed2Z2RfbkWTxhfICLSGh7L9uIqQ==	2008-10-24 09:09:59	74.954479460000000	170.294528620000000
gAAAAABnir9mau4QUTPyiF_ycN-u5MAI8O1VIpN_KvT6kJemV3z41h2Kd_5dsG8c9n35h33ed2Z2RfbkWTxhfICLSGh7L9uIqQ==	2008-10-24 09:10:04	85.915808490000000	135.109248140000000
gAAAAABnir9mau4QUTPyiF_ycN-u5MAI8O1VIpN_KvT6kJemV3z41h2Kd_5dsG8c9n35h33ed2Z2RfbkWTxhfICLSGh7L9uIqQ==	2008-10-24 09:10:09	80.001744490000000	139.011002940000000
gAAAAABnir9mau4QUTPyiF_ycN-u5MAI8O1VIpN_KvT6kJemV3z41h2Kd_5dsG8c9n35h33ed2Z2RfbkWTxhfICLSGh7L9uIqQ==	2008-10-24 09:10:14	82.672524240000000	206.101202960000000
gAAAAABnir9mau4QUTPyiF_ycN-u5MAI8O1VIpN_KvT6kJemV3z41h2Kd_5dsG8c9n35h33ed2Z2RfbkWTxhfICLSGh7L9uIqQ==	2008-10-24 06:10:19	116.619060910000000	136.189694600000000
gAAAAABnir9mau4QUTPyiF_ycN-u5MAI8O1VIpN_KvT6kJemV3z41h2Kd_5dsG8c9n35h33ed2Z2RfbkWTxhfICLSGh7L9uIqQ==	2008-10-24 09:10:24	104.947102400000000	138.132606040000000
gAAAAABnir9mau4QUTPyiF_ycN-u5MAI8O1VIpN_KvT6kJemV3z41h2Kd_5dsG8c9n35h33ed2Z2RfbkWTxhfICLSGh7L9uIqQ==	2008-10-24 08:10:29	137.554343620000000	187.189152520000000
gAAAAABnir9mau4QUTPyiF_ycN-u5MAI8O1VIpN_KvT6kJemV3z41h2Kd_5dsG8c9n35h33ed2Z2RfbkWTxhfICLSGh7L9uIqQ==	2008-10-24 08:10:34	109.557906100000000	146.066517670000000
gAAAAABnir9mau4QUTPyiF_ycN-u5MAI8O1VIpN_KvT6kJemV3z41h2Kd_5dsG8c9n35h33ed2Z2RfbkWTxhfICLSGh7L9uIqQ==	2008-10-24 06:10:39	83.981723220000000	181.293897270000000
gAAAAABnir9mau4QUTPyiF_ycN-u5MAI8O1VIpN_KvT6kJemV3z41h2Kd_5dsG8c9n35h33ed2Z2RfbkWTxhfICLSGh7L9uIqQ==	2008-10-24 08:10:44	64.667420390000000	192.100708860000000
gAAAAABnir9mau4QUTPyiF_ycN-u5MAI8O1VIpN_KvT6kJemV3z41h2Kd_5dsG8c9n35h33ed2Z2RfbkWTxhfICLSGh7L9uIqQ==	2008-10-24 07:10:49	89.965043340000000	178.014280570000000
gAAAAABnir9mau4QUTPyiF_ycN-u5MAI8O1VIpN_KvT6kJemV3z41h2Kd_5dsG8c9n35h33ed2Z2RfbkWTxhfICLSGh7L9uIqQ==	2008-10-24 07:10:54	63.600519980000000	130.176700520000000
gAAAAABnir9mau4QUTPyiF_ycN-u5MAI8O1VIpN_KvT6kJemV3z41h2Kd_5dsG8c9n35h33ed2Z2RfbkWTxhfICLSGh7L9uIqQ==	2008-10-24 06:10:59	79.527094640000000	208.184794140000000
gAAAAABnir9mau4QUTPyiF_ycN-u5MAI8O1VIpN_KvT6kJemV3z41h2Kd_5dsG8c9n35h33ed2Z2RfbkWTxhfICLSGh7L9uIqQ==	2008-10-24 07:11:04	126.804078600000000	199.163672200000000
gAAAAABnir9mau4QUTPyiF_ycN-u5MAI8O1VIpN_KvT6kJemV3z41h2Kd_5dsG8c9n35h33ed2Z2RfbkWTxhfICLSGh7L9uIqQ==	2008-10-24 07:11:09	92.517733450000000	203.929251740000000
gAAAAABnir9mau4QUTPyiF_ycN-u5MAI8O1VIpN_KvT6kJemV3z41h2Kd_5dsG8c9n35h33ed2Z2RfbkWTxhfICLSGh7L9uIqQ==	2008-10-24 07:11:14	108.597811900000000	158.187163080000000
gAAAAABnir9mau4QUTPyiF_ycN-u5MAI8O1VIpN_KvT6kJemV3z41h2Kd_5dsG8c9n35h33ed2Z2RfbkWTxhfICLSGh7L9uIqQ==	2008-10-24 05:11:19	61.783759910000000	177.100789880000000
gAAAAABnir9mau4QUTPyiF_ycN-u5MAI8O1VIpN_KvT6kJemV3z41h2Kd_5dsG8c9n35h33ed2Z2RfbkWTxhfICLSGh7L9uIqQ==	2008-10-24 08:11:24	122.848567580000000	130.013245840000000
gAAAAABnir9mau4QUTPyiF_ycN-u5MAI8O1VIpN_KvT6kJemV3z41h2Kd_5dsG8c9n35h33ed2Z2RfbkWTxhfICLSGh7L9uIqQ==	2008-10-24 05:11:29	58.775988290000000	153.316715290000000
gAAAAABnir9mau4QUTPyiF_ycN-u5MAI8O1VIpN_KvT6kJemV3z41h2Kd_5dsG8c9n35h33ed2Z2RfbkWTxhfICLSGh7L9uIqQ==	2008-10-24 09:11:34	73.527643150000000	157.942900470000000
gAAAAABnir9mau4QUTPyiF_ycN-u5MAI8O1VIpN_KvT6kJemV3z41h2Kd_5dsG8c9n35h33ed2Z2RfbkWTxhfICLSGh7L9uIqQ==	2008-10-24 05:11:39	126.876912620000000	150.271603590000000
gAAAAABnir9mau4QUTPyiF_ycN-u5MAI8O1VIpN_KvT6kJemV3z41h2Kd_5dsG8c9n35h33ed2Z2RfbkWTxhfICLSGh7L9uIqQ==	2008-10-24 09:11:44	70.984399960000000	156.106314880000000
gAAAAABnir9mau4QUTPyiF_ycN-u5MAI8O1VIpN_KvT6kJemV3z41h2Kd_5dsG8c9n35h33ed2Z2RfbkWTxhfICLSGh7L9uIqQ==	2008-10-24 08:11:49	122.609454170000000	181.842118930000000
gAAAAABnir9mau4QUTPyiF_ycN-u5MAI8O1VIpN_KvT6kJemV3z41h2Kd_5dsG8c9n35h33ed2Z2RfbkWTxhfICLSGh7L9uIqQ==	2008-10-24 08:11:54	84.826949250000000	169.019971440000000
gAAAAABnir9mau4QUTPyiF_ycN-u5MAI8O1VIpN_KvT6kJemV3z41h2Kd_5dsG8c9n35h33ed2Z2RfbkWTxhfICLSGh7L9uIqQ==	2008-10-24 07:11:57	136.723402480000000	177.255590320000000
gAAAAABnir9mau4QUTPyiF_ycN-u5MAI8O1VIpN_KvT6kJemV3z41h2Kd_5dsG8c9n35h33ed2Z2RfbkWTxhfICLSGh7L9uIqQ==	2008-10-24 09:11:59	119.558576120000000	145.847364790000000
gAAAAABnir9mau4QUTPyiF_ycN-u5MAI8O1VIpN_KvT6kJemV3z41h2Kd_5dsG8c9n35h33ed2Z2RfbkWTxhfICLSGh7L9uIqQ==	2008-10-24 07:12:04	77.632507950000000	167.266224670000000
gAAAAABnir9mau4QUTPyiF_ycN-u5MAI8O1VIpN_KvT6kJemV3z41h2Kd_5dsG8c9n35h33ed2Z2RfbkWTxhfICLSGh7L9uIqQ==	2008-10-24 06:12:09	73.690475590000000	164.049752540000000
gAAAAABnir9mau4QUTPyiF_ycN-u5MAI8O1VIpN_KvT6kJemV3z41h2Kd_5dsG8c9n35h33ed2Z2RfbkWTxhfICLSGh7L9uIqQ==	2008-10-24 05:12:14	96.663257720000000	216.034504280000000
gAAAAABnir9mau4QUTPyiF_ycN-u5MAI8O1VIpN_KvT6kJemV3z41h2Kd_5dsG8c9n35h33ed2Z2RfbkWTxhfICLSGh7L9uIqQ==	2008-10-24 08:12:19	127.692413060000000	151.208789280000000
gAAAAABnir9mau4QUTPyiF_ycN-u5MAI8O1VIpN_KvT6kJemV3z41h2Kd_5dsG8c9n35h33ed2Z2RfbkWTxhfICLSGh7L9uIqQ==	2008-10-24 06:12:24	116.618614020000000	206.119384540000000
gAAAAABnir9mau4QUTPyiF_ycN-u5MAI8O1VIpN_KvT6kJemV3z41h2Kd_5dsG8c9n35h33ed2Z2RfbkWTxhfICLSGh7L9uIqQ==	2008-10-24 06:12:27	62.880016760000000	144.224717340000000
gAAAAABnir9mau4QUTPyiF_ycN-u5MAI8O1VIpN_KvT6kJemV3z41h2Kd_5dsG8c9n35h33ed2Z2RfbkWTxhfICLSGh7L9uIqQ==	2008-10-24 07:12:29	110.906869660000000	166.195195140000000
gAAAAABnir9mau4QUTPyiF_ycN-u5MAI8O1VIpN_KvT6kJemV3z41h2Kd_5dsG8c9n35h33ed2Z2RfbkWTxhfICLSGh7L9uIqQ==	2008-10-24 09:12:34	127.835909450000000	157.103855110000000
gAAAAABnir9mau4QUTPyiF_ycN-u5MAI8O1VIpN_KvT6kJemV3z41h2Kd_5dsG8c9n35h33ed2Z2RfbkWTxhfICLSGh7L9uIqQ==	2008-10-24 08:12:39	120.785435130000000	200.930205520000000
gAAAAABnir9mau4QUTPyiF_ycN-u5MAI8O1VIpN_KvT6kJemV3z41h2Kd_5dsG8c9n35h33ed2Z2RfbkWTxhfICLSGh7L9uIqQ==	2008-10-24 08:12:44	67.552994810000000	154.092297740000000
gAAAAABnir9mau4QUTPyiF_ycN-u5MAI8O1VIpN_KvT6kJemV3z41h2Kd_5dsG8c9n35h33ed2Z2RfbkWTxhfICLSGh7L9uIqQ==	2008-10-24 07:12:49	112.759835450000000	155.832850910000000
gAAAAABnir9mau4QUTPyiF_ycN-u5MAI8O1VIpN_KvT6kJemV3z41h2Kd_5dsG8c9n35h33ed2Z2RfbkWTxhfICLSGh7L9uIqQ==	2008-10-24 06:12:54	71.983839220000000	198.938363220000000
gAAAAABnir9mau4QUTPyiF_ycN-u5MAI8O1VIpN_KvT6kJemV3z41h2Kd_5dsG8c9n35h33ed2Z2RfbkWTxhfICLSGh7L9uIqQ==	2008-10-24 08:12:59	90.797347150000000	196.040560570000000
gAAAAABnir9mau4QUTPyiF_ycN-u5MAI8O1VIpN_KvT6kJemV3z41h2Kd_5dsG8c9n35h33ed2Z2RfbkWTxhfICLSGh7L9uIqQ==	2008-10-24 07:13:04	89.608310290000000	154.842219850000000
gAAAAABnir9mau4QUTPyiF_ycN-u5MAI8O1VIpN_KvT6kJemV3z41h2Kd_5dsG8c9n35h33ed2Z2RfbkWTxhfICLSGh7L9uIqQ==	2008-10-24 06:13:09	81.610609910000000	163.956199130000000
gAAAAABnir9mau4QUTPyiF_ycN-u5MAI8O1VIpN_KvT6kJemV3z41h2Kd_5dsG8c9n35h33ed2Z2RfbkWTxhfICLSGh7L9uIqQ==	2008-10-24 07:13:14	51.546342940000000	167.983515740000000
gAAAAABnir9mau4QUTPyiF_ycN-u5MAI8O1VIpN_KvT6kJemV3z41h2Kd_5dsG8c9n35h33ed2Z2RfbkWTxhfICLSGh7L9uIqQ==	2008-10-24 08:13:19	133.549300100000000	213.926689940000000
gAAAAABnir9mau4QUTPyiF_ycN-u5MAI8O1VIpN_KvT6kJemV3z41h2Kd_5dsG8c9n35h33ed2Z2RfbkWTxhfICLSGh7L9uIqQ==	2008-10-24 05:13:24	127.702516040000000	193.958265090000000
gAAAAABnir9mau4QUTPyiF_ycN-u5MAI8O1VIpN_KvT6kJemV3z41h2Kd_5dsG8c9n35h33ed2Z2RfbkWTxhfICLSGh7L9uIqQ==	2008-10-24 06:13:29	84.744320660000000	130.852411920000000
gAAAAABnir9mau4QUTPyiF_ycN-u5MAI8O1VIpN_KvT6kJemV3z41h2Kd_5dsG8c9n35h33ed2Z2RfbkWTxhfICLSGh7L9uIqQ==	2008-10-24 09:13:34	124.587564290000000	142.922268970000000
gAAAAABnir9mau4QUTPyiF_ycN-u5MAI8O1VIpN_KvT6kJemV3z41h2Kd_5dsG8c9n35h33ed2Z2RfbkWTxhfICLSGh7L9uIqQ==	2008-10-24 05:13:39	68.854694140000000	146.845709790000000
gAAAAABnir9mau4QUTPyiF_ycN-u5MAI8O1VIpN_KvT6kJemV3z41h2Kd_5dsG8c9n35h33ed2Z2RfbkWTxhfICLSGh7L9uIqQ==	2008-10-24 09:13:44	113.810440490000000	134.908837160000000
gAAAAABnir9mau4QUTPyiF_ycN-u5MAI8O1VIpN_KvT6kJemV3z41h2Kd_5dsG8c9n35h33ed2Z2RfbkWTxhfICLSGh7L9uIqQ==	2008-10-24 07:13:49	107.989999350000000	174.854215950000000
gAAAAABnir9mau4QUTPyiF_ycN-u5MAI8O1VIpN_KvT6kJemV3z41h2Kd_5dsG8c9n35h33ed2Z2RfbkWTxhfICLSGh7L9uIqQ==	2008-10-24 05:13:54	58.951014090000000	166.977327540000000
gAAAAABnir9mau4QUTPyiF_ycN-u5MAI8O1VIpN_KvT6kJemV3z41h2Kd_5dsG8c9n35h33ed2Z2RfbkWTxhfICLSGh7L9uIqQ==	2008-10-24 06:13:59	71.596271070000000	214.197097280000000
gAAAAABnir9mau4QUTPyiF_ycN-u5MAI8O1VIpN_KvT6kJemV3z41h2Kd_5dsG8c9n35h33ed2Z2RfbkWTxhfICLSGh7L9uIqQ==	2008-10-24 05:14:04	75.776004820000000	142.114979290000000
gAAAAABnir9mau4QUTPyiF_ycN-u5MAI8O1VIpN_KvT6kJemV3z41h2Kd_5dsG8c9n35h33ed2Z2RfbkWTxhfICLSGh7L9uIqQ==	2008-10-24 09:14:09	102.000847900000000	183.187361370000000
gAAAAABnir9mau4QUTPyiF_ycN-u5MAI8O1VIpN_KvT6kJemV3z41h2Kd_5dsG8c9n35h33ed2Z2RfbkWTxhfICLSGh7L9uIqQ==	2008-10-24 06:14:14	139.517350830000000	143.240614380000000
gAAAAABnir9mau4QUTPyiF_ycN-u5MAI8O1VIpN_KvT6kJemV3z41h2Kd_5dsG8c9n35h33ed2Z2RfbkWTxhfICLSGh7L9uIqQ==	2008-10-24 09:14:19	116.997634120000000	195.173714700000000
gAAAAABnir9mau4QUTPyiF_ycN-u5MAI8O1VIpN_KvT6kJemV3z41h2Kd_5dsG8c9n35h33ed2Z2RfbkWTxhfICLSGh7L9uIqQ==	2008-10-24 05:14:22	103.879928320000000	168.041230940000000
gAAAAABnir9mau4QUTPyiF_ycN-u5MAI8O1VIpN_KvT6kJemV3z41h2Kd_5dsG8c9n35h33ed2Z2RfbkWTxhfICLSGh7L9uIqQ==	2008-10-24 05:14:24	71.871066830000000	210.968642300000000
gAAAAABnir9mau4QUTPyiF_ycN-u5MAI8O1VIpN_KvT6kJemV3z41h2Kd_5dsG8c9n35h33ed2Z2RfbkWTxhfICLSGh7L9uIqQ==	2008-10-24 05:14:29	114.582764070000000	169.109940190000000
gAAAAABnir9mau4QUTPyiF_ycN-u5MAI8O1VIpN_KvT6kJemV3z41h2Kd_5dsG8c9n35h33ed2Z2RfbkWTxhfICLSGh7L9uIqQ==	2008-10-24 08:14:34	83.748589520000000	173.925373140000000
gAAAAABnir9mau4QUTPyiF_ycN-u5MAI8O1VIpN_KvT6kJemV3z41h2Kd_5dsG8c9n35h33ed2Z2RfbkWTxhfICLSGh7L9uIqQ==	2008-10-24 07:14:39	127.816933500000000	216.044504830000000
gAAAAABnir9mau4QUTPyiF_ycN-u5MAI8O1VIpN_KvT6kJemV3z41h2Kd_5dsG8c9n35h33ed2Z2RfbkWTxhfICLSGh7L9uIqQ==	2008-10-24 08:14:44	108.854843530000000	147.200015360000000
gAAAAABnir9mau4QUTPyiF_ycN-u5MAI8O1VIpN_KvT6kJemV3z41h2Kd_5dsG8c9n35h33ed2Z2RfbkWTxhfICLSGh7L9uIqQ==	2008-10-24 08:14:49	64.879686680000000	173.269082290000000
gAAAAABnir9mau4QUTPyiF_ycN-u5MAI8O1VIpN_KvT6kJemV3z41h2Kd_5dsG8c9n35h33ed2Z2RfbkWTxhfICLSGh7L9uIqQ==	2008-10-24 07:14:54	101.801584800000000	159.992864430000000
gAAAAABnir9mau4QUTPyiF_ycN-u5MAI8O1VIpN_KvT6kJemV3z41h2Kd_5dsG8c9n35h33ed2Z2RfbkWTxhfICLSGh7L9uIqQ==	2008-10-24 07:14:59	79.709189650000000	210.909350550000000
gAAAAABnir9mau4QUTPyiF_ycN-u5MAI8O1VIpN_KvT6kJemV3z41h2Kd_5dsG8c9n35h33ed2Z2RfbkWTxhfICLSGh7L9uIqQ==	2008-10-24 05:15:04	134.903422520000000	198.945185820000000
gAAAAABnir9mau4QUTPyiF_ycN-u5MAI8O1VIpN_KvT6kJemV3z41h2Kd_5dsG8c9n35h33ed2Z2RfbkWTxhfICLSGh7L9uIqQ==	2008-10-24 08:15:09	108.814182700000000	203.026756970000000
gAAAAABnir9mau4QUTPyiF_ycN-u5MAI8O1VIpN_KvT6kJemV3z41h2Kd_5dsG8c9n35h33ed2Z2RfbkWTxhfICLSGh7L9uIqQ==	2008-10-24 08:15:14	65.825988280000000	178.828178040000000
gAAAAABnir9mau4QUTPyiF_ycN-u5MAI8O1VIpN_KvT6kJemV3z41h2Kd_5dsG8c9n35h33ed2Z2RfbkWTxhfICLSGh7L9uIqQ==	2008-10-24 07:15:19	123.646996210000000	195.987473370000000
gAAAAABnir9mau4QUTPyiF_ycN-u5MAI8O1VIpN_KvT6kJemV3z41h2Kd_5dsG8c9n35h33ed2Z2RfbkWTxhfICLSGh7L9uIqQ==	2008-10-24 07:15:24	73.630146950000000	183.013261380000000
gAAAAABnir9mau4QUTPyiF_ycN-u5MAI8O1VIpN_KvT6kJemV3z41h2Kd_5dsG8c9n35h33ed2Z2RfbkWTxhfICLSGh7L9uIqQ==	2008-10-24 05:15:29	131.765100680000000	184.016924620000000
gAAAAABnir9mau4QUTPyiF_ycN-u5MAI8O1VIpN_KvT6kJemV3z41h2Kd_5dsG8c9n35h33ed2Z2RfbkWTxhfICLSGh7L9uIqQ==	2008-10-24 05:21:54	74.648695590000000	143.966205740000000
gAAAAABnir9mau4QUTPyiF_ycN-u5MAI8O1VIpN_KvT6kJemV3z41h2Kd_5dsG8c9n35h33ed2Z2RfbkWTxhfICLSGh7L9uIqQ==	2008-10-24 07:21:59	134.630513120000000	146.068437700000000
gAAAAABnir9mau4QUTPyiF_ycN-u5MAI8O1VIpN_KvT6kJemV3z41h2Kd_5dsG8c9n35h33ed2Z2RfbkWTxhfICLSGh7L9uIqQ==	2008-10-24 08:22:04	93.675494170000000	139.215644740000000
gAAAAABnir9mau4QUTPyiF_ycN-u5MAI8O1VIpN_KvT6kJemV3z41h2Kd_5dsG8c9n35h33ed2Z2RfbkWTxhfICLSGh7L9uIqQ==	2008-10-24 09:22:09	133.511757310000000	136.029356220000000
gAAAAABnir9mau4QUTPyiF_ycN-u5MAI8O1VIpN_KvT6kJemV3z41h2Kd_5dsG8c9n35h33ed2Z2RfbkWTxhfICLSGh7L9uIqQ==	2008-10-24 05:22:14	79.555479120000000	206.932212190000000
gAAAAABnir9mau4QUTPyiF_ycN-u5MAI8O1VIpN_KvT6kJemV3z41h2Kd_5dsG8c9n35h33ed2Z2RfbkWTxhfICLSGh7L9uIqQ==	2008-10-24 08:22:19	111.858773320000000	176.899695210000000
gAAAAABnir9mau4QUTPyiF_ycN-u5MAI8O1VIpN_KvT6kJemV3z41h2Kd_5dsG8c9n35h33ed2Z2RfbkWTxhfICLSGh7L9uIqQ==	2008-10-24 06:22:24	120.837230240000000	151.087659070000000
gAAAAABnir9mau4QUTPyiF_ycN-u5MAI8O1VIpN_KvT6kJemV3z41h2Kd_5dsG8c9n35h33ed2Z2RfbkWTxhfICLSGh7L9uIqQ==	2008-10-24 08:22:29	119.977253000000000	144.163288480000000
gAAAAABnir9mau4QUTPyiF_ycN-u5MAI8O1VIpN_KvT6kJemV3z41h2Kd_5dsG8c9n35h33ed2Z2RfbkWTxhfICLSGh7L9uIqQ==	2008-10-24 07:22:34	74.813004150000000	129.255921960000000
gAAAAABnir9mau4QUTPyiF_ycN-u5MAI8O1VIpN_KvT6kJemV3z41h2Kd_5dsG8c9n35h33ed2Z2RfbkWTxhfICLSGh7L9uIqQ==	2008-10-24 07:22:39	140.638135550000000	202.209261880000000
gAAAAABnir9mau4QUTPyiF_ycN-u5MAI8O1VIpN_KvT6kJemV3z41h2Kd_5dsG8c9n35h33ed2Z2RfbkWTxhfICLSGh7L9uIqQ==	2008-10-24 06:22:44	79.731117530000000	152.841836420000000
gAAAAABnir9mau4QUTPyiF_ycN-u5MAI8O1VIpN_KvT6kJemV3z41h2Kd_5dsG8c9n35h33ed2Z2RfbkWTxhfICLSGh7L9uIqQ==	2008-10-24 07:22:49	72.564502440000000	206.029322370000000
gAAAAABnir9mau4QUTPyiF_ycN-u5MAI8O1VIpN_KvT6kJemV3z41h2Kd_5dsG8c9n35h33ed2Z2RfbkWTxhfICLSGh7L9uIqQ==	2008-10-24 09:22:54	57.632456860000000	212.120555480000000
gAAAAABnir9mau4QUTPyiF_ycN-u5MAI8O1VIpN_KvT6kJemV3z41h2Kd_5dsG8c9n35h33ed2Z2RfbkWTxhfICLSGh7L9uIqQ==	2008-10-24 09:22:59	121.850033360000000	202.841876860000000
gAAAAABnir9mau4QUTPyiF_ycN-u5MAI8O1VIpN_KvT6kJemV3z41h2Kd_5dsG8c9n35h33ed2Z2RfbkWTxhfICLSGh7L9uIqQ==	2008-10-24 05:23:02	97.707621560000000	209.255676070000000
gAAAAABnir9mau4QUTPyiF_ycN-u5MAI8O1VIpN_KvT6kJemV3z41h2Kd_5dsG8c9n35h33ed2Z2RfbkWTxhfICLSGh7L9uIqQ==	2008-10-24 06:23:04	126.580042280000000	177.825486200000000
gAAAAABnir9mau4QUTPyiF_ycN-u5MAI8O1VIpN_KvT6kJemV3z41h2Kd_5dsG8c9n35h33ed2Z2RfbkWTxhfICLSGh7L9uIqQ==	2008-10-24 05:23:09	99.533753650000000	181.313306210000000
gAAAAABnir9mau4QUTPyiF_ycN-u5MAI8O1VIpN_KvT6kJemV3z41h2Kd_5dsG8c9n35h33ed2Z2RfbkWTxhfICLSGh7L9uIqQ==	2008-10-24 05:23:14	109.672805030000000	174.222753910000000
gAAAAABnir9mau4QUTPyiF_ycN-u5MAI8O1VIpN_KvT6kJemV3z41h2Kd_5dsG8c9n35h33ed2Z2RfbkWTxhfICLSGh7L9uIqQ==	2008-10-24 09:23:19	94.667548030000000	150.314678800000000
gAAAAABnir9mau4QUTPyiF_ycN-u5MAI8O1VIpN_KvT6kJemV3z41h2Kd_5dsG8c9n35h33ed2Z2RfbkWTxhfICLSGh7L9uIqQ==	2008-10-24 06:23:24	105.984738280000000	161.898132410000000
gAAAAABnir9mau4QUTPyiF_ycN-u5MAI8O1VIpN_KvT6kJemV3z41h2Kd_5dsG8c9n35h33ed2Z2RfbkWTxhfICLSGh7L9uIqQ==	2008-10-24 09:23:27	134.660361550000000	133.940520540000000
gAAAAABnir9mau4QUTPyiF_ycN-u5MAI8O1VIpN_KvT6kJemV3z41h2Kd_5dsG8c9n35h33ed2Z2RfbkWTxhfICLSGh7L9uIqQ==	2008-10-24 05:23:29	93.724035110000000	183.163414000000000
gAAAAABnir9mau4QUTPyiF_ycN-u5MAI8O1VIpN_KvT6kJemV3z41h2Kd_5dsG8c9n35h33ed2Z2RfbkWTxhfICLSGh7L9uIqQ==	2008-10-24 06:23:34	117.807367500000000	191.163172740000000
gAAAAABnir9mau4QUTPyiF_ycN-u5MAI8O1VIpN_KvT6kJemV3z41h2Kd_5dsG8c9n35h33ed2Z2RfbkWTxhfICLSGh7L9uIqQ==	2008-10-24 06:23:39	59.692265860000000	169.250670370000000
gAAAAABnir9mau4QUTPyiF_ycN-u5MAI8O1VIpN_KvT6kJemV3z41h2Kd_5dsG8c9n35h33ed2Z2RfbkWTxhfICLSGh7L9uIqQ==	2008-10-24 08:23:44	55.994274130000000	168.174013530000000
gAAAAABnir9mau4QUTPyiF_ycN-u5MAI8O1VIpN_KvT6kJemV3z41h2Kd_5dsG8c9n35h33ed2Z2RfbkWTxhfICLSGh7L9uIqQ==	2008-10-24 08:23:47	96.734036120000000	214.926189330000000
gAAAAABnir9mau4QUTPyiF_ycN-u5MAI8O1VIpN_KvT6kJemV3z41h2Kd_5dsG8c9n35h33ed2Z2RfbkWTxhfICLSGh7L9uIqQ==	2008-10-24 07:23:49	105.846410360000000	208.931290850000000
gAAAAABnir9mau4QUTPyiF_ycN-u5MAI8O1VIpN_KvT6kJemV3z41h2Kd_5dsG8c9n35h33ed2Z2RfbkWTxhfICLSGh7L9uIqQ==	2008-10-24 07:23:54	119.687840570000000	148.277153920000000
gAAAAABnir9mau4QUTPyiF_ycN-u5MAI8O1VIpN_KvT6kJemV3z41h2Kd_5dsG8c9n35h33ed2Z2RfbkWTxhfICLSGh7L9uIqQ==	2008-10-24 06:23:59	70.552768500000000	158.034325090000000
gAAAAABnir9mau4QUTPyiF_ycN-u5MAI8O1VIpN_KvT6kJemV3z41h2Kd_5dsG8c9n35h33ed2Z2RfbkWTxhfICLSGh7L9uIqQ==	2008-10-24 05:24:04	127.640684300000000	203.053590330000000
gAAAAABnir9mBT51XcQ9HTuu-kV1D2Bav4p50S1dHQ0xg9Mcylg9qE9NHSUg10Wb0Df5uYMu9QzAWcxPEN1Qar-U0XtpKWJkdg==	2009-09-20 09:59:01	101.310795110000000	201.941315660000000
gAAAAABnir9mBT51XcQ9HTuu-kV1D2Bav4p50S1dHQ0xg9Mcylg9qE9NHSUg10Wb0Df5uYMu9QzAWcxPEN1Qar-U0XtpKWJkdg==	2009-09-20 11:59:02	54.229809190000000	137.224401270000000
gAAAAABnir9mBT51XcQ9HTuu-kV1D2Bav4p50S1dHQ0xg9Mcylg9qE9NHSUg10Wb0Df5uYMu9QzAWcxPEN1Qar-U0XtpKWJkdg==	2009-09-20 09:59:04	68.910848280000000	167.906859630000000
gAAAAABnir9mBT51XcQ9HTuu-kV1D2Bav4p50S1dHQ0xg9Mcylg9qE9NHSUg10Wb0Df5uYMu9QzAWcxPEN1Qar-U0XtpKWJkdg==	2009-09-20 11:59:08	78.359892920000000	191.236472870000000
gAAAAABnir9mBT51XcQ9HTuu-kV1D2Bav4p50S1dHQ0xg9Mcylg9qE9NHSUg10Wb0Df5uYMu9QzAWcxPEN1Qar-U0XtpKWJkdg==	2009-09-20 09:59:10	128.245241880000000	155.145335920000000
gAAAAABnir9mBT51XcQ9HTuu-kV1D2Bav4p50S1dHQ0xg9Mcylg9qE9NHSUg10Wb0Df5uYMu9QzAWcxPEN1Qar-U0XtpKWJkdg==	2009-09-20 11:59:15	88.403145040000000	200.042984100000000
gAAAAABnir9mBT51XcQ9HTuu-kV1D2Bav4p50S1dHQ0xg9Mcylg9qE9NHSUg10Wb0Df5uYMu9QzAWcxPEN1Qar-U0XtpKWJkdg==	2009-09-20 09:59:17	139.974090700000000	160.781379490000000
gAAAAABnir9mBT51XcQ9HTuu-kV1D2Bav4p50S1dHQ0xg9Mcylg9qE9NHSUg10Wb0Df5uYMu9QzAWcxPEN1Qar-U0XtpKWJkdg==	2009-09-20 12:59:19	106.979677800000000	147.786051380000000
gAAAAABnir9mBT51XcQ9HTuu-kV1D2Bav4p50S1dHQ0xg9Mcylg9qE9NHSUg10Wb0Df5uYMu9QzAWcxPEN1Qar-U0XtpKWJkdg==	2009-09-20 12:59:21	76.990880390000000	214.756612630000000
gAAAAABnir9mBT51XcQ9HTuu-kV1D2Bav4p50S1dHQ0xg9Mcylg9qE9NHSUg10Wb0Df5uYMu9QzAWcxPEN1Qar-U0XtpKWJkdg==	2009-09-20 12:59:59	89.054420540000000	190.784345610000000
gAAAAABnir9mBT51XcQ9HTuu-kV1D2Bav4p50S1dHQ0xg9Mcylg9qE9NHSUg10Wb0Df5uYMu9QzAWcxPEN1Qar-U0XtpKWJkdg==	2009-09-20 11:00:01	67.227016340000000	199.190097330000000
gAAAAABnir9mBT51XcQ9HTuu-kV1D2Bav4p50S1dHQ0xg9Mcylg9qE9NHSUg10Wb0Df5uYMu9QzAWcxPEN1Qar-U0XtpKWJkdg==	2009-09-20 10:00:03	91.945481460000000	195.766177350000000
gAAAAABnir9mBT51XcQ9HTuu-kV1D2Bav4p50S1dHQ0xg9Mcylg9qE9NHSUg10Wb0Df5uYMu9QzAWcxPEN1Qar-U0XtpKWJkdg==	2009-09-20 14:00:05	65.275995950000000	136.123314860000000
gAAAAABnir9mBT51XcQ9HTuu-kV1D2Bav4p50S1dHQ0xg9Mcylg9qE9NHSUg10Wb0Df5uYMu9QzAWcxPEN1Qar-U0XtpKWJkdg==	2009-09-20 14:00:26	63.295578190000000	171.896889420000000
gAAAAABnir9mBT51XcQ9HTuu-kV1D2Bav4p50S1dHQ0xg9Mcylg9qE9NHSUg10Wb0Df5uYMu9QzAWcxPEN1Qar-U0XtpKWJkdg==	2009-09-20 13:00:28	78.283990660000000	159.154711530000000
gAAAAABnir9mBT51XcQ9HTuu-kV1D2Bav4p50S1dHQ0xg9Mcylg9qE9NHSUg10Wb0Df5uYMu9QzAWcxPEN1Qar-U0XtpKWJkdg==	2009-09-20 11:00:30	140.383977010000000	129.931470550000000
gAAAAABnir9mBT51XcQ9HTuu-kV1D2Bav4p50S1dHQ0xg9Mcylg9qE9NHSUg10Wb0Df5uYMu9QzAWcxPEN1Qar-U0XtpKWJkdg==	2009-09-20 11:00:32	58.914656270000000	199.029627080000000
gAAAAABnir9mBT51XcQ9HTuu-kV1D2Bav4p50S1dHQ0xg9Mcylg9qE9NHSUg10Wb0Df5uYMu9QzAWcxPEN1Qar-U0XtpKWJkdg==	2009-09-20 14:00:34	91.380541810000000	185.020288410000000
gAAAAABnir9mBT51XcQ9HTuu-kV1D2Bav4p50S1dHQ0xg9Mcylg9qE9NHSUg10Wb0Df5uYMu9QzAWcxPEN1Qar-U0XtpKWJkdg==	2009-09-20 13:00:36	70.150714110000000	177.839471060000000
gAAAAABnir9mBT51XcQ9HTuu-kV1D2Bav4p50S1dHQ0xg9Mcylg9qE9NHSUg10Wb0Df5uYMu9QzAWcxPEN1Qar-U0XtpKWJkdg==	2009-09-20 11:00:38	65.391319120000000	216.787735490000000
gAAAAABnir9mBT51XcQ9HTuu-kV1D2Bav4p50S1dHQ0xg9Mcylg9qE9NHSUg10Wb0Df5uYMu9QzAWcxPEN1Qar-U0XtpKWJkdg==	2009-09-20 13:00:40	114.227916310000000	170.218958280000000
gAAAAABnir9mBT51XcQ9HTuu-kV1D2Bav4p50S1dHQ0xg9Mcylg9qE9NHSUg10Wb0Df5uYMu9QzAWcxPEN1Qar-U0XtpKWJkdg==	2009-09-20 14:00:42	61.242381750000000	212.198483570000000
gAAAAABnir9mBT51XcQ9HTuu-kV1D2Bav4p50S1dHQ0xg9Mcylg9qE9NHSUg10Wb0Df5uYMu9QzAWcxPEN1Qar-U0XtpKWJkdg==	2009-09-20 11:00:44	68.197601420000000	166.911547650000000
gAAAAABnir9mBT51XcQ9HTuu-kV1D2Bav4p50S1dHQ0xg9Mcylg9qE9NHSUg10Wb0Df5uYMu9QzAWcxPEN1Qar-U0XtpKWJkdg==	2009-09-20 13:00:46	59.016517990000000	175.077880540000000
gAAAAABnir9mBT51XcQ9HTuu-kV1D2Bav4p50S1dHQ0xg9Mcylg9qE9NHSUg10Wb0Df5uYMu9QzAWcxPEN1Qar-U0XtpKWJkdg==	2009-09-20 13:00:48	129.961756990000000	200.878952550000000
gAAAAABnir9mBT51XcQ9HTuu-kV1D2Bav4p50S1dHQ0xg9Mcylg9qE9NHSUg10Wb0Df5uYMu9QzAWcxPEN1Qar-U0XtpKWJkdg==	2009-09-20 12:00:50	93.320018540000000	199.123053800000000
gAAAAABnir9mBT51XcQ9HTuu-kV1D2Bav4p50S1dHQ0xg9Mcylg9qE9NHSUg10Wb0Df5uYMu9QzAWcxPEN1Qar-U0XtpKWJkdg==	2009-09-20 10:00:52	120.056055060000000	135.954180230000000
gAAAAABnir9mBT51XcQ9HTuu-kV1D2Bav4p50S1dHQ0xg9Mcylg9qE9NHSUg10Wb0Df5uYMu9QzAWcxPEN1Qar-U0XtpKWJkdg==	2009-09-20 14:00:54	108.212180010000000	151.957398830000000
gAAAAABnir9mBT51XcQ9HTuu-kV1D2Bav4p50S1dHQ0xg9Mcylg9qE9NHSUg10Wb0Df5uYMu9QzAWcxPEN1Qar-U0XtpKWJkdg==	2009-09-20 11:00:56	58.080784300000000	210.880085310000000
gAAAAABnir9mBT51XcQ9HTuu-kV1D2Bav4p50S1dHQ0xg9Mcylg9qE9NHSUg10Wb0Df5uYMu9QzAWcxPEN1Qar-U0XtpKWJkdg==	2009-09-20 14:00:58	110.100962170000000	166.749612170000000
gAAAAABnir9mBT51XcQ9HTuu-kV1D2Bav4p50S1dHQ0xg9Mcylg9qE9NHSUg10Wb0Df5uYMu9QzAWcxPEN1Qar-U0XtpKWJkdg==	2009-09-20 13:01:00	102.057728250000000	179.117829970000000
gAAAAABnir9mBT51XcQ9HTuu-kV1D2Bav4p50S1dHQ0xg9Mcylg9qE9NHSUg10Wb0Df5uYMu9QzAWcxPEN1Qar-U0XtpKWJkdg==	2009-09-20 10:01:02	130.405327260000000	133.950434800000000
gAAAAABnir9mBT51XcQ9HTuu-kV1D2Bav4p50S1dHQ0xg9Mcylg9qE9NHSUg10Wb0Df5uYMu9QzAWcxPEN1Qar-U0XtpKWJkdg==	2009-09-20 10:01:04	123.157702420000000	162.836777040000000
gAAAAABnir9mBT51XcQ9HTuu-kV1D2Bav4p50S1dHQ0xg9Mcylg9qE9NHSUg10Wb0Df5uYMu9QzAWcxPEN1Qar-U0XtpKWJkdg==	2009-09-20 11:01:06	81.269559400000000	202.184041920000000
gAAAAABnir9mBT51XcQ9HTuu-kV1D2Bav4p50S1dHQ0xg9Mcylg9qE9NHSUg10Wb0Df5uYMu9QzAWcxPEN1Qar-U0XtpKWJkdg==	2009-09-20 14:01:08	70.371401080000000	184.165007040000000
gAAAAABnir9mBT51XcQ9HTuu-kV1D2Bav4p50S1dHQ0xg9Mcylg9qE9NHSUg10Wb0Df5uYMu9QzAWcxPEN1Qar-U0XtpKWJkdg==	2009-09-20 11:01:10	99.257788320000000	164.164044910000000
gAAAAABnir9mBT51XcQ9HTuu-kV1D2Bav4p50S1dHQ0xg9Mcylg9qE9NHSUg10Wb0Df5uYMu9QzAWcxPEN1Qar-U0XtpKWJkdg==	2009-09-20 13:01:12	95.935480990000000	193.062836570000000
gAAAAABnir9mBT51XcQ9HTuu-kV1D2Bav4p50S1dHQ0xg9Mcylg9qE9NHSUg10Wb0Df5uYMu9QzAWcxPEN1Qar-U0XtpKWJkdg==	2009-09-20 12:01:14	65.133648850000000	192.050960740000000
gAAAAABnir9mBT51XcQ9HTuu-kV1D2Bav4p50S1dHQ0xg9Mcylg9qE9NHSUg10Wb0Df5uYMu9QzAWcxPEN1Qar-U0XtpKWJkdg==	2009-09-20 13:01:16	98.953452180000000	217.143202440000000
gAAAAABnir9mBT51XcQ9HTuu-kV1D2Bav4p50S1dHQ0xg9Mcylg9qE9NHSUg10Wb0Df5uYMu9QzAWcxPEN1Qar-U0XtpKWJkdg==	2009-09-20 11:01:18	85.028024580000000	211.862331220000000
gAAAAABnir9mBT51XcQ9HTuu-kV1D2Bav4p50S1dHQ0xg9Mcylg9qE9NHSUg10Wb0Df5uYMu9QzAWcxPEN1Qar-U0XtpKWJkdg==	2009-09-20 12:01:20	104.062364210000000	163.916569780000000
gAAAAABnir9mBT51XcQ9HTuu-kV1D2Bav4p50S1dHQ0xg9Mcylg9qE9NHSUg10Wb0Df5uYMu9QzAWcxPEN1Qar-U0XtpKWJkdg==	2009-09-20 12:01:22	79.264903840000000	150.004962720000000
gAAAAABnir9mBT51XcQ9HTuu-kV1D2Bav4p50S1dHQ0xg9Mcylg9qE9NHSUg10Wb0Df5uYMu9QzAWcxPEN1Qar-U0XtpKWJkdg==	2009-09-20 10:01:24	79.046264010000000	163.174492030000000
gAAAAABnir9mBT51XcQ9HTuu-kV1D2Bav4p50S1dHQ0xg9Mcylg9qE9NHSUg10Wb0Df5uYMu9QzAWcxPEN1Qar-U0XtpKWJkdg==	2009-09-20 11:01:26	136.397977670000000	163.983167430000000
gAAAAABnir9mBT51XcQ9HTuu-kV1D2Bav4p50S1dHQ0xg9Mcylg9qE9NHSUg10Wb0Df5uYMu9QzAWcxPEN1Qar-U0XtpKWJkdg==	2009-09-20 14:01:28	130.998525070000000	156.770057550000000
gAAAAABnir9mBT51XcQ9HTuu-kV1D2Bav4p50S1dHQ0xg9Mcylg9qE9NHSUg10Wb0Df5uYMu9QzAWcxPEN1Qar-U0XtpKWJkdg==	2009-09-20 12:01:30	128.122185640000000	205.243972160000000
gAAAAABnir9mBT51XcQ9HTuu-kV1D2Bav4p50S1dHQ0xg9Mcylg9qE9NHSUg10Wb0Df5uYMu9QzAWcxPEN1Qar-U0XtpKWJkdg==	2009-09-20 11:01:32	94.296632530000000	181.942236650000000
gAAAAABnir9mBT51XcQ9HTuu-kV1D2Bav4p50S1dHQ0xg9Mcylg9qE9NHSUg10Wb0Df5uYMu9QzAWcxPEN1Qar-U0XtpKWJkdg==	2009-09-20 10:01:34	108.977771830000000	164.108122940000000
gAAAAABnir9mBT51XcQ9HTuu-kV1D2Bav4p50S1dHQ0xg9Mcylg9qE9NHSUg10Wb0Df5uYMu9QzAWcxPEN1Qar-U0XtpKWJkdg==	2009-09-20 14:01:36	89.930709820000000	202.890381230000000
gAAAAABnir9mBT51XcQ9HTuu-kV1D2Bav4p50S1dHQ0xg9Mcylg9qE9NHSUg10Wb0Df5uYMu9QzAWcxPEN1Qar-U0XtpKWJkdg==	2009-09-20 12:01:38	121.399242740000000	196.045474170000000
gAAAAABnir9mBT51XcQ9HTuu-kV1D2Bav4p50S1dHQ0xg9Mcylg9qE9NHSUg10Wb0Df5uYMu9QzAWcxPEN1Qar-U0XtpKWJkdg==	2009-09-20 13:01:40	97.355867560000000	209.092562970000000
gAAAAABnir9mBT51XcQ9HTuu-kV1D2Bav4p50S1dHQ0xg9Mcylg9qE9NHSUg10Wb0Df5uYMu9QzAWcxPEN1Qar-U0XtpKWJkdg==	2009-09-20 14:01:42	139.956787560000000	199.964041560000000
gAAAAABnir9mBT51XcQ9HTuu-kV1D2Bav4p50S1dHQ0xg9Mcylg9qE9NHSUg10Wb0Df5uYMu9QzAWcxPEN1Qar-U0XtpKWJkdg==	2009-09-20 12:01:44	96.267415100000000	174.058353830000000
gAAAAABnir9mBT51XcQ9HTuu-kV1D2Bav4p50S1dHQ0xg9Mcylg9qE9NHSUg10Wb0Df5uYMu9QzAWcxPEN1Qar-U0XtpKWJkdg==	2009-09-20 10:01:46	69.400241160000000	183.915277990000000
gAAAAABnir9mBT51XcQ9HTuu-kV1D2Bav4p50S1dHQ0xg9Mcylg9qE9NHSUg10Wb0Df5uYMu9QzAWcxPEN1Qar-U0XtpKWJkdg==	2009-09-20 10:01:48	123.251820030000000	138.897014000000000
gAAAAABnir9mBT51XcQ9HTuu-kV1D2Bav4p50S1dHQ0xg9Mcylg9qE9NHSUg10Wb0Df5uYMu9QzAWcxPEN1Qar-U0XtpKWJkdg==	2009-09-20 14:01:50	108.947029490000000	143.925992170000000
gAAAAABnir9mBT51XcQ9HTuu-kV1D2Bav4p50S1dHQ0xg9Mcylg9qE9NHSUg10Wb0Df5uYMu9QzAWcxPEN1Qar-U0XtpKWJkdg==	2009-09-20 10:01:52	100.188894040000000	170.210616090000000
gAAAAABnir9mBT51XcQ9HTuu-kV1D2Bav4p50S1dHQ0xg9Mcylg9qE9NHSUg10Wb0Df5uYMu9QzAWcxPEN1Qar-U0XtpKWJkdg==	2009-09-20 13:01:54	116.932341540000000	156.230550420000000
gAAAAABnir9mBT51XcQ9HTuu-kV1D2Bav4p50S1dHQ0xg9Mcylg9qE9NHSUg10Wb0Df5uYMu9QzAWcxPEN1Qar-U0XtpKWJkdg==	2009-09-20 12:01:56	103.284529960000000	149.001612540000000
gAAAAABnir9mBT51XcQ9HTuu-kV1D2Bav4p50S1dHQ0xg9Mcylg9qE9NHSUg10Wb0Df5uYMu9QzAWcxPEN1Qar-U0XtpKWJkdg==	2009-09-20 10:01:58	87.147929150000000	158.996279990000000
gAAAAABnir9mBT51XcQ9HTuu-kV1D2Bav4p50S1dHQ0xg9Mcylg9qE9NHSUg10Wb0Df5uYMu9QzAWcxPEN1Qar-U0XtpKWJkdg==	2009-09-20 14:02:00	115.051192040000000	143.225163110000000
gAAAAABnir9mBT51XcQ9HTuu-kV1D2Bav4p50S1dHQ0xg9Mcylg9qE9NHSUg10Wb0Df5uYMu9QzAWcxPEN1Qar-U0XtpKWJkdg==	2009-09-20 14:02:02	120.337806740000000	129.787288940000000
gAAAAABnir9mBT51XcQ9HTuu-kV1D2Bav4p50S1dHQ0xg9Mcylg9qE9NHSUg10Wb0Df5uYMu9QzAWcxPEN1Qar-U0XtpKWJkdg==	2009-09-20 13:02:04	125.085989970000000	173.111271200000000
gAAAAABnir9mBT51XcQ9HTuu-kV1D2Bav4p50S1dHQ0xg9Mcylg9qE9NHSUg10Wb0Df5uYMu9QzAWcxPEN1Qar-U0XtpKWJkdg==	2009-09-20 14:02:06	61.075263660000000	185.901975940000000
gAAAAABnir9mBT51XcQ9HTuu-kV1D2Bav4p50S1dHQ0xg9Mcylg9qE9NHSUg10Wb0Df5uYMu9QzAWcxPEN1Qar-U0XtpKWJkdg==	2009-09-20 10:02:08	117.312759100000000	159.992744140000000
gAAAAABnir9mBT51XcQ9HTuu-kV1D2Bav4p50S1dHQ0xg9Mcylg9qE9NHSUg10Wb0Df5uYMu9QzAWcxPEN1Qar-U0XtpKWJkdg==	2009-09-20 10:02:10	101.248555390000000	184.882359820000000
gAAAAABnir9mBT51XcQ9HTuu-kV1D2Bav4p50S1dHQ0xg9Mcylg9qE9NHSUg10Wb0Df5uYMu9QzAWcxPEN1Qar-U0XtpKWJkdg==	2009-09-20 11:02:12	60.136410740000000	187.905007960000000
gAAAAABnir9mBT51XcQ9HTuu-kV1D2Bav4p50S1dHQ0xg9Mcylg9qE9NHSUg10Wb0Df5uYMu9QzAWcxPEN1Qar-U0XtpKWJkdg==	2009-09-20 12:02:14	139.150307430000000	205.968944990000000
gAAAAABnir9mBT51XcQ9HTuu-kV1D2Bav4p50S1dHQ0xg9Mcylg9qE9NHSUg10Wb0Df5uYMu9QzAWcxPEN1Qar-U0XtpKWJkdg==	2009-09-20 11:02:16	118.306602770000000	147.964562930000000
gAAAAABnir9mBT51XcQ9HTuu-kV1D2Bav4p50S1dHQ0xg9Mcylg9qE9NHSUg10Wb0Df5uYMu9QzAWcxPEN1Qar-U0XtpKWJkdg==	2009-09-20 11:02:18	106.088808160000000	198.870575170000000
gAAAAABnir9mBT51XcQ9HTuu-kV1D2Bav4p50S1dHQ0xg9Mcylg9qE9NHSUg10Wb0Df5uYMu9QzAWcxPEN1Qar-U0XtpKWJkdg==	2009-09-20 10:02:20	83.920198360000000	143.922803490000000
gAAAAABnir9mBT51XcQ9HTuu-kV1D2Bav4p50S1dHQ0xg9Mcylg9qE9NHSUg10Wb0Df5uYMu9QzAWcxPEN1Qar-U0XtpKWJkdg==	2009-09-20 12:02:22	130.294250540000000	200.996691750000000
gAAAAABnir9mBT51XcQ9HTuu-kV1D2Bav4p50S1dHQ0xg9Mcylg9qE9NHSUg10Wb0Df5uYMu9QzAWcxPEN1Qar-U0XtpKWJkdg==	2009-09-20 14:02:24	98.223444110000000	171.855513470000000
gAAAAABnir9mBT51XcQ9HTuu-kV1D2Bav4p50S1dHQ0xg9Mcylg9qE9NHSUg10Wb0Df5uYMu9QzAWcxPEN1Qar-U0XtpKWJkdg==	2009-09-20 12:02:26	97.335897770000000	199.026323270000000
gAAAAABnir9mBT51XcQ9HTuu-kV1D2Bav4p50S1dHQ0xg9Mcylg9qE9NHSUg10Wb0Df5uYMu9QzAWcxPEN1Qar-U0XtpKWJkdg==	2009-09-20 11:02:28	101.120003930000000	213.764471760000000
gAAAAABnir9mBT51XcQ9HTuu-kV1D2Bav4p50S1dHQ0xg9Mcylg9qE9NHSUg10Wb0Df5uYMu9QzAWcxPEN1Qar-U0XtpKWJkdg==	2009-09-20 12:02:30	100.938986960000000	210.027540710000000
gAAAAABnir9mBT51XcQ9HTuu-kV1D2Bav4p50S1dHQ0xg9Mcylg9qE9NHSUg10Wb0Df5uYMu9QzAWcxPEN1Qar-U0XtpKWJkdg==	2009-09-20 11:02:32	140.220866870000000	188.793003710000000
gAAAAABnir9mBT51XcQ9HTuu-kV1D2Bav4p50S1dHQ0xg9Mcylg9qE9NHSUg10Wb0Df5uYMu9QzAWcxPEN1Qar-U0XtpKWJkdg==	2009-09-20 12:02:34	141.119063380000000	132.794446870000000
gAAAAABnir9mBT51XcQ9HTuu-kV1D2Bav4p50S1dHQ0xg9Mcylg9qE9NHSUg10Wb0Df5uYMu9QzAWcxPEN1Qar-U0XtpKWJkdg==	2009-09-20 12:02:36	126.146324490000000	152.888172870000000
gAAAAABnir9mBT51XcQ9HTuu-kV1D2Bav4p50S1dHQ0xg9Mcylg9qE9NHSUg10Wb0Df5uYMu9QzAWcxPEN1Qar-U0XtpKWJkdg==	2009-09-20 11:02:38	62.234600920000000	161.970649040000000
gAAAAABnir9mBT51XcQ9HTuu-kV1D2Bav4p50S1dHQ0xg9Mcylg9qE9NHSUg10Wb0Df5uYMu9QzAWcxPEN1Qar-U0XtpKWJkdg==	2009-09-20 11:02:40	100.249920370000000	141.814481480000000
gAAAAABnir9mBT51XcQ9HTuu-kV1D2Bav4p50S1dHQ0xg9Mcylg9qE9NHSUg10Wb0Df5uYMu9QzAWcxPEN1Qar-U0XtpKWJkdg==	2009-09-20 11:02:42	122.216932890000000	185.101642530000000
gAAAAABnir9mBT51XcQ9HTuu-kV1D2Bav4p50S1dHQ0xg9Mcylg9qE9NHSUg10Wb0Df5uYMu9QzAWcxPEN1Qar-U0XtpKWJkdg==	2009-09-20 13:02:44	88.215731030000000	186.886013180000000
gAAAAABnir9mBT51XcQ9HTuu-kV1D2Bav4p50S1dHQ0xg9Mcylg9qE9NHSUg10Wb0Df5uYMu9QzAWcxPEN1Qar-U0XtpKWJkdg==	2009-09-20 12:02:46	115.057960610000000	197.027456130000000
gAAAAABnir9mBT51XcQ9HTuu-kV1D2Bav4p50S1dHQ0xg9Mcylg9qE9NHSUg10Wb0Df5uYMu9QzAWcxPEN1Qar-U0XtpKWJkdg==	2009-09-20 11:02:48	104.186269130000000	158.891863980000000
gAAAAABnir9mBT51XcQ9HTuu-kV1D2Bav4p50S1dHQ0xg9Mcylg9qE9NHSUg10Wb0Df5uYMu9QzAWcxPEN1Qar-U0XtpKWJkdg==	2009-09-20 10:02:50	127.959315060000000	184.783654370000000
gAAAAABnir9mBT51XcQ9HTuu-kV1D2Bav4p50S1dHQ0xg9Mcylg9qE9NHSUg10Wb0Df5uYMu9QzAWcxPEN1Qar-U0XtpKWJkdg==	2009-09-20 13:02:52	135.979739180000000	199.863067190000000
gAAAAABnir9mBT51XcQ9HTuu-kV1D2Bav4p50S1dHQ0xg9Mcylg9qE9NHSUg10Wb0Df5uYMu9QzAWcxPEN1Qar-U0XtpKWJkdg==	2009-09-20 10:02:54	93.035952830000000	134.050260090000000
gAAAAABnir9mBT51XcQ9HTuu-kV1D2Bav4p50S1dHQ0xg9Mcylg9qE9NHSUg10Wb0Df5uYMu9QzAWcxPEN1Qar-U0XtpKWJkdg==	2009-09-20 10:02:56	133.405395650000000	198.096167270000000
gAAAAABnir9mBT51XcQ9HTuu-kV1D2Bav4p50S1dHQ0xg9Mcylg9qE9NHSUg10Wb0Df5uYMu9QzAWcxPEN1Qar-U0XtpKWJkdg==	2009-09-20 11:02:58	127.242573920000000	173.163161230000000
gAAAAABnir9mBT51XcQ9HTuu-kV1D2Bav4p50S1dHQ0xg9Mcylg9qE9NHSUg10Wb0Df5uYMu9QzAWcxPEN1Qar-U0XtpKWJkdg==	2009-09-20 13:03:00	70.912242800000000	202.022726500000000
gAAAAABnir9mBT51XcQ9HTuu-kV1D2Bav4p50S1dHQ0xg9Mcylg9qE9NHSUg10Wb0Df5uYMu9QzAWcxPEN1Qar-U0XtpKWJkdg==	2009-09-20 11:03:02	75.980482130000000	211.062382820000000
gAAAAABnir9mBT51XcQ9HTuu-kV1D2Bav4p50S1dHQ0xg9Mcylg9qE9NHSUg10Wb0Df5uYMu9QzAWcxPEN1Qar-U0XtpKWJkdg==	2009-09-20 10:03:04	86.382535070000000	199.925471390000000
gAAAAABnir9mBT51XcQ9HTuu-kV1D2Bav4p50S1dHQ0xg9Mcylg9qE9NHSUg10Wb0Df5uYMu9QzAWcxPEN1Qar-U0XtpKWJkdg==	2009-09-20 11:03:06	57.012642920000000	187.927054800000000
gAAAAABnir9mBT51XcQ9HTuu-kV1D2Bav4p50S1dHQ0xg9Mcylg9qE9NHSUg10Wb0Df5uYMu9QzAWcxPEN1Qar-U0XtpKWJkdg==	2009-09-20 13:03:08	105.188903400000000	189.250055190000000
gAAAAABnir9mBT51XcQ9HTuu-kV1D2Bav4p50S1dHQ0xg9Mcylg9qE9NHSUg10Wb0Df5uYMu9QzAWcxPEN1Qar-U0XtpKWJkdg==	2009-09-20 10:03:10	69.401470910000000	136.935989630000000
gAAAAABnir9mBT51XcQ9HTuu-kV1D2Bav4p50S1dHQ0xg9Mcylg9qE9NHSUg10Wb0Df5uYMu9QzAWcxPEN1Qar-U0XtpKWJkdg==	2009-09-20 10:03:12	75.146060820000000	141.905687790000000
gAAAAABnir9mBT51XcQ9HTuu-kV1D2Bav4p50S1dHQ0xg9Mcylg9qE9NHSUg10Wb0Df5uYMu9QzAWcxPEN1Qar-U0XtpKWJkdg==	2009-09-20 14:03:14	137.274267340000000	148.252492800000000
gAAAAABnir9mBT51XcQ9HTuu-kV1D2Bav4p50S1dHQ0xg9Mcylg9qE9NHSUg10Wb0Df5uYMu9QzAWcxPEN1Qar-U0XtpKWJkdg==	2009-09-20 10:03:16	71.053444950000000	144.856790050000000
gAAAAABnir9mBT51XcQ9HTuu-kV1D2Bav4p50S1dHQ0xg9Mcylg9qE9NHSUg10Wb0Df5uYMu9QzAWcxPEN1Qar-U0XtpKWJkdg==	2009-09-20 14:03:18	141.081703270000000	189.137757590000000
gAAAAABnir9m7K6iBJqeIrVwpYpZkuhhKl0ak06kRtj1ySZ9pECVvMLHqlwWUunaUWNt1CkFFOtjGzDFFgLK7KQzEFreA8CiFA==	2007-12-11 10:16:37	82.703985580000000	169.864946210000000
gAAAAABnir9m7K6iBJqeIrVwpYpZkuhhKl0ak06kRtj1ySZ9pECVvMLHqlwWUunaUWNt1CkFFOtjGzDFFgLK7KQzEFreA8CiFA==	2007-12-11 07:18:07	132.749132020000000	174.076416970000000
gAAAAABnir9m7K6iBJqeIrVwpYpZkuhhKl0ak06kRtj1ySZ9pECVvMLHqlwWUunaUWNt1CkFFOtjGzDFFgLK7KQzEFreA8CiFA==	2007-12-11 07:18:40	55.574725540000000	217.067531220000000
gAAAAABnir9m7K6iBJqeIrVwpYpZkuhhKl0ak06kRtj1ySZ9pECVvMLHqlwWUunaUWNt1CkFFOtjGzDFFgLK7KQzEFreA8CiFA==	2007-12-11 08:19:06	78.910537450000000	183.124174190000000
gAAAAABnir9m7K6iBJqeIrVwpYpZkuhhKl0ak06kRtj1ySZ9pECVvMLHqlwWUunaUWNt1CkFFOtjGzDFFgLK7KQzEFreA8CiFA==	2007-12-11 11:19:55	88.962656600000000	189.148318300000000
gAAAAABnir9m7K6iBJqeIrVwpYpZkuhhKl0ak06kRtj1ySZ9pECVvMLHqlwWUunaUWNt1CkFFOtjGzDFFgLK7KQzEFreA8CiFA==	2007-12-11 08:21:04	138.856299890000000	185.907730660000000
gAAAAABnir9m7K6iBJqeIrVwpYpZkuhhKl0ak06kRtj1ySZ9pECVvMLHqlwWUunaUWNt1CkFFOtjGzDFFgLK7KQzEFreA8CiFA==	2007-12-11 10:22:52	125.670172840000000	166.216741230000000
gAAAAABnir9m7K6iBJqeIrVwpYpZkuhhKl0ak06kRtj1ySZ9pECVvMLHqlwWUunaUWNt1CkFFOtjGzDFFgLK7KQzEFreA8CiFA==	2007-12-11 07:23:43	137.526419560000000	182.158989050000000
gAAAAABnir9m7K6iBJqeIrVwpYpZkuhhKl0ak06kRtj1ySZ9pECVvMLHqlwWUunaUWNt1CkFFOtjGzDFFgLK7KQzEFreA8CiFA==	2007-12-11 09:24:39	100.780741770000000	146.223431590000000
gAAAAABnir9m7K6iBJqeIrVwpYpZkuhhKl0ak06kRtj1ySZ9pECVvMLHqlwWUunaUWNt1CkFFOtjGzDFFgLK7KQzEFreA8CiFA==	2007-12-11 10:26:08	84.654360750000000	134.064708380000000
gAAAAABnir9m7K6iBJqeIrVwpYpZkuhhKl0ak06kRtj1ySZ9pECVvMLHqlwWUunaUWNt1CkFFOtjGzDFFgLK7KQzEFreA8CiFA==	2007-12-11 07:47:55	83.824579490000000	167.904951970000000
gAAAAABnir9m7K6iBJqeIrVwpYpZkuhhKl0ak06kRtj1ySZ9pECVvMLHqlwWUunaUWNt1CkFFOtjGzDFFgLK7KQzEFreA8CiFA==	2007-12-11 10:48:15	82.688825920000000	145.993714950000000
gAAAAABnir9m7K6iBJqeIrVwpYpZkuhhKl0ak06kRtj1ySZ9pECVvMLHqlwWUunaUWNt1CkFFOtjGzDFFgLK7KQzEFreA8CiFA==	2007-12-11 08:48:27	119.835443890000000	157.282399100000000
gAAAAABnir9m7K6iBJqeIrVwpYpZkuhhKl0ak06kRtj1ySZ9pECVvMLHqlwWUunaUWNt1CkFFOtjGzDFFgLK7KQzEFreA8CiFA==	2007-12-11 07:49:34	133.822221210000000	215.855961920000000
gAAAAABnir9m7K6iBJqeIrVwpYpZkuhhKl0ak06kRtj1ySZ9pECVvMLHqlwWUunaUWNt1CkFFOtjGzDFFgLK7KQzEFreA8CiFA==	2007-12-11 09:53:23	108.832730270000000	135.248101930000000
gAAAAABnir9m7K6iBJqeIrVwpYpZkuhhKl0ak06kRtj1ySZ9pECVvMLHqlwWUunaUWNt1CkFFOtjGzDFFgLK7KQzEFreA8CiFA==	2007-12-11 10:54:51	94.723041820000000	167.964812130000000
gAAAAABnir9m7K6iBJqeIrVwpYpZkuhhKl0ak06kRtj1ySZ9pECVvMLHqlwWUunaUWNt1CkFFOtjGzDFFgLK7KQzEFreA8CiFA==	2007-12-11 10:56:39	82.522162070000000	209.032181670000000
gAAAAABnir9m7K6iBJqeIrVwpYpZkuhhKl0ak06kRtj1ySZ9pECVvMLHqlwWUunaUWNt1CkFFOtjGzDFFgLK7KQzEFreA8CiFA==	2007-12-11 09:57:56	67.836442220000000	144.149622460000000
gAAAAABnir9m7K6iBJqeIrVwpYpZkuhhKl0ak06kRtj1ySZ9pECVvMLHqlwWUunaUWNt1CkFFOtjGzDFFgLK7KQzEFreA8CiFA==	2007-12-11 10:58:29	77.971857390000000	205.858948000000000
gAAAAABnir9m7K6iBJqeIrVwpYpZkuhhKl0ak06kRtj1ySZ9pECVvMLHqlwWUunaUWNt1CkFFOtjGzDFFgLK7KQzEFreA8CiFA==	2007-12-11 10:59:47	92.887704150000000	160.854413010000000
gAAAAABnir9m7K6iBJqeIrVwpYpZkuhhKl0ak06kRtj1ySZ9pECVvMLHqlwWUunaUWNt1CkFFOtjGzDFFgLK7KQzEFreA8CiFA==	2007-12-11 12:00:50	98.740831080000000	135.980365380000000
gAAAAABnir9m7K6iBJqeIrVwpYpZkuhhKl0ak06kRtj1ySZ9pECVvMLHqlwWUunaUWNt1CkFFOtjGzDFFgLK7KQzEFreA8CiFA==	2007-12-11 11:49:32	139.675429120000000	139.112195730000000
gAAAAABnir9m7K6iBJqeIrVwpYpZkuhhKl0ak06kRtj1ySZ9pECVvMLHqlwWUunaUWNt1CkFFOtjGzDFFgLK7KQzEFreA8CiFA==	2007-12-11 10:51:36	137.530524100000000	180.058281410000000
gAAAAABnir9m7K6iBJqeIrVwpYpZkuhhKl0ak06kRtj1ySZ9pECVvMLHqlwWUunaUWNt1CkFFOtjGzDFFgLK7KQzEFreA8CiFA==	2007-12-11 15:19:34	98.659752190000000	181.957427520000000
gAAAAABnir9m7K6iBJqeIrVwpYpZkuhhKl0ak06kRtj1ySZ9pECVvMLHqlwWUunaUWNt1CkFFOtjGzDFFgLK7KQzEFreA8CiFA==	2007-12-11 14:19:39	123.440112310000000	204.186673810000000
gAAAAABnir9m7K6iBJqeIrVwpYpZkuhhKl0ak06kRtj1ySZ9pECVvMLHqlwWUunaUWNt1CkFFOtjGzDFFgLK7KQzEFreA8CiFA==	2007-12-11 13:20:03	52.600121110000000	149.946120970000000
gAAAAABnir9m7K6iBJqeIrVwpYpZkuhhKl0ak06kRtj1ySZ9pECVvMLHqlwWUunaUWNt1CkFFOtjGzDFFgLK7KQzEFreA8CiFA==	2007-12-11 12:22:31	90.660140830000000	132.288854270000000
gAAAAABnir9m7K6iBJqeIrVwpYpZkuhhKl0ak06kRtj1ySZ9pECVvMLHqlwWUunaUWNt1CkFFOtjGzDFFgLK7KQzEFreA8CiFA==	2007-12-11 14:24:08	113.794731100000000	177.065872940000000
gAAAAABnir9m7K6iBJqeIrVwpYpZkuhhKl0ak06kRtj1ySZ9pECVvMLHqlwWUunaUWNt1CkFFOtjGzDFFgLK7KQzEFreA8CiFA==	2007-12-11 15:25:34	107.872810270000000	149.891367460000000
gAAAAABnir9m7K6iBJqeIrVwpYpZkuhhKl0ak06kRtj1ySZ9pECVvMLHqlwWUunaUWNt1CkFFOtjGzDFFgLK7KQzEFreA8CiFA==	2007-12-11 12:26:07	101.833187770000000	159.862039070000000
gAAAAABnir9m7K6iBJqeIrVwpYpZkuhhKl0ak06kRtj1ySZ9pECVvMLHqlwWUunaUWNt1CkFFOtjGzDFFgLK7KQzEFreA8CiFA==	2007-12-11 15:26:29	100.896128890000000	209.317989710000000
gAAAAABnir9m7K6iBJqeIrVwpYpZkuhhKl0ak06kRtj1ySZ9pECVvMLHqlwWUunaUWNt1CkFFOtjGzDFFgLK7KQzEFreA8CiFA==	2007-12-11 14:44:22	69.669974180000000	175.192685100000000
gAAAAABnir9m7K6iBJqeIrVwpYpZkuhhKl0ak06kRtj1ySZ9pECVvMLHqlwWUunaUWNt1CkFFOtjGzDFFgLK7KQzEFreA8CiFA==	2007-12-11 14:45:23	55.629479300000000	151.007539170000000
gAAAAABnir9m7K6iBJqeIrVwpYpZkuhhKl0ak06kRtj1ySZ9pECVvMLHqlwWUunaUWNt1CkFFOtjGzDFFgLK7KQzEFreA8CiFA==	2007-12-11 12:50:00	105.728182600000000	182.911203990000000
gAAAAABnir9m7K6iBJqeIrVwpYpZkuhhKl0ak06kRtj1ySZ9pECVvMLHqlwWUunaUWNt1CkFFOtjGzDFFgLK7KQzEFreA8CiFA==	2007-12-11 15:51:24	115.936983540000000	215.303138190000000
gAAAAABnir9m7K6iBJqeIrVwpYpZkuhhKl0ak06kRtj1ySZ9pECVvMLHqlwWUunaUWNt1CkFFOtjGzDFFgLK7KQzEFreA8CiFA==	2007-12-11 13:52:15	131.629362850000000	175.153375010000000
gAAAAABnir9m7K6iBJqeIrVwpYpZkuhhKl0ak06kRtj1ySZ9pECVvMLHqlwWUunaUWNt1CkFFOtjGzDFFgLK7KQzEFreA8CiFA==	2007-12-11 12:52:39	98.877702850000000	180.977236570000000
gAAAAABnir9m7K6iBJqeIrVwpYpZkuhhKl0ak06kRtj1ySZ9pECVvMLHqlwWUunaUWNt1CkFFOtjGzDFFgLK7KQzEFreA8CiFA==	2007-12-11 14:55:05	70.840298600000000	148.845852390000000
gAAAAABnir9m7K6iBJqeIrVwpYpZkuhhKl0ak06kRtj1ySZ9pECVvMLHqlwWUunaUWNt1CkFFOtjGzDFFgLK7KQzEFreA8CiFA==	2007-12-11 16:04:49	75.499829660000000	189.291751120000000
gAAAAABnir9m7K6iBJqeIrVwpYpZkuhhKl0ak06kRtj1ySZ9pECVvMLHqlwWUunaUWNt1CkFFOtjGzDFFgLK7KQzEFreA8CiFA==	2007-12-11 14:05:28	136.831625030000000	179.302040530000000
gAAAAABnir9m7K6iBJqeIrVwpYpZkuhhKl0ak06kRtj1ySZ9pECVvMLHqlwWUunaUWNt1CkFFOtjGzDFFgLK7KQzEFreA8CiFA==	2007-12-11 15:05:46	100.935242030000000	196.225587580000000
gAAAAABnir9m7K6iBJqeIrVwpYpZkuhhKl0ak06kRtj1ySZ9pECVvMLHqlwWUunaUWNt1CkFFOtjGzDFFgLK7KQzEFreA8CiFA==	2007-12-11 12:06:13	62.915801270000000	180.995982300000000
gAAAAABnir9m7K6iBJqeIrVwpYpZkuhhKl0ak06kRtj1ySZ9pECVvMLHqlwWUunaUWNt1CkFFOtjGzDFFgLK7KQzEFreA8CiFA==	2007-12-11 12:07:25	123.964591790000000	212.300975780000000
gAAAAABnir9m7K6iBJqeIrVwpYpZkuhhKl0ak06kRtj1ySZ9pECVvMLHqlwWUunaUWNt1CkFFOtjGzDFFgLK7KQzEFreA8CiFA==	2007-12-11 12:45:19	120.966183030000000	174.184372710000000
gAAAAABnir9m7K6iBJqeIrVwpYpZkuhhKl0ak06kRtj1ySZ9pECVvMLHqlwWUunaUWNt1CkFFOtjGzDFFgLK7KQzEFreA8CiFA==	2007-12-11 13:45:39	137.772725350000000	168.904480310000000
gAAAAABnir9m7K6iBJqeIrVwpYpZkuhhKl0ak06kRtj1ySZ9pECVvMLHqlwWUunaUWNt1CkFFOtjGzDFFgLK7KQzEFreA8CiFA==	2007-12-11 12:46:33	56.827006550000000	172.251512230000000
gAAAAABnir9m7K6iBJqeIrVwpYpZkuhhKl0ak06kRtj1ySZ9pECVvMLHqlwWUunaUWNt1CkFFOtjGzDFFgLK7KQzEFreA8CiFA==	2007-12-11 14:47:11	137.711725370000000	149.924856310000000
gAAAAABnir9m7K6iBJqeIrVwpYpZkuhhKl0ak06kRtj1ySZ9pECVvMLHqlwWUunaUWNt1CkFFOtjGzDFFgLK7KQzEFreA8CiFA==	2007-12-11 12:49:54	95.683441110000000	205.093225300000000
gAAAAABnir9m7K6iBJqeIrVwpYpZkuhhKl0ak06kRtj1ySZ9pECVvMLHqlwWUunaUWNt1CkFFOtjGzDFFgLK7KQzEFreA8CiFA==	2007-12-11 14:51:26	76.750987490000000	191.238135830000000
gAAAAABnir9m7K6iBJqeIrVwpYpZkuhhKl0ak06kRtj1ySZ9pECVvMLHqlwWUunaUWNt1CkFFOtjGzDFFgLK7KQzEFreA8CiFA==	2007-12-11 13:52:26	87.593713930000000	213.993305370000000
gAAAAABnir9m7K6iBJqeIrVwpYpZkuhhKl0ak06kRtj1ySZ9pECVvMLHqlwWUunaUWNt1CkFFOtjGzDFFgLK7KQzEFreA8CiFA==	2007-12-11 14:53:12	103.723884520000000	175.171980790000000
gAAAAABnir9m7K6iBJqeIrVwpYpZkuhhKl0ak06kRtj1ySZ9pECVvMLHqlwWUunaUWNt1CkFFOtjGzDFFgLK7KQzEFreA8CiFA==	2007-12-11 14:54:33	83.802983890000000	177.300904260000000
gAAAAABnir9m7K6iBJqeIrVwpYpZkuhhKl0ak06kRtj1ySZ9pECVvMLHqlwWUunaUWNt1CkFFOtjGzDFFgLK7KQzEFreA8CiFA==	2007-12-11 13:55:42	110.902691890000000	133.985866370000000
gAAAAABnir9m7K6iBJqeIrVwpYpZkuhhKl0ak06kRtj1ySZ9pECVvMLHqlwWUunaUWNt1CkFFOtjGzDFFgLK7KQzEFreA8CiFA==	2007-12-11 12:56:22	75.779961940000000	175.919735740000000
gAAAAABnir9m7K6iBJqeIrVwpYpZkuhhKl0ak06kRtj1ySZ9pECVvMLHqlwWUunaUWNt1CkFFOtjGzDFFgLK7KQzEFreA8CiFA==	2007-12-11 12:57:22	111.704105220000000	175.943230860000000
gAAAAABnir9m7K6iBJqeIrVwpYpZkuhhKl0ak06kRtj1ySZ9pECVvMLHqlwWUunaUWNt1CkFFOtjGzDFFgLK7KQzEFreA8CiFA==	2007-12-11 16:57:59	140.534332950000000	137.984645990000000
gAAAAABnir9m7K6iBJqeIrVwpYpZkuhhKl0ak06kRtj1ySZ9pECVvMLHqlwWUunaUWNt1CkFFOtjGzDFFgLK7KQzEFreA8CiFA==	2007-12-11 14:04:51	54.908734650000000	135.229011040000000
gAAAAABnir9m7K6iBJqeIrVwpYpZkuhhKl0ak06kRtj1ySZ9pECVvMLHqlwWUunaUWNt1CkFFOtjGzDFFgLK7KQzEFreA8CiFA==	2007-12-11 16:07:38	92.832469980000000	182.838801580000000
gAAAAABnir9m7K6iBJqeIrVwpYpZkuhhKl0ak06kRtj1ySZ9pECVvMLHqlwWUunaUWNt1CkFFOtjGzDFFgLK7KQzEFreA8CiFA==	2007-12-11 15:08:14	129.864752030000000	207.928994830000000
gAAAAABnir9m7K6iBJqeIrVwpYpZkuhhKl0ak06kRtj1ySZ9pECVvMLHqlwWUunaUWNt1CkFFOtjGzDFFgLK7KQzEFreA8CiFA==	2007-12-11 16:08:41	88.766866550000000	163.941886750000000
gAAAAABnir9m7K6iBJqeIrVwpYpZkuhhKl0ak06kRtj1ySZ9pECVvMLHqlwWUunaUWNt1CkFFOtjGzDFFgLK7KQzEFreA8CiFA==	2007-12-11 13:09:17	104.804718930000000	134.925550600000000
gAAAAABnir9m7K6iBJqeIrVwpYpZkuhhKl0ak06kRtj1ySZ9pECVvMLHqlwWUunaUWNt1CkFFOtjGzDFFgLK7KQzEFreA8CiFA==	2007-12-11 14:09:56	59.745521770000000	167.286862510000000
gAAAAABnir9m7K6iBJqeIrVwpYpZkuhhKl0ak06kRtj1ySZ9pECVvMLHqlwWUunaUWNt1CkFFOtjGzDFFgLK7KQzEFreA8CiFA==	2007-12-11 15:10:34	125.854632060000000	161.047386980000000
gAAAAABnir9m7K6iBJqeIrVwpYpZkuhhKl0ak06kRtj1ySZ9pECVvMLHqlwWUunaUWNt1CkFFOtjGzDFFgLK7KQzEFreA8CiFA==	2007-12-11 14:11:28	104.504409120000000	198.819350830000000
gAAAAABnir9m7K6iBJqeIrVwpYpZkuhhKl0ak06kRtj1ySZ9pECVvMLHqlwWUunaUWNt1CkFFOtjGzDFFgLK7KQzEFreA8CiFA==	2007-12-11 15:12:12	90.973761010000000	163.097005890000000
gAAAAABnir9m7K6iBJqeIrVwpYpZkuhhKl0ak06kRtj1ySZ9pECVvMLHqlwWUunaUWNt1CkFFOtjGzDFFgLK7KQzEFreA8CiFA==	2007-12-11 14:13:34	121.558285500000000	175.257289810000000
gAAAAABnir9m7K6iBJqeIrVwpYpZkuhhKl0ak06kRtj1ySZ9pECVvMLHqlwWUunaUWNt1CkFFOtjGzDFFgLK7KQzEFreA8CiFA==	2007-12-11 13:14:15	123.724382770000000	212.297479140000000
gAAAAABnir9m7K6iBJqeIrVwpYpZkuhhKl0ak06kRtj1ySZ9pECVvMLHqlwWUunaUWNt1CkFFOtjGzDFFgLK7KQzEFreA8CiFA==	2007-12-11 16:14:36	115.769847350000000	217.278551370000000
gAAAAABnir9m7K6iBJqeIrVwpYpZkuhhKl0ak06kRtj1ySZ9pECVvMLHqlwWUunaUWNt1CkFFOtjGzDFFgLK7KQzEFreA8CiFA==	2007-12-11 17:15:10	57.795878330000000	191.205825430000000
gAAAAABnir9m7K6iBJqeIrVwpYpZkuhhKl0ak06kRtj1ySZ9pECVvMLHqlwWUunaUWNt1CkFFOtjGzDFFgLK7KQzEFreA8CiFA==	2007-12-11 15:15:29	101.952784840000000	156.959442820000000
gAAAAABnir9m7K6iBJqeIrVwpYpZkuhhKl0ak06kRtj1ySZ9pECVvMLHqlwWUunaUWNt1CkFFOtjGzDFFgLK7KQzEFreA8CiFA==	2007-12-11 17:16:00	59.762752240000000	189.142418870000000
gAAAAABnir9m7K6iBJqeIrVwpYpZkuhhKl0ak06kRtj1ySZ9pECVvMLHqlwWUunaUWNt1CkFFOtjGzDFFgLK7KQzEFreA8CiFA==	2007-12-11 17:16:28	58.895990240000000	150.914928400000000
gAAAAABnir9m7K6iBJqeIrVwpYpZkuhhKl0ak06kRtj1ySZ9pECVvMLHqlwWUunaUWNt1CkFFOtjGzDFFgLK7KQzEFreA8CiFA==	2007-12-11 14:16:52	70.687338850000000	194.873804320000000
gAAAAABnir9m7K6iBJqeIrVwpYpZkuhhKl0ak06kRtj1ySZ9pECVvMLHqlwWUunaUWNt1CkFFOtjGzDFFgLK7KQzEFreA8CiFA==	2007-12-11 13:17:28	138.569817030000000	199.994092310000000
gAAAAABnir9m7K6iBJqeIrVwpYpZkuhhKl0ak06kRtj1ySZ9pECVvMLHqlwWUunaUWNt1CkFFOtjGzDFFgLK7KQzEFreA8CiFA==	2007-12-11 17:18:32	103.607502890000000	175.937037030000000
gAAAAABnir9m7K6iBJqeIrVwpYpZkuhhKl0ak06kRtj1ySZ9pECVvMLHqlwWUunaUWNt1CkFFOtjGzDFFgLK7KQzEFreA8CiFA==	2007-12-11 15:18:54	107.485512090000000	150.889290420000000
gAAAAABnir9m7K6iBJqeIrVwpYpZkuhhKl0ak06kRtj1ySZ9pECVvMLHqlwWUunaUWNt1CkFFOtjGzDFFgLK7KQzEFreA8CiFA==	2007-12-11 15:19:35	126.927535480000000	162.258850060000000
gAAAAABnir9m7K6iBJqeIrVwpYpZkuhhKl0ak06kRtj1ySZ9pECVvMLHqlwWUunaUWNt1CkFFOtjGzDFFgLK7KQzEFreA8CiFA==	2007-12-11 16:21:35	138.759434050000000	158.992503700000000
gAAAAABnir9m7K6iBJqeIrVwpYpZkuhhKl0ak06kRtj1ySZ9pECVvMLHqlwWUunaUWNt1CkFFOtjGzDFFgLK7KQzEFreA8CiFA==	2007-12-11 17:22:12	91.879722970000000	162.137345970000000
gAAAAABnir9m7K6iBJqeIrVwpYpZkuhhKl0ak06kRtj1ySZ9pECVvMLHqlwWUunaUWNt1CkFFOtjGzDFFgLK7KQzEFreA8CiFA==	2007-12-11 16:23:35	80.841289290000000	132.264085350000000
gAAAAABnir9m7K6iBJqeIrVwpYpZkuhhKl0ak06kRtj1ySZ9pECVvMLHqlwWUunaUWNt1CkFFOtjGzDFFgLK7KQzEFreA8CiFA==	2007-12-11 17:23:58	99.595606520000000	185.019864670000000
gAAAAABnir9m7K6iBJqeIrVwpYpZkuhhKl0ak06kRtj1ySZ9pECVvMLHqlwWUunaUWNt1CkFFOtjGzDFFgLK7KQzEFreA8CiFA==	2007-12-11 17:24:35	79.886020330000000	139.268318820000000
gAAAAABnir9m7K6iBJqeIrVwpYpZkuhhKl0ak06kRtj1ySZ9pECVvMLHqlwWUunaUWNt1CkFFOtjGzDFFgLK7KQzEFreA8CiFA==	2007-12-11 13:25:00	121.921672280000000	132.864078330000000
gAAAAABnir9m7K6iBJqeIrVwpYpZkuhhKl0ak06kRtj1ySZ9pECVvMLHqlwWUunaUWNt1CkFFOtjGzDFFgLK7KQzEFreA8CiFA==	2007-12-11 13:25:38	102.529174930000000	140.019209470000000
gAAAAABnir9m7K6iBJqeIrVwpYpZkuhhKl0ak06kRtj1ySZ9pECVvMLHqlwWUunaUWNt1CkFFOtjGzDFFgLK7KQzEFreA8CiFA==	2007-12-11 14:28:18	126.642107470000000	208.833064680000000
gAAAAABnir9m7K6iBJqeIrVwpYpZkuhhKl0ak06kRtj1ySZ9pECVvMLHqlwWUunaUWNt1CkFFOtjGzDFFgLK7KQzEFreA8CiFA==	2007-12-11 16:51:20	131.951824170000000	209.817715430000000
gAAAAABnir9m7K6iBJqeIrVwpYpZkuhhKl0ak06kRtj1ySZ9pECVvMLHqlwWUunaUWNt1CkFFOtjGzDFFgLK7KQzEFreA8CiFA==	2007-12-11 16:32:28	86.775342570000000	178.237812690000000
gAAAAABnir9m7K6iBJqeIrVwpYpZkuhhKl0ak06kRtj1ySZ9pECVvMLHqlwWUunaUWNt1CkFFOtjGzDFFgLK7KQzEFreA8CiFA==	2007-12-11 17:01:39	58.709353150000000	164.984963780000000
gAAAAABnir9m7K6iBJqeIrVwpYpZkuhhKl0ak06kRtj1ySZ9pECVvMLHqlwWUunaUWNt1CkFFOtjGzDFFgLK7KQzEFreA8CiFA==	2007-12-11 18:47:12	127.488634000000000	209.072179800000000
gAAAAABnir9m7K6iBJqeIrVwpYpZkuhhKl0ak06kRtj1ySZ9pECVvMLHqlwWUunaUWNt1CkFFOtjGzDFFgLK7KQzEFreA8CiFA==	2007-12-11 20:47:54	69.675898920000000	187.828870900000000
gAAAAABnir9m7K6iBJqeIrVwpYpZkuhhKl0ak06kRtj1ySZ9pECVvMLHqlwWUunaUWNt1CkFFOtjGzDFFgLK7KQzEFreA8CiFA==	2007-12-11 20:48:32	112.661716350000000	163.167112090000000
gAAAAABnir9m7K6iBJqeIrVwpYpZkuhhKl0ak06kRtj1ySZ9pECVvMLHqlwWUunaUWNt1CkFFOtjGzDFFgLK7KQzEFreA8CiFA==	2007-12-11 18:48:57	63.849490040000000	213.115763050000000
gAAAAABnir9m7K6iBJqeIrVwpYpZkuhhKl0ak06kRtj1ySZ9pECVvMLHqlwWUunaUWNt1CkFFOtjGzDFFgLK7KQzEFreA8CiFA==	2007-12-11 16:49:31	95.927353430000000	139.940072250000000
gAAAAABnir9m7K6iBJqeIrVwpYpZkuhhKl0ak06kRtj1ySZ9pECVvMLHqlwWUunaUWNt1CkFFOtjGzDFFgLK7KQzEFreA8CiFA==	2007-12-11 17:50:12	106.538683870000000	175.264838330000000
gAAAAABnir9m7K6iBJqeIrVwpYpZkuhhKl0ak06kRtj1ySZ9pECVvMLHqlwWUunaUWNt1CkFFOtjGzDFFgLK7KQzEFreA8CiFA==	2007-12-11 18:50:39	118.686431220000000	133.193451060000000
gAAAAABnir9m7K6iBJqeIrVwpYpZkuhhKl0ak06kRtj1ySZ9pECVvMLHqlwWUunaUWNt1CkFFOtjGzDFFgLK7KQzEFreA8CiFA==	2007-12-11 20:51:43	88.561772720000000	200.063359530000000
gAAAAABnir9m7K6iBJqeIrVwpYpZkuhhKl0ak06kRtj1ySZ9pECVvMLHqlwWUunaUWNt1CkFFOtjGzDFFgLK7KQzEFreA8CiFA==	2007-12-11 18:52:16	114.759065680000000	147.108583810000000
gAAAAABnir9m7K6iBJqeIrVwpYpZkuhhKl0ak06kRtj1ySZ9pECVvMLHqlwWUunaUWNt1CkFFOtjGzDFFgLK7KQzEFreA8CiFA==	2007-12-11 20:52:51	118.589831790000000	207.108428400000000
gAAAAABnir9m7K6iBJqeIrVwpYpZkuhhKl0ak06kRtj1ySZ9pECVvMLHqlwWUunaUWNt1CkFFOtjGzDFFgLK7KQzEFreA8CiFA==	2007-12-11 17:53:26	64.801604300000000	179.991389950000000
gAAAAABnir9m7K6iBJqeIrVwpYpZkuhhKl0ak06kRtj1ySZ9pECVvMLHqlwWUunaUWNt1CkFFOtjGzDFFgLK7KQzEFreA8CiFA==	2007-12-11 19:54:17	135.745263100000000	160.885704470000000
gAAAAABnir9mJ-aSsYw9b_iro3ENi4XGigIKSVl90cnnrubd1RBUmCjiGKLanIM9QGBx1IZXRgqN0qCavj7OIEMsCBWpfObt7w==	2023-12-11 07:16:37	119.678135800000000	77.150174290000000
gAAAAABnir9mJ-aSsYw9b_iro3ENi4XGigIKSVl90cnnrubd1RBUmCjiGKLanIM9QGBx1IZXRgqN0qCavj7OIEMsCBWpfObt7w==	2023-12-11 10:18:07	116.454910230000000	86.847857710000000
gAAAAABnir9mJ-aSsYw9b_iro3ENi4XGigIKSVl90cnnrubd1RBUmCjiGKLanIM9QGBx1IZXRgqN0qCavj7OIEMsCBWpfObt7w==	2023-12-11 10:19:37	113.395846560000000	24.256251710000000
gAAAAABnir9mJ-aSsYw9b_iro3ENi4XGigIKSVl90cnnrubd1RBUmCjiGKLanIM9QGBx1IZXRgqN0qCavj7OIEMsCBWpfObt7w==	2023-12-11 11:21:07	130.710499890000000	84.888033160000000
gAAAAABnir9mJ-aSsYw9b_iro3ENi4XGigIKSVl90cnnrubd1RBUmCjiGKLanIM9QGBx1IZXRgqN0qCavj7OIEMsCBWpfObt7w==	2023-12-11 11:22:37	114.486462500000000	95.288474820000000
gAAAAABnir9mJ-aSsYw9b_iro3ENi4XGigIKSVl90cnnrubd1RBUmCjiGKLanIM9QGBx1IZXRgqN0qCavj7OIEMsCBWpfObt7w==	2023-12-11 08:24:07	138.518943300000000	30.191369560000000
gAAAAABnir9mJ-aSsYw9b_iro3ENi4XGigIKSVl90cnnrubd1RBUmCjiGKLanIM9QGBx1IZXRgqN0qCavj7OIEMsCBWpfObt7w==	2023-12-11 08:25:37	63.657244520000000	49.014336790000000
gAAAAABnir9mJ-aSsYw9b_iro3ENi4XGigIKSVl90cnnrubd1RBUmCjiGKLanIM9QGBx1IZXRgqN0qCavj7OIEMsCBWpfObt7w==	2023-12-11 07:27:07	74.693164740000000	31.896865520000000
gAAAAABnir9mJ-aSsYw9b_iro3ENi4XGigIKSVl90cnnrubd1RBUmCjiGKLanIM9QGBx1IZXRgqN0qCavj7OIEMsCBWpfObt7w==	2023-12-11 09:28:37	69.512309020000000	25.842131000000000
gAAAAABnir9mJ-aSsYw9b_iro3ENi4XGigIKSVl90cnnrubd1RBUmCjiGKLanIM9QGBx1IZXRgqN0qCavj7OIEMsCBWpfObt7w==	2023-12-11 10:30:07	93.808486470000000	33.030389930000000
gAAAAABnir9mJ-aSsYw9b_iro3ENi4XGigIKSVl90cnnrubd1RBUmCjiGKLanIM9QGBx1IZXRgqN0qCavj7OIEMsCBWpfObt7w==	2023-12-11 11:31:37	85.409012190000000	31.127272780000000
gAAAAABnir9mJ-aSsYw9b_iro3ENi4XGigIKSVl90cnnrubd1RBUmCjiGKLanIM9QGBx1IZXRgqN0qCavj7OIEMsCBWpfObt7w==	2023-12-11 09:33:07	86.443849480000000	49.990673060000000
gAAAAABnir9mJ-aSsYw9b_iro3ENi4XGigIKSVl90cnnrubd1RBUmCjiGKLanIM9QGBx1IZXRgqN0qCavj7OIEMsCBWpfObt7w==	2023-12-11 07:34:37	101.475274810000000	34.217134180000000
gAAAAABnir9mJ-aSsYw9b_iro3ENi4XGigIKSVl90cnnrubd1RBUmCjiGKLanIM9QGBx1IZXRgqN0qCavj7OIEMsCBWpfObt7w==	2023-12-11 11:36:07	131.565509660000000	24.058533270000000
gAAAAABnir9mJ-aSsYw9b_iro3ENi4XGigIKSVl90cnnrubd1RBUmCjiGKLanIM9QGBx1IZXRgqN0qCavj7OIEMsCBWpfObt7w==	2023-12-11 10:37:37	73.412622720000000	31.048169790000000
gAAAAABnir9mJ-aSsYw9b_iro3ENi4XGigIKSVl90cnnrubd1RBUmCjiGKLanIM9QGBx1IZXRgqN0qCavj7OIEMsCBWpfObt7w==	2023-12-11 09:39:07	70.716969890000000	91.956397770000000
gAAAAABnir9mJ-aSsYw9b_iro3ENi4XGigIKSVl90cnnrubd1RBUmCjiGKLanIM9QGBx1IZXRgqN0qCavj7OIEMsCBWpfObt7w==	2023-12-11 07:40:37	134.630423520000000	77.897115780000000
gAAAAABnir9mJ-aSsYw9b_iro3ENi4XGigIKSVl90cnnrubd1RBUmCjiGKLanIM9QGBx1IZXRgqN0qCavj7OIEMsCBWpfObt7w==	2023-12-11 08:42:07	113.519734600000000	77.993208390000000
gAAAAABnir9mJ-aSsYw9b_iro3ENi4XGigIKSVl90cnnrubd1RBUmCjiGKLanIM9QGBx1IZXRgqN0qCavj7OIEMsCBWpfObt7w==	2023-12-11 08:43:37	149.564738060000000	71.839567760000000
gAAAAABnir9mJ-aSsYw9b_iro3ENi4XGigIKSVl90cnnrubd1RBUmCjiGKLanIM9QGBx1IZXRgqN0qCavj7OIEMsCBWpfObt7w==	2023-12-11 07:45:07	110.656875160000000	96.117961540000000
gAAAAABnir9mJ-aSsYw9b_iro3ENi4XGigIKSVl90cnnrubd1RBUmCjiGKLanIM9QGBx1IZXRgqN0qCavj7OIEMsCBWpfObt7w==	2023-12-11 08:46:37	78.418212210000000	59.176964970000000
gAAAAABnir9mJ-aSsYw9b_iro3ENi4XGigIKSVl90cnnrubd1RBUmCjiGKLanIM9QGBx1IZXRgqN0qCavj7OIEMsCBWpfObt7w==	2023-12-11 08:48:07	84.575076570000000	42.115212040000000
gAAAAABnir9mJ-aSsYw9b_iro3ENi4XGigIKSVl90cnnrubd1RBUmCjiGKLanIM9QGBx1IZXRgqN0qCavj7OIEMsCBWpfObt7w==	2023-12-11 07:49:37	68.623288100000000	25.869140520000000
gAAAAABnir9mJ-aSsYw9b_iro3ENi4XGigIKSVl90cnnrubd1RBUmCjiGKLanIM9QGBx1IZXRgqN0qCavj7OIEMsCBWpfObt7w==	2023-12-11 07:51:07	78.640282530000000	42.190068280000000
gAAAAABnir9mJ-aSsYw9b_iro3ENi4XGigIKSVl90cnnrubd1RBUmCjiGKLanIM9QGBx1IZXRgqN0qCavj7OIEMsCBWpfObt7w==	2023-12-11 08:52:37	86.602335900000000	45.814047870000000
gAAAAABnir9mJ-aSsYw9b_iro3ENi4XGigIKSVl90cnnrubd1RBUmCjiGKLanIM9QGBx1IZXRgqN0qCavj7OIEMsCBWpfObt7w==	2023-12-11 09:54:07	134.490036180000000	23.221653610000000
gAAAAABnir9mJ-aSsYw9b_iro3ENi4XGigIKSVl90cnnrubd1RBUmCjiGKLanIM9QGBx1IZXRgqN0qCavj7OIEMsCBWpfObt7w==	2023-12-11 11:55:37	143.710089290000000	33.052037620000000
gAAAAABnir9mJ-aSsYw9b_iro3ENi4XGigIKSVl90cnnrubd1RBUmCjiGKLanIM9QGBx1IZXRgqN0qCavj7OIEMsCBWpfObt7w==	2023-12-11 07:57:07	143.716041460000000	46.067725070000000
gAAAAABnir9mJ-aSsYw9b_iro3ENi4XGigIKSVl90cnnrubd1RBUmCjiGKLanIM9QGBx1IZXRgqN0qCavj7OIEMsCBWpfObt7w==	2023-12-11 08:58:37	66.741108290000000	88.103098510000000
gAAAAABnir9mJ-aSsYw9b_iro3ENi4XGigIKSVl90cnnrubd1RBUmCjiGKLanIM9QGBx1IZXRgqN0qCavj7OIEMsCBWpfObt7w==	2023-12-11 11:00:07	142.359031510000000	74.281087950000000
gAAAAABnir9mJ-aSsYw9b_iro3ENi4XGigIKSVl90cnnrubd1RBUmCjiGKLanIM9QGBx1IZXRgqN0qCavj7OIEMsCBWpfObt7w==	2023-12-11 10:01:37	144.594475930000000	94.155026630000000
gAAAAABnir9mJ-aSsYw9b_iro3ENi4XGigIKSVl90cnnrubd1RBUmCjiGKLanIM9QGBx1IZXRgqN0qCavj7OIEMsCBWpfObt7w==	2023-12-11 12:03:07	148.642762350000000	99.851052290000000
gAAAAABnir9mJ-aSsYw9b_iro3ENi4XGigIKSVl90cnnrubd1RBUmCjiGKLanIM9QGBx1IZXRgqN0qCavj7OIEMsCBWpfObt7w==	2023-12-11 10:04:37	97.512021040000000	48.812306380000000
gAAAAABnir9mJ-aSsYw9b_iro3ENi4XGigIKSVl90cnnrubd1RBUmCjiGKLanIM9QGBx1IZXRgqN0qCavj7OIEMsCBWpfObt7w==	2023-12-11 08:06:07	81.487678510000000	71.125627740000000
gAAAAABnir9mJ-aSsYw9b_iro3ENi4XGigIKSVl90cnnrubd1RBUmCjiGKLanIM9QGBx1IZXRgqN0qCavj7OIEMsCBWpfObt7w==	2023-12-11 09:07:37	108.635805580000000	29.004684690000000
gAAAAABnir9mJ-aSsYw9b_iro3ENi4XGigIKSVl90cnnrubd1RBUmCjiGKLanIM9QGBx1IZXRgqN0qCavj7OIEMsCBWpfObt7w==	2023-12-11 11:09:07	127.512943790000000	102.864448110000000
gAAAAABnir9mJ-aSsYw9b_iro3ENi4XGigIKSVl90cnnrubd1RBUmCjiGKLanIM9QGBx1IZXRgqN0qCavj7OIEMsCBWpfObt7w==	2023-12-11 09:10:37	115.505443820000000	101.156325580000000
gAAAAABnir9mJ-aSsYw9b_iro3ENi4XGigIKSVl90cnnrubd1RBUmCjiGKLanIM9QGBx1IZXRgqN0qCavj7OIEMsCBWpfObt7w==	2023-12-11 12:12:07	126.777570500000000	76.882547440000000
gAAAAABnir9mJ-aSsYw9b_iro3ENi4XGigIKSVl90cnnrubd1RBUmCjiGKLanIM9QGBx1IZXRgqN0qCavj7OIEMsCBWpfObt7w==	2023-12-11 08:13:37	93.561648780000000	24.840218910000000
gAAAAABnir9mJ-aSsYw9b_iro3ENi4XGigIKSVl90cnnrubd1RBUmCjiGKLanIM9QGBx1IZXRgqN0qCavj7OIEMsCBWpfObt7w==	2023-12-11 12:15:07	93.489262250000000	66.138994750000000
gAAAAABnir9mJ-aSsYw9b_iro3ENi4XGigIKSVl90cnnrubd1RBUmCjiGKLanIM9QGBx1IZXRgqN0qCavj7OIEMsCBWpfObt7w==	2023-12-11 11:16:37	73.827489720000000	68.992935560000000
gAAAAABnir9mJ-aSsYw9b_iro3ENi4XGigIKSVl90cnnrubd1RBUmCjiGKLanIM9QGBx1IZXRgqN0qCavj7OIEMsCBWpfObt7w==	2023-12-11 10:18:07	108.716592380000000	66.336731940000000
gAAAAABnir9mJ-aSsYw9b_iro3ENi4XGigIKSVl90cnnrubd1RBUmCjiGKLanIM9QGBx1IZXRgqN0qCavj7OIEMsCBWpfObt7w==	2023-12-11 12:19:37	123.655957200000000	54.813730540000000
gAAAAABnir9mJ-aSsYw9b_iro3ENi4XGigIKSVl90cnnrubd1RBUmCjiGKLanIM9QGBx1IZXRgqN0qCavj7OIEMsCBWpfObt7w==	2023-12-11 12:21:07	80.748025460000000	18.074356250000000
gAAAAABnir9mJ-aSsYw9b_iro3ENi4XGigIKSVl90cnnrubd1RBUmCjiGKLanIM9QGBx1IZXRgqN0qCavj7OIEMsCBWpfObt7w==	2023-12-11 12:22:37	110.843071660000000	50.221977670000000
gAAAAABnir9mJ-aSsYw9b_iro3ENi4XGigIKSVl90cnnrubd1RBUmCjiGKLanIM9QGBx1IZXRgqN0qCavj7OIEMsCBWpfObt7w==	2023-12-11 08:24:07	108.574718750000000	47.968494130000000
gAAAAABnir9mJ-aSsYw9b_iro3ENi4XGigIKSVl90cnnrubd1RBUmCjiGKLanIM9QGBx1IZXRgqN0qCavj7OIEMsCBWpfObt7w==	2023-12-11 12:25:37	72.547565190000000	82.122257000000000
gAAAAABnir9mJ-aSsYw9b_iro3ENi4XGigIKSVl90cnnrubd1RBUmCjiGKLanIM9QGBx1IZXRgqN0qCavj7OIEMsCBWpfObt7w==	2023-12-11 08:27:07	73.433456060000000	44.054866380000000
gAAAAABnir9mJ-aSsYw9b_iro3ENi4XGigIKSVl90cnnrubd1RBUmCjiGKLanIM9QGBx1IZXRgqN0qCavj7OIEMsCBWpfObt7w==	2023-12-11 10:28:37	85.490006170000000	88.834246560000000
gAAAAABnir9mJ-aSsYw9b_iro3ENi4XGigIKSVl90cnnrubd1RBUmCjiGKLanIM9QGBx1IZXRgqN0qCavj7OIEMsCBWpfObt7w==	2023-12-11 12:30:07	124.526069530000000	67.197719310000000
gAAAAABnir9mJ-aSsYw9b_iro3ENi4XGigIKSVl90cnnrubd1RBUmCjiGKLanIM9QGBx1IZXRgqN0qCavj7OIEMsCBWpfObt7w==	2023-12-11 11:31:37	116.757435020000000	56.265787970000000
gAAAAABnir9mJ-aSsYw9b_iro3ENi4XGigIKSVl90cnnrubd1RBUmCjiGKLanIM9QGBx1IZXRgqN0qCavj7OIEMsCBWpfObt7w==	2023-12-11 09:33:07	143.812774590000000	72.875956720000000
gAAAAABnir9mJ-aSsYw9b_iro3ENi4XGigIKSVl90cnnrubd1RBUmCjiGKLanIM9QGBx1IZXRgqN0qCavj7OIEMsCBWpfObt7w==	2023-12-11 08:34:37	102.532099330000000	102.245349520000000
gAAAAABnir9mJ-aSsYw9b_iro3ENi4XGigIKSVl90cnnrubd1RBUmCjiGKLanIM9QGBx1IZXRgqN0qCavj7OIEMsCBWpfObt7w==	2023-12-11 08:36:07	97.667223800000000	26.832692890000000
gAAAAABnir9mJ-aSsYw9b_iro3ENi4XGigIKSVl90cnnrubd1RBUmCjiGKLanIM9QGBx1IZXRgqN0qCavj7OIEMsCBWpfObt7w==	2023-12-11 10:37:37	108.478190000000000	47.987236200000000
gAAAAABnir9mJ-aSsYw9b_iro3ENi4XGigIKSVl90cnnrubd1RBUmCjiGKLanIM9QGBx1IZXRgqN0qCavj7OIEMsCBWpfObt7w==	2023-12-11 10:39:07	92.362381450000000	61.262837430000000
gAAAAABnir9mJ-aSsYw9b_iro3ENi4XGigIKSVl90cnnrubd1RBUmCjiGKLanIM9QGBx1IZXRgqN0qCavj7OIEMsCBWpfObt7w==	2023-12-11 08:40:37	90.582824340000000	69.898728980000000
gAAAAABnir9mJ-aSsYw9b_iro3ENi4XGigIKSVl90cnnrubd1RBUmCjiGKLanIM9QGBx1IZXRgqN0qCavj7OIEMsCBWpfObt7w==	2023-12-11 09:42:07	142.828907810000000	45.862709080000000
gAAAAABnir9mJ-aSsYw9b_iro3ENi4XGigIKSVl90cnnrubd1RBUmCjiGKLanIM9QGBx1IZXRgqN0qCavj7OIEMsCBWpfObt7w==	2023-12-11 10:43:37	74.638259020000000	66.852973240000000
gAAAAABnir9mJ-aSsYw9b_iro3ENi4XGigIKSVl90cnnrubd1RBUmCjiGKLanIM9QGBx1IZXRgqN0qCavj7OIEMsCBWpfObt7w==	2023-12-11 09:45:07	128.511634450000000	69.145955280000000
gAAAAABnir9mJ-aSsYw9b_iro3ENi4XGigIKSVl90cnnrubd1RBUmCjiGKLanIM9QGBx1IZXRgqN0qCavj7OIEMsCBWpfObt7w==	2023-12-11 09:46:37	149.855395560000000	69.177584960000000
gAAAAABnir9mJ-aSsYw9b_iro3ENi4XGigIKSVl90cnnrubd1RBUmCjiGKLanIM9QGBx1IZXRgqN0qCavj7OIEMsCBWpfObt7w==	2023-12-11 12:48:07	125.457052800000000	39.163344130000000
gAAAAABnir9mJ-aSsYw9b_iro3ENi4XGigIKSVl90cnnrubd1RBUmCjiGKLanIM9QGBx1IZXRgqN0qCavj7OIEMsCBWpfObt7w==	2023-12-11 11:49:37	146.710453880000000	94.855463350000000
gAAAAABnir9mJ-aSsYw9b_iro3ENi4XGigIKSVl90cnnrubd1RBUmCjiGKLanIM9QGBx1IZXRgqN0qCavj7OIEMsCBWpfObt7w==	2023-12-11 09:51:07	121.780833040000000	61.215219600000000
gAAAAABnir9mJ-aSsYw9b_iro3ENi4XGigIKSVl90cnnrubd1RBUmCjiGKLanIM9QGBx1IZXRgqN0qCavj7OIEMsCBWpfObt7w==	2023-12-11 08:52:37	118.816409780000000	37.158724020000000
gAAAAABnir9mJ-aSsYw9b_iro3ENi4XGigIKSVl90cnnrubd1RBUmCjiGKLanIM9QGBx1IZXRgqN0qCavj7OIEMsCBWpfObt7w==	2023-12-11 12:54:07	134.409404670000000	20.140350790000000
gAAAAABnir9mJ-aSsYw9b_iro3ENi4XGigIKSVl90cnnrubd1RBUmCjiGKLanIM9QGBx1IZXRgqN0qCavj7OIEMsCBWpfObt7w==	2023-12-11 11:55:37	132.520077250000000	49.077028860000000
gAAAAABnir9mJ-aSsYw9b_iro3ENi4XGigIKSVl90cnnrubd1RBUmCjiGKLanIM9QGBx1IZXRgqN0qCavj7OIEMsCBWpfObt7w==	2023-12-11 11:57:07	138.488477390000000	55.112444430000000
gAAAAABnir9mJ-aSsYw9b_iro3ENi4XGigIKSVl90cnnrubd1RBUmCjiGKLanIM9QGBx1IZXRgqN0qCavj7OIEMsCBWpfObt7w==	2023-12-11 08:58:37	141.735318580000000	41.980491270000000
gAAAAABnir9mJ-aSsYw9b_iro3ENi4XGigIKSVl90cnnrubd1RBUmCjiGKLanIM9QGBx1IZXRgqN0qCavj7OIEMsCBWpfObt7w==	2023-12-11 11:00:07	127.541289390000000	45.921081270000000
gAAAAABnir9mJ-aSsYw9b_iro3ENi4XGigIKSVl90cnnrubd1RBUmCjiGKLanIM9QGBx1IZXRgqN0qCavj7OIEMsCBWpfObt7w==	2023-12-11 11:01:37	68.821365740000000	80.171685330000000
gAAAAABnir9mJ-aSsYw9b_iro3ENi4XGigIKSVl90cnnrubd1RBUmCjiGKLanIM9QGBx1IZXRgqN0qCavj7OIEMsCBWpfObt7w==	2023-12-11 12:03:07	64.768216960000000	29.887394430000000
gAAAAABnir9mJ-aSsYw9b_iro3ENi4XGigIKSVl90cnnrubd1RBUmCjiGKLanIM9QGBx1IZXRgqN0qCavj7OIEMsCBWpfObt7w==	2023-12-11 09:04:37	131.411653420000000	30.119593260000000
gAAAAABnir9mJ-aSsYw9b_iro3ENi4XGigIKSVl90cnnrubd1RBUmCjiGKLanIM9QGBx1IZXRgqN0qCavj7OIEMsCBWpfObt7w==	2023-12-11 11:06:07	110.589752520000000	93.036923050000000
gAAAAABnir9mJ-aSsYw9b_iro3ENi4XGigIKSVl90cnnrubd1RBUmCjiGKLanIM9QGBx1IZXRgqN0qCavj7OIEMsCBWpfObt7w==	2023-12-11 12:07:37	89.670436900000000	20.032097320000000
gAAAAABnir9mJ-aSsYw9b_iro3ENi4XGigIKSVl90cnnrubd1RBUmCjiGKLanIM9QGBx1IZXRgqN0qCavj7OIEMsCBWpfObt7w==	2023-12-11 11:09:07	143.544157400000000	95.283129730000000
gAAAAABnir9mJ-aSsYw9b_iro3ENi4XGigIKSVl90cnnrubd1RBUmCjiGKLanIM9QGBx1IZXRgqN0qCavj7OIEMsCBWpfObt7w==	2023-12-11 09:10:37	103.584087800000000	45.051117730000000
gAAAAABnir9mJ-aSsYw9b_iro3ENi4XGigIKSVl90cnnrubd1RBUmCjiGKLanIM9QGBx1IZXRgqN0qCavj7OIEMsCBWpfObt7w==	2023-12-11 12:12:07	103.711385230000000	20.212394100000000
gAAAAABnir9mJ-aSsYw9b_iro3ENi4XGigIKSVl90cnnrubd1RBUmCjiGKLanIM9QGBx1IZXRgqN0qCavj7OIEMsCBWpfObt7w==	2023-12-11 11:13:37	105.447715770000000	31.883694970000000
gAAAAABnir9mJ-aSsYw9b_iro3ENi4XGigIKSVl90cnnrubd1RBUmCjiGKLanIM9QGBx1IZXRgqN0qCavj7OIEMsCBWpfObt7w==	2023-12-11 11:15:07	91.773535110000000	59.206946990000000
gAAAAABnir9mJ-aSsYw9b_iro3ENi4XGigIKSVl90cnnrubd1RBUmCjiGKLanIM9QGBx1IZXRgqN0qCavj7OIEMsCBWpfObt7w==	2023-12-11 13:16:37	129.640722470000000	32.129202720000000
gAAAAABnir9mJ-aSsYw9b_iro3ENi4XGigIKSVl90cnnrubd1RBUmCjiGKLanIM9QGBx1IZXRgqN0qCavj7OIEMsCBWpfObt7w==	2023-12-11 10:18:07	105.835959300000000	86.211329620000000
gAAAAABnir9mJ-aSsYw9b_iro3ENi4XGigIKSVl90cnnrubd1RBUmCjiGKLanIM9QGBx1IZXRgqN0qCavj7OIEMsCBWpfObt7w==	2023-12-11 10:19:37	109.443438970000000	101.287046910000000
gAAAAABnir9mJ-aSsYw9b_iro3ENi4XGigIKSVl90cnnrubd1RBUmCjiGKLanIM9QGBx1IZXRgqN0qCavj7OIEMsCBWpfObt7w==	2023-12-11 10:21:07	88.610082510000000	54.289167890000000
gAAAAABnir9mJ-aSsYw9b_iro3ENi4XGigIKSVl90cnnrubd1RBUmCjiGKLanIM9QGBx1IZXRgqN0qCavj7OIEMsCBWpfObt7w==	2023-12-11 09:22:37	79.678097620000000	95.874837620000000
gAAAAABnir9mJ-aSsYw9b_iro3ENi4XGigIKSVl90cnnrubd1RBUmCjiGKLanIM9QGBx1IZXRgqN0qCavj7OIEMsCBWpfObt7w==	2023-12-11 11:24:07	86.461390840000000	38.875162360000000
gAAAAABnir9mJ-aSsYw9b_iro3ENi4XGigIKSVl90cnnrubd1RBUmCjiGKLanIM9QGBx1IZXRgqN0qCavj7OIEMsCBWpfObt7w==	2023-12-11 10:25:37	96.680973620000000	25.205502960000000
gAAAAABnir9mJ-aSsYw9b_iro3ENi4XGigIKSVl90cnnrubd1RBUmCjiGKLanIM9QGBx1IZXRgqN0qCavj7OIEMsCBWpfObt7w==	2023-12-11 12:27:07	82.507822220000000	41.953775580000000
gAAAAABnir9mJ-aSsYw9b_iro3ENi4XGigIKSVl90cnnrubd1RBUmCjiGKLanIM9QGBx1IZXRgqN0qCavj7OIEMsCBWpfObt7w==	2023-12-11 13:28:37	99.798980010000000	102.855467400000000
gAAAAABnir9mJ-aSsYw9b_iro3ENi4XGigIKSVl90cnnrubd1RBUmCjiGKLanIM9QGBx1IZXRgqN0qCavj7OIEMsCBWpfObt7w==	2023-12-11 11:30:07	118.764753630000000	55.202932140000000
gAAAAABnir9mJ-aSsYw9b_iro3ENi4XGigIKSVl90cnnrubd1RBUmCjiGKLanIM9QGBx1IZXRgqN0qCavj7OIEMsCBWpfObt7w==	2023-12-11 12:31:37	137.800351410000000	50.041395690000000
gAAAAABnir9mJ-aSsYw9b_iro3ENi4XGigIKSVl90cnnrubd1RBUmCjiGKLanIM9QGBx1IZXRgqN0qCavj7OIEMsCBWpfObt7w==	2023-12-11 10:33:07	92.775145950000000	83.854604480000000
gAAAAABnir9mJ-aSsYw9b_iro3ENi4XGigIKSVl90cnnrubd1RBUmCjiGKLanIM9QGBx1IZXRgqN0qCavj7OIEMsCBWpfObt7w==	2023-12-11 09:34:37	74.481289100000000	77.054068510000000
gAAAAABnir9mJ-aSsYw9b_iro3ENi4XGigIKSVl90cnnrubd1RBUmCjiGKLanIM9QGBx1IZXRgqN0qCavj7OIEMsCBWpfObt7w==	2023-12-11 09:36:07	85.793306120000000	48.939832360000000
gAAAAABnir9mJ-aSsYw9b_iro3ENi4XGigIKSVl90cnnrubd1RBUmCjiGKLanIM9QGBx1IZXRgqN0qCavj7OIEMsCBWpfObt7w==	2023-12-11 13:37:37	141.792920300000000	83.911138500000000
gAAAAABnir9mJ-aSsYw9b_iro3ENi4XGigIKSVl90cnnrubd1RBUmCjiGKLanIM9QGBx1IZXRgqN0qCavj7OIEMsCBWpfObt7w==	2023-12-11 09:39:07	76.574689900000000	83.242769680000000
gAAAAABnir9mJ-aSsYw9b_iro3ENi4XGigIKSVl90cnnrubd1RBUmCjiGKLanIM9QGBx1IZXRgqN0qCavj7OIEMsCBWpfObt7w==	2023-12-11 11:40:37	148.556439260000000	82.901427620000000
gAAAAABnir9mJ-aSsYw9b_iro3ENi4XGigIKSVl90cnnrubd1RBUmCjiGKLanIM9QGBx1IZXRgqN0qCavj7OIEMsCBWpfObt7w==	2023-12-11 13:42:07	82.365994440000000	21.019066450000000
gAAAAABnir9mJ-aSsYw9b_iro3ENi4XGigIKSVl90cnnrubd1RBUmCjiGKLanIM9QGBx1IZXRgqN0qCavj7OIEMsCBWpfObt7w==	2023-12-11 12:43:37	102.865981340000000	44.234567510000000
gAAAAABnir9mJ-aSsYw9b_iro3ENi4XGigIKSVl90cnnrubd1RBUmCjiGKLanIM9QGBx1IZXRgqN0qCavj7OIEMsCBWpfObt7w==	2023-12-11 12:45:07	149.479553440000000	82.107098510000000
gAAAAABnir9mcDPD4RKrLKuePNg0HWexsDVIJyZsIHniUjSI8e5FG76agY9CMKhbfnUstIFDCEOeRJauQ8AmMXNxmIxttKV86Q==	2023-12-11 09:16:37	81.122620690000000	92.352642300000000
gAAAAABnir9mcDPD4RKrLKuePNg0HWexsDVIJyZsIHniUjSI8e5FG76agY9CMKhbfnUstIFDCEOeRJauQ8AmMXNxmIxttKV86Q==	2023-12-11 09:18:07	130.218066320000000	92.007639750000000
gAAAAABnir9mcDPD4RKrLKuePNg0HWexsDVIJyZsIHniUjSI8e5FG76agY9CMKhbfnUstIFDCEOeRJauQ8AmMXNxmIxttKV86Q==	2023-12-11 10:19:37	78.196755390000000	57.949529320000000
gAAAAABnir9mcDPD4RKrLKuePNg0HWexsDVIJyZsIHniUjSI8e5FG76agY9CMKhbfnUstIFDCEOeRJauQ8AmMXNxmIxttKV86Q==	2023-12-11 07:21:07	77.330934220000000	52.248720400000000
gAAAAABnir9mcDPD4RKrLKuePNg0HWexsDVIJyZsIHniUjSI8e5FG76agY9CMKhbfnUstIFDCEOeRJauQ8AmMXNxmIxttKV86Q==	2023-12-11 09:22:37	83.321286380000000	49.121532800000000
gAAAAABnir9mcDPD4RKrLKuePNg0HWexsDVIJyZsIHniUjSI8e5FG76agY9CMKhbfnUstIFDCEOeRJauQ8AmMXNxmIxttKV86Q==	2023-12-11 07:24:07	103.489248340000000	70.009105620000000
gAAAAABnir9mcDPD4RKrLKuePNg0HWexsDVIJyZsIHniUjSI8e5FG76agY9CMKhbfnUstIFDCEOeRJauQ8AmMXNxmIxttKV86Q==	2023-12-11 09:25:37	86.021179540000000	44.334032580000000
gAAAAABnir9mcDPD4RKrLKuePNg0HWexsDVIJyZsIHniUjSI8e5FG76agY9CMKhbfnUstIFDCEOeRJauQ8AmMXNxmIxttKV86Q==	2023-12-11 08:27:07	151.213805150000000	101.366051730000000
gAAAAABnir9mcDPD4RKrLKuePNg0HWexsDVIJyZsIHniUjSI8e5FG76agY9CMKhbfnUstIFDCEOeRJauQ8AmMXNxmIxttKV86Q==	2023-12-11 09:28:37	135.227273310000000	25.365690830000000
gAAAAABnir9mcDPD4RKrLKuePNg0HWexsDVIJyZsIHniUjSI8e5FG76agY9CMKhbfnUstIFDCEOeRJauQ8AmMXNxmIxttKV86Q==	2023-12-11 11:30:07	114.471987240000000	43.915529440000000
gAAAAABnir9mcDPD4RKrLKuePNg0HWexsDVIJyZsIHniUjSI8e5FG76agY9CMKhbfnUstIFDCEOeRJauQ8AmMXNxmIxttKV86Q==	2023-12-11 11:31:37	106.178908010000000	38.066019240000000
gAAAAABnir9mcDPD4RKrLKuePNg0HWexsDVIJyZsIHniUjSI8e5FG76agY9CMKhbfnUstIFDCEOeRJauQ8AmMXNxmIxttKV86Q==	2023-12-11 07:33:07	120.425096160000000	89.075760350000000
gAAAAABnir9mcDPD4RKrLKuePNg0HWexsDVIJyZsIHniUjSI8e5FG76agY9CMKhbfnUstIFDCEOeRJauQ8AmMXNxmIxttKV86Q==	2023-12-11 10:34:37	153.021317260000000	35.159158950000000
gAAAAABnir9mcDPD4RKrLKuePNg0HWexsDVIJyZsIHniUjSI8e5FG76agY9CMKhbfnUstIFDCEOeRJauQ8AmMXNxmIxttKV86Q==	2023-12-11 08:36:07	87.129828040000000	59.138950160000000
gAAAAABnir9mcDPD4RKrLKuePNg0HWexsDVIJyZsIHniUjSI8e5FG76agY9CMKhbfnUstIFDCEOeRJauQ8AmMXNxmIxttKV86Q==	2023-12-11 11:37:37	110.083173290000000	46.009632530000000
gAAAAABnir9mcDPD4RKrLKuePNg0HWexsDVIJyZsIHniUjSI8e5FG76agY9CMKhbfnUstIFDCEOeRJauQ8AmMXNxmIxttKV86Q==	2023-12-11 09:39:07	71.131090450000000	86.164628050000000
gAAAAABnir9mcDPD4RKrLKuePNg0HWexsDVIJyZsIHniUjSI8e5FG76agY9CMKhbfnUstIFDCEOeRJauQ8AmMXNxmIxttKV86Q==	2023-12-11 09:40:37	84.142605790000000	96.083433500000000
gAAAAABnir9mcDPD4RKrLKuePNg0HWexsDVIJyZsIHniUjSI8e5FG76agY9CMKhbfnUstIFDCEOeRJauQ8AmMXNxmIxttKV86Q==	2023-12-11 07:42:07	153.002902590000000	47.048911660000000
gAAAAABnir9mcDPD4RKrLKuePNg0HWexsDVIJyZsIHniUjSI8e5FG76agY9CMKhbfnUstIFDCEOeRJauQ8AmMXNxmIxttKV86Q==	2023-12-11 08:43:37	95.372630040000000	74.146108050000000
gAAAAABnir9mcDPD4RKrLKuePNg0HWexsDVIJyZsIHniUjSI8e5FG76agY9CMKhbfnUstIFDCEOeRJauQ8AmMXNxmIxttKV86Q==	2023-12-11 07:45:07	88.497604940000000	68.291831200000000
gAAAAABnir9mcDPD4RKrLKuePNg0HWexsDVIJyZsIHniUjSI8e5FG76agY9CMKhbfnUstIFDCEOeRJauQ8AmMXNxmIxttKV86Q==	2023-12-11 07:46:37	112.019659590000000	93.029589930000000
gAAAAABnir9mcDPD4RKrLKuePNg0HWexsDVIJyZsIHniUjSI8e5FG76agY9CMKhbfnUstIFDCEOeRJauQ8AmMXNxmIxttKV86Q==	2023-12-11 10:48:07	73.437490230000000	87.113695420000000
gAAAAABnir9mcDPD4RKrLKuePNg0HWexsDVIJyZsIHniUjSI8e5FG76agY9CMKhbfnUstIFDCEOeRJauQ8AmMXNxmIxttKV86Q==	2023-12-11 11:49:37	116.231453610000000	102.272965200000000
gAAAAABnir9mcDPD4RKrLKuePNg0HWexsDVIJyZsIHniUjSI8e5FG76agY9CMKhbfnUstIFDCEOeRJauQ8AmMXNxmIxttKV86Q==	2023-12-11 11:51:07	88.383325830000000	85.173285560000000
gAAAAABnir9mcDPD4RKrLKuePNg0HWexsDVIJyZsIHniUjSI8e5FG76agY9CMKhbfnUstIFDCEOeRJauQ8AmMXNxmIxttKV86Q==	2023-12-11 07:52:37	75.145236340000000	55.227639360000000
gAAAAABnir9mcDPD4RKrLKuePNg0HWexsDVIJyZsIHniUjSI8e5FG76agY9CMKhbfnUstIFDCEOeRJauQ8AmMXNxmIxttKV86Q==	2023-12-11 10:54:07	77.197289420000000	54.056459420000000
gAAAAABnir9mcDPD4RKrLKuePNg0HWexsDVIJyZsIHniUjSI8e5FG76agY9CMKhbfnUstIFDCEOeRJauQ8AmMXNxmIxttKV86Q==	2023-12-11 08:55:37	141.256697880000000	80.947463450000000
gAAAAABnir9mcDPD4RKrLKuePNg0HWexsDVIJyZsIHniUjSI8e5FG76agY9CMKhbfnUstIFDCEOeRJauQ8AmMXNxmIxttKV86Q==	2023-12-11 09:57:07	65.240891580000000	64.016782830000000
gAAAAABnir9mcDPD4RKrLKuePNg0HWexsDVIJyZsIHniUjSI8e5FG76agY9CMKhbfnUstIFDCEOeRJauQ8AmMXNxmIxttKV86Q==	2023-12-11 09:58:37	139.355739390000000	83.361506930000000
gAAAAABnir9mcDPD4RKrLKuePNg0HWexsDVIJyZsIHniUjSI8e5FG76agY9CMKhbfnUstIFDCEOeRJauQ8AmMXNxmIxttKV86Q==	2023-12-11 12:00:07	116.119096520000000	90.405232380000000
gAAAAABnir9mcDPD4RKrLKuePNg0HWexsDVIJyZsIHniUjSI8e5FG76agY9CMKhbfnUstIFDCEOeRJauQ8AmMXNxmIxttKV86Q==	2023-12-11 09:01:37	68.080758790000000	82.914502870000000
gAAAAABnir9mcDPD4RKrLKuePNg0HWexsDVIJyZsIHniUjSI8e5FG76agY9CMKhbfnUstIFDCEOeRJauQ8AmMXNxmIxttKV86Q==	2023-12-11 09:03:07	134.178281740000000	57.199081290000000
gAAAAABnir9mcDPD4RKrLKuePNg0HWexsDVIJyZsIHniUjSI8e5FG76agY9CMKhbfnUstIFDCEOeRJauQ8AmMXNxmIxttKV86Q==	2023-12-11 11:04:37	93.343895120000000	111.036017320000000
gAAAAABnir9mcDPD4RKrLKuePNg0HWexsDVIJyZsIHniUjSI8e5FG76agY9CMKhbfnUstIFDCEOeRJauQ8AmMXNxmIxttKV86Q==	2023-12-11 10:06:07	82.353353210000000	72.170187050000000
gAAAAABnir9mcDPD4RKrLKuePNg0HWexsDVIJyZsIHniUjSI8e5FG76agY9CMKhbfnUstIFDCEOeRJauQ8AmMXNxmIxttKV86Q==	2023-12-11 10:07:37	100.351588290000000	98.271281300000000
gAAAAABnir9mcDPD4RKrLKuePNg0HWexsDVIJyZsIHniUjSI8e5FG76agY9CMKhbfnUstIFDCEOeRJauQ8AmMXNxmIxttKV86Q==	2023-12-11 11:09:07	134.179990700000000	76.208823770000000
gAAAAABnir9mcDPD4RKrLKuePNg0HWexsDVIJyZsIHniUjSI8e5FG76agY9CMKhbfnUstIFDCEOeRJauQ8AmMXNxmIxttKV86Q==	2023-12-11 11:10:37	136.483389020000000	77.933667190000000
gAAAAABnir9mcDPD4RKrLKuePNg0HWexsDVIJyZsIHniUjSI8e5FG76agY9CMKhbfnUstIFDCEOeRJauQ8AmMXNxmIxttKV86Q==	2023-12-11 10:12:07	91.086393590000000	58.228657590000000
gAAAAABnir9mcDPD4RKrLKuePNg0HWexsDVIJyZsIHniUjSI8e5FG76agY9CMKhbfnUstIFDCEOeRJauQ8AmMXNxmIxttKV86Q==	2023-12-11 09:13:37	65.459008550000000	59.231694840000000
gAAAAABnir9mcDPD4RKrLKuePNg0HWexsDVIJyZsIHniUjSI8e5FG76agY9CMKhbfnUstIFDCEOeRJauQ8AmMXNxmIxttKV86Q==	2023-12-11 11:15:07	124.317922720000000	30.253623840000000
gAAAAABnir9mcDPD4RKrLKuePNg0HWexsDVIJyZsIHniUjSI8e5FG76agY9CMKhbfnUstIFDCEOeRJauQ8AmMXNxmIxttKV86Q==	2023-12-11 09:16:37	79.197709690000000	114.095386690000000
gAAAAABnir9mcDPD4RKrLKuePNg0HWexsDVIJyZsIHniUjSI8e5FG76agY9CMKhbfnUstIFDCEOeRJauQ8AmMXNxmIxttKV86Q==	2023-12-11 08:18:07	111.359405720000000	44.250607970000000
gAAAAABnir9mcDPD4RKrLKuePNg0HWexsDVIJyZsIHniUjSI8e5FG76agY9CMKhbfnUstIFDCEOeRJauQ8AmMXNxmIxttKV86Q==	2023-12-11 08:19:37	121.229189430000000	30.081067930000000
gAAAAABnir9mcDPD4RKrLKuePNg0HWexsDVIJyZsIHniUjSI8e5FG76agY9CMKhbfnUstIFDCEOeRJauQ8AmMXNxmIxttKV86Q==	2023-12-11 09:21:07	138.098487480000000	90.158170440000000
gAAAAABnir9mcDPD4RKrLKuePNg0HWexsDVIJyZsIHniUjSI8e5FG76agY9CMKhbfnUstIFDCEOeRJauQ8AmMXNxmIxttKV86Q==	2023-12-11 11:22:37	94.215784170000000	40.296991140000000
gAAAAABnir9mcDPD4RKrLKuePNg0HWexsDVIJyZsIHniUjSI8e5FG76agY9CMKhbfnUstIFDCEOeRJauQ8AmMXNxmIxttKV86Q==	2023-12-11 08:24:07	84.228022170000000	65.066849350000000
gAAAAABnir9mcDPD4RKrLKuePNg0HWexsDVIJyZsIHniUjSI8e5FG76agY9CMKhbfnUstIFDCEOeRJauQ8AmMXNxmIxttKV86Q==	2023-12-11 09:25:37	73.016183770000000	56.220057570000000
gAAAAABnir9mcDPD4RKrLKuePNg0HWexsDVIJyZsIHniUjSI8e5FG76agY9CMKhbfnUstIFDCEOeRJauQ8AmMXNxmIxttKV86Q==	2023-12-11 09:27:07	89.187182820000000	60.072878740000000
gAAAAABnir9mcDPD4RKrLKuePNg0HWexsDVIJyZsIHniUjSI8e5FG76agY9CMKhbfnUstIFDCEOeRJauQ8AmMXNxmIxttKV86Q==	2023-12-11 10:28:37	81.418061200000000	36.083223660000000
gAAAAABnir9mcDPD4RKrLKuePNg0HWexsDVIJyZsIHniUjSI8e5FG76agY9CMKhbfnUstIFDCEOeRJauQ8AmMXNxmIxttKV86Q==	2023-12-11 10:30:07	134.354623190000000	31.301302810000000
gAAAAABnir9mcDPD4RKrLKuePNg0HWexsDVIJyZsIHniUjSI8e5FG76agY9CMKhbfnUstIFDCEOeRJauQ8AmMXNxmIxttKV86Q==	2023-12-11 12:31:37	86.453952080000000	54.928767400000000
gAAAAABnir9mcDPD4RKrLKuePNg0HWexsDVIJyZsIHniUjSI8e5FG76agY9CMKhbfnUstIFDCEOeRJauQ8AmMXNxmIxttKV86Q==	2023-12-11 08:33:07	145.239890990000000	31.289120670000000
gAAAAABnir9mcDPD4RKrLKuePNg0HWexsDVIJyZsIHniUjSI8e5FG76agY9CMKhbfnUstIFDCEOeRJauQ8AmMXNxmIxttKV86Q==	2023-12-11 09:34:37	80.382129220000000	49.938264540000000
gAAAAABnir9mcDPD4RKrLKuePNg0HWexsDVIJyZsIHniUjSI8e5FG76agY9CMKhbfnUstIFDCEOeRJauQ8AmMXNxmIxttKV86Q==	2023-12-11 11:36:07	148.505981320000000	50.159403770000000
gAAAAABnir9mcDPD4RKrLKuePNg0HWexsDVIJyZsIHniUjSI8e5FG76agY9CMKhbfnUstIFDCEOeRJauQ8AmMXNxmIxttKV86Q==	2023-12-11 09:37:37	120.115876130000000	67.040395600000000
gAAAAABnir9mcDPD4RKrLKuePNg0HWexsDVIJyZsIHniUjSI8e5FG76agY9CMKhbfnUstIFDCEOeRJauQ8AmMXNxmIxttKV86Q==	2023-12-11 12:39:07	80.252697300000000	77.210956720000000
gAAAAABnir9mcDPD4RKrLKuePNg0HWexsDVIJyZsIHniUjSI8e5FG76agY9CMKhbfnUstIFDCEOeRJauQ8AmMXNxmIxttKV86Q==	2023-12-11 08:40:37	114.107521620000000	101.191479330000000
gAAAAABnir9mcDPD4RKrLKuePNg0HWexsDVIJyZsIHniUjSI8e5FG76agY9CMKhbfnUstIFDCEOeRJauQ8AmMXNxmIxttKV86Q==	2023-12-11 08:42:07	132.346779650000000	37.235926860000000
gAAAAABnir9mcDPD4RKrLKuePNg0HWexsDVIJyZsIHniUjSI8e5FG76agY9CMKhbfnUstIFDCEOeRJauQ8AmMXNxmIxttKV86Q==	2023-12-11 08:43:37	124.275525490000000	49.243533240000000
gAAAAABnir9mcDPD4RKrLKuePNg0HWexsDVIJyZsIHniUjSI8e5FG76agY9CMKhbfnUstIFDCEOeRJauQ8AmMXNxmIxttKV86Q==	2023-12-11 08:45:07	91.464152790000000	36.349605860000000
gAAAAABnir9mcDPD4RKrLKuePNg0HWexsDVIJyZsIHniUjSI8e5FG76agY9CMKhbfnUstIFDCEOeRJauQ8AmMXNxmIxttKV86Q==	2023-12-11 11:46:37	133.123582430000000	85.236412280000000
gAAAAABnir9mcDPD4RKrLKuePNg0HWexsDVIJyZsIHniUjSI8e5FG76agY9CMKhbfnUstIFDCEOeRJauQ8AmMXNxmIxttKV86Q==	2023-12-11 09:48:07	66.456722770000000	74.352583380000000
gAAAAABnir9mcDPD4RKrLKuePNg0HWexsDVIJyZsIHniUjSI8e5FG76agY9CMKhbfnUstIFDCEOeRJauQ8AmMXNxmIxttKV86Q==	2023-12-11 09:49:37	118.238781950000000	95.319022510000000
gAAAAABnir9mcDPD4RKrLKuePNg0HWexsDVIJyZsIHniUjSI8e5FG76agY9CMKhbfnUstIFDCEOeRJauQ8AmMXNxmIxttKV86Q==	2023-12-11 09:51:07	78.212228560000000	111.340311710000000
gAAAAABnir9mcDPD4RKrLKuePNg0HWexsDVIJyZsIHniUjSI8e5FG76agY9CMKhbfnUstIFDCEOeRJauQ8AmMXNxmIxttKV86Q==	2023-12-11 10:52:37	88.128075000000000	92.169793050000000
gAAAAABnir9mcDPD4RKrLKuePNg0HWexsDVIJyZsIHniUjSI8e5FG76agY9CMKhbfnUstIFDCEOeRJauQ8AmMXNxmIxttKV86Q==	2023-12-11 08:54:07	145.289839550000000	68.106784520000000
gAAAAABnir9mcDPD4RKrLKuePNg0HWexsDVIJyZsIHniUjSI8e5FG76agY9CMKhbfnUstIFDCEOeRJauQ8AmMXNxmIxttKV86Q==	2023-12-11 09:55:37	81.362335010000000	30.953861390000000
gAAAAABnir9mcDPD4RKrLKuePNg0HWexsDVIJyZsIHniUjSI8e5FG76agY9CMKhbfnUstIFDCEOeRJauQ8AmMXNxmIxttKV86Q==	2023-12-11 12:57:07	77.343492800000000	99.372027010000000
gAAAAABnir9mcDPD4RKrLKuePNg0HWexsDVIJyZsIHniUjSI8e5FG76agY9CMKhbfnUstIFDCEOeRJauQ8AmMXNxmIxttKV86Q==	2023-12-11 08:58:37	113.281122690000000	92.032835300000000
gAAAAABnir9mcDPD4RKrLKuePNg0HWexsDVIJyZsIHniUjSI8e5FG76agY9CMKhbfnUstIFDCEOeRJauQ8AmMXNxmIxttKV86Q==	2023-12-11 11:00:07	150.439672670000000	83.991418490000000
gAAAAABnir9mcDPD4RKrLKuePNg0HWexsDVIJyZsIHniUjSI8e5FG76agY9CMKhbfnUstIFDCEOeRJauQ8AmMXNxmIxttKV86Q==	2023-12-11 12:01:37	113.047072050000000	54.939098690000000
gAAAAABnir9mcDPD4RKrLKuePNg0HWexsDVIJyZsIHniUjSI8e5FG76agY9CMKhbfnUstIFDCEOeRJauQ8AmMXNxmIxttKV86Q==	2023-12-11 13:03:07	83.219103860000000	53.391124200000000
gAAAAABnir9mcDPD4RKrLKuePNg0HWexsDVIJyZsIHniUjSI8e5FG76agY9CMKhbfnUstIFDCEOeRJauQ8AmMXNxmIxttKV86Q==	2023-12-11 10:04:37	138.343331060000000	105.992454490000000
gAAAAABnir9mcDPD4RKrLKuePNg0HWexsDVIJyZsIHniUjSI8e5FG76agY9CMKhbfnUstIFDCEOeRJauQ8AmMXNxmIxttKV86Q==	2023-12-11 11:06:07	152.057061160000000	63.275039060000000
gAAAAABnir9mcDPD4RKrLKuePNg0HWexsDVIJyZsIHniUjSI8e5FG76agY9CMKhbfnUstIFDCEOeRJauQ8AmMXNxmIxttKV86Q==	2023-12-11 11:07:37	67.335275180000000	33.220352090000000
gAAAAABnir9mcDPD4RKrLKuePNg0HWexsDVIJyZsIHniUjSI8e5FG76agY9CMKhbfnUstIFDCEOeRJauQ8AmMXNxmIxttKV86Q==	2023-12-11 10:09:07	112.077969940000000	74.144252770000000
gAAAAABnir9mcDPD4RKrLKuePNg0HWexsDVIJyZsIHniUjSI8e5FG76agY9CMKhbfnUstIFDCEOeRJauQ8AmMXNxmIxttKV86Q==	2023-12-11 10:10:37	127.069822880000000	101.076731460000000
gAAAAABnir9mcDPD4RKrLKuePNg0HWexsDVIJyZsIHniUjSI8e5FG76agY9CMKhbfnUstIFDCEOeRJauQ8AmMXNxmIxttKV86Q==	2023-12-11 13:12:07	78.157463270000000	45.097958740000000
gAAAAABnir9mcDPD4RKrLKuePNg0HWexsDVIJyZsIHniUjSI8e5FG76agY9CMKhbfnUstIFDCEOeRJauQ8AmMXNxmIxttKV86Q==	2023-12-11 10:13:37	119.343917980000000	29.918941940000000
gAAAAABnir9mcDPD4RKrLKuePNg0HWexsDVIJyZsIHniUjSI8e5FG76agY9CMKhbfnUstIFDCEOeRJauQ8AmMXNxmIxttKV86Q==	2023-12-11 13:15:07	107.000723940000000	42.141240760000000
gAAAAABnir9mcDPD4RKrLKuePNg0HWexsDVIJyZsIHniUjSI8e5FG76agY9CMKhbfnUstIFDCEOeRJauQ8AmMXNxmIxttKV86Q==	2023-12-11 10:16:37	142.276741220000000	26.913124560000000
gAAAAABnir9mcDPD4RKrLKuePNg0HWexsDVIJyZsIHniUjSI8e5FG76agY9CMKhbfnUstIFDCEOeRJauQ8AmMXNxmIxttKV86Q==	2023-12-11 12:18:07	101.223763790000000	50.068353450000000
gAAAAABnir9mcDPD4RKrLKuePNg0HWexsDVIJyZsIHniUjSI8e5FG76agY9CMKhbfnUstIFDCEOeRJauQ8AmMXNxmIxttKV86Q==	2023-12-11 09:19:37	140.228439220000000	101.973665060000000
gAAAAABnir9mcDPD4RKrLKuePNg0HWexsDVIJyZsIHniUjSI8e5FG76agY9CMKhbfnUstIFDCEOeRJauQ8AmMXNxmIxttKV86Q==	2023-12-11 13:21:07	87.401617050000000	25.162638520000000
gAAAAABnir9mcDPD4RKrLKuePNg0HWexsDVIJyZsIHniUjSI8e5FG76agY9CMKhbfnUstIFDCEOeRJauQ8AmMXNxmIxttKV86Q==	2023-12-11 13:22:37	142.351468730000000	35.171727550000000
gAAAAABnir9mcDPD4RKrLKuePNg0HWexsDVIJyZsIHniUjSI8e5FG76agY9CMKhbfnUstIFDCEOeRJauQ8AmMXNxmIxttKV86Q==	2023-12-11 12:24:07	77.378784260000000	28.363799240000000
gAAAAABnir9mcDPD4RKrLKuePNg0HWexsDVIJyZsIHniUjSI8e5FG76agY9CMKhbfnUstIFDCEOeRJauQ8AmMXNxmIxttKV86Q==	2023-12-11 12:25:37	67.167145180000000	43.963653760000000
gAAAAABnir9mcDPD4RKrLKuePNg0HWexsDVIJyZsIHniUjSI8e5FG76agY9CMKhbfnUstIFDCEOeRJauQ8AmMXNxmIxttKV86Q==	2023-12-11 10:27:07	104.170519970000000	72.400050030000000
gAAAAABnir9mcDPD4RKrLKuePNg0HWexsDVIJyZsIHniUjSI8e5FG76agY9CMKhbfnUstIFDCEOeRJauQ8AmMXNxmIxttKV86Q==	2023-12-11 10:28:37	99.017520480000000	28.221762600000000
gAAAAABnir9mcDPD4RKrLKuePNg0HWexsDVIJyZsIHniUjSI8e5FG76agY9CMKhbfnUstIFDCEOeRJauQ8AmMXNxmIxttKV86Q==	2023-12-11 12:30:07	135.333869380000000	50.229598590000000
gAAAAABnir9mcDPD4RKrLKuePNg0HWexsDVIJyZsIHniUjSI8e5FG76agY9CMKhbfnUstIFDCEOeRJauQ8AmMXNxmIxttKV86Q==	2023-12-11 13:31:37	91.422660860000000	90.006417450000000
gAAAAABnir9mcDPD4RKrLKuePNg0HWexsDVIJyZsIHniUjSI8e5FG76agY9CMKhbfnUstIFDCEOeRJauQ8AmMXNxmIxttKV86Q==	2023-12-11 10:33:07	107.489443240000000	43.999868990000000
gAAAAABnir9mcDPD4RKrLKuePNg0HWexsDVIJyZsIHniUjSI8e5FG76agY9CMKhbfnUstIFDCEOeRJauQ8AmMXNxmIxttKV86Q==	2023-12-11 11:34:37	103.179559280000000	44.369853430000000
gAAAAABnir9mcDPD4RKrLKuePNg0HWexsDVIJyZsIHniUjSI8e5FG76agY9CMKhbfnUstIFDCEOeRJauQ8AmMXNxmIxttKV86Q==	2023-12-11 09:36:07	127.228470170000000	25.050888460000000
gAAAAABnir9mcDPD4RKrLKuePNg0HWexsDVIJyZsIHniUjSI8e5FG76agY9CMKhbfnUstIFDCEOeRJauQ8AmMXNxmIxttKV86Q==	2023-12-11 09:37:37	117.339229760000000	61.227834080000000
gAAAAABnir9mcDPD4RKrLKuePNg0HWexsDVIJyZsIHniUjSI8e5FG76agY9CMKhbfnUstIFDCEOeRJauQ8AmMXNxmIxttKV86Q==	2023-12-11 09:39:07	103.286626700000000	91.054427480000000
gAAAAABnir9mcDPD4RKrLKuePNg0HWexsDVIJyZsIHniUjSI8e5FG76agY9CMKhbfnUstIFDCEOeRJauQ8AmMXNxmIxttKV86Q==	2023-12-11 13:40:37	116.289973700000000	75.293001350000000
gAAAAABnir9mcDPD4RKrLKuePNg0HWexsDVIJyZsIHniUjSI8e5FG76agY9CMKhbfnUstIFDCEOeRJauQ8AmMXNxmIxttKV86Q==	2023-12-11 11:42:07	99.368545920000000	88.115065550000000
gAAAAABnir9mcDPD4RKrLKuePNg0HWexsDVIJyZsIHniUjSI8e5FG76agY9CMKhbfnUstIFDCEOeRJauQ8AmMXNxmIxttKV86Q==	2023-12-11 11:43:37	153.165948690000000	99.231640420000000
gAAAAABnir9mcDPD4RKrLKuePNg0HWexsDVIJyZsIHniUjSI8e5FG76agY9CMKhbfnUstIFDCEOeRJauQ8AmMXNxmIxttKV86Q==	2023-12-11 13:45:07	82.386467960000000	51.127596250000000
