gAAAAABnlj6c-u_Nqh1f6ewDRt2BT4CiGnOm5kwG4bvDybifoGASYFhg-lsL_yh1kMXkmKQexWVb1fQg_3jFWki84jhB5lDYKw==	2008-10-24 09:09:59	41.918520970000000	118.189931980000000
gAAAAABnlj6c-u_Nqh1f6ewDRt2BT4CiGnOm5kwG4bvDybifoGASYFhg-lsL_yh1kMXkmKQexWVb1fQg_3jFWki84jhB5lDYKw==	2008-10-24 08:10:04	42.022432520000000	117.850082970000000
gAAAAABnlj6c-u_Nqh1f6ewDRt2BT4CiGnOm5kwG4bvDybifoGASYFhg-lsL_yh1kMXkmKQexWVb1fQg_3jFWki84jhB5lDYKw==	2008-10-24 05:10:09	41.692926000000000	118.276703480000000
gAAAAABnlj6c-u_Nqh1f6ewDRt2BT4CiGnOm5kwG4bvDybifoGASYFhg-lsL_yh1kMXkmKQexWVb1fQg_3jFWki84jhB5lDYKw==	2008-10-24 11:10:14	41.633737400000000	118.622585870000000
gAAAAABnlj6c-u_Nqh1f6ewDRt2BT4CiGnOm5kwG4bvDybifoGASYFhg-lsL_yh1kMXkmKQexWVb1fQg_3jFWki84jhB5lDYKw==	2008-10-24 05:10:19	41.584360530000000	118.526250600000000
gAAAAABnlj6c-u_Nqh1f6ewDRt2BT4CiGnOm5kwG4bvDybifoGASYFhg-lsL_yh1kMXkmKQexWVb1fQg_3jFWki84jhB5lDYKw==	2008-10-24 10:10:24	41.581528760000000	118.752329800000000
gAAAAABnlj6c-u_Nqh1f6ewDRt2BT4CiGnOm5kwG4bvDybifoGASYFhg-lsL_yh1kMXkmKQexWVb1fQg_3jFWki84jhB5lDYKw==	2008-10-24 12:10:29	41.862934880000000	118.600737930000000
gAAAAABnlj6c-u_Nqh1f6ewDRt2BT4CiGnOm5kwG4bvDybifoGASYFhg-lsL_yh1kMXkmKQexWVb1fQg_3jFWki84jhB5lDYKw==	2008-10-24 08:10:34	42.362470690000000	118.017477830000000
gAAAAABnlj6c-u_Nqh1f6ewDRt2BT4CiGnOm5kwG4bvDybifoGASYFhg-lsL_yh1kMXkmKQexWVb1fQg_3jFWki84jhB5lDYKw==	2008-10-24 08:10:39	41.900183990000000	118.530717920000000
gAAAAABnlj6c-u_Nqh1f6ewDRt2BT4CiGnOm5kwG4bvDybifoGASYFhg-lsL_yh1kMXkmKQexWVb1fQg_3jFWki84jhB5lDYKw==	2008-10-24 04:10:44	42.207404230000000	118.094703340000000
gAAAAABnlj6c-u_Nqh1f6ewDRt2BT4CiGnOm5kwG4bvDybifoGASYFhg-lsL_yh1kMXkmKQexWVb1fQg_3jFWki84jhB5lDYKw==	2008-10-24 09:10:49	41.594113890000000	118.794354030000000
gAAAAABnlj6c-u_Nqh1f6ewDRt2BT4CiGnOm5kwG4bvDybifoGASYFhg-lsL_yh1kMXkmKQexWVb1fQg_3jFWki84jhB5lDYKw==	2008-10-24 10:10:54	41.961259780000000	118.449847730000000
gAAAAABnlj6c-u_Nqh1f6ewDRt2BT4CiGnOm5kwG4bvDybifoGASYFhg-lsL_yh1kMXkmKQexWVb1fQg_3jFWki84jhB5lDYKw==	2008-10-24 06:10:59	41.730748620000000	117.956237110000000
gAAAAABnlj6c-u_Nqh1f6ewDRt2BT4CiGnOm5kwG4bvDybifoGASYFhg-lsL_yh1kMXkmKQexWVb1fQg_3jFWki84jhB5lDYKw==	2008-10-24 06:11:04	42.405311110000000	118.086444990000000
gAAAAABnlj6c-u_Nqh1f6ewDRt2BT4CiGnOm5kwG4bvDybifoGASYFhg-lsL_yh1kMXkmKQexWVb1fQg_3jFWki84jhB5lDYKw==	2008-10-24 07:11:09	41.581673650000000	117.975652920000000
gAAAAABnlj6c-u_Nqh1f6ewDRt2BT4CiGnOm5kwG4bvDybifoGASYFhg-lsL_yh1kMXkmKQexWVb1fQg_3jFWki84jhB5lDYKw==	2008-10-24 12:11:14	42.126767030000000	118.754653850000000
gAAAAABnlj6c-u_Nqh1f6ewDRt2BT4CiGnOm5kwG4bvDybifoGASYFhg-lsL_yh1kMXkmKQexWVb1fQg_3jFWki84jhB5lDYKw==	2008-10-24 07:11:19	42.243048160000000	118.210587380000000
gAAAAABnlj6c-u_Nqh1f6ewDRt2BT4CiGnOm5kwG4bvDybifoGASYFhg-lsL_yh1kMXkmKQexWVb1fQg_3jFWki84jhB5lDYKw==	2008-10-24 10:11:24	41.643400480000000	118.663722360000000
gAAAAABnlj6c-u_Nqh1f6ewDRt2BT4CiGnOm5kwG4bvDybifoGASYFhg-lsL_yh1kMXkmKQexWVb1fQg_3jFWki84jhB5lDYKw==	2008-10-24 09:11:29	42.406014530000000	118.804674300000000
gAAAAABnlj6c-u_Nqh1f6ewDRt2BT4CiGnOm5kwG4bvDybifoGASYFhg-lsL_yh1kMXkmKQexWVb1fQg_3jFWki84jhB5lDYKw==	2008-10-24 06:11:34	41.982829520000000	118.757710220000000
gAAAAABnlj6c-u_Nqh1f6ewDRt2BT4CiGnOm5kwG4bvDybifoGASYFhg-lsL_yh1kMXkmKQexWVb1fQg_3jFWki84jhB5lDYKw==	2008-10-24 12:11:39	42.382383570000000	118.567809570000000
gAAAAABnlj6c-u_Nqh1f6ewDRt2BT4CiGnOm5kwG4bvDybifoGASYFhg-lsL_yh1kMXkmKQexWVb1fQg_3jFWki84jhB5lDYKw==	2008-10-24 07:11:44	42.189548710000000	118.077592200000000
gAAAAABnlj6c-u_Nqh1f6ewDRt2BT4CiGnOm5kwG4bvDybifoGASYFhg-lsL_yh1kMXkmKQexWVb1fQg_3jFWki84jhB5lDYKw==	2008-10-24 06:11:49	42.340713740000000	118.693328350000000
gAAAAABnlj6c-u_Nqh1f6ewDRt2BT4CiGnOm5kwG4bvDybifoGASYFhg-lsL_yh1kMXkmKQexWVb1fQg_3jFWki84jhB5lDYKw==	2008-10-24 03:11:54	42.085373710000000	117.957374770000000
gAAAAABnlj6c-u_Nqh1f6ewDRt2BT4CiGnOm5kwG4bvDybifoGASYFhg-lsL_yh1kMXkmKQexWVb1fQg_3jFWki84jhB5lDYKw==	2008-10-24 12:11:57	42.240898630000000	117.836995580000000
gAAAAABnlj6c-u_Nqh1f6ewDRt2BT4CiGnOm5kwG4bvDybifoGASYFhg-lsL_yh1kMXkmKQexWVb1fQg_3jFWki84jhB5lDYKw==	2008-10-24 06:11:59	42.403869490000000	118.474885680000000
gAAAAABnlj6c-u_Nqh1f6ewDRt2BT4CiGnOm5kwG4bvDybifoGASYFhg-lsL_yh1kMXkmKQexWVb1fQg_3jFWki84jhB5lDYKw==	2008-10-24 05:12:04	42.231013280000000	118.619365680000000
gAAAAABnlj6c-u_Nqh1f6ewDRt2BT4CiGnOm5kwG4bvDybifoGASYFhg-lsL_yh1kMXkmKQexWVb1fQg_3jFWki84jhB5lDYKw==	2008-10-24 07:12:09	42.225149150000000	118.524567870000000
gAAAAABnlj6c-u_Nqh1f6ewDRt2BT4CiGnOm5kwG4bvDybifoGASYFhg-lsL_yh1kMXkmKQexWVb1fQg_3jFWki84jhB5lDYKw==	2008-10-24 09:12:14	41.531207990000000	118.285372420000000
gAAAAABnlj6c-u_Nqh1f6ewDRt2BT4CiGnOm5kwG4bvDybifoGASYFhg-lsL_yh1kMXkmKQexWVb1fQg_3jFWki84jhB5lDYKw==	2008-10-24 09:12:19	42.479086090000000	117.952557570000000
gAAAAABnlj6c-u_Nqh1f6ewDRt2BT4CiGnOm5kwG4bvDybifoGASYFhg-lsL_yh1kMXkmKQexWVb1fQg_3jFWki84jhB5lDYKw==	2008-10-24 06:12:24	41.976963140000000	118.424673480000000
gAAAAABnlj6c-u_Nqh1f6ewDRt2BT4CiGnOm5kwG4bvDybifoGASYFhg-lsL_yh1kMXkmKQexWVb1fQg_3jFWki84jhB5lDYKw==	2008-10-24 05:12:27	41.718214530000000	118.579830150000000
gAAAAABnlj6c-u_Nqh1f6ewDRt2BT4CiGnOm5kwG4bvDybifoGASYFhg-lsL_yh1kMXkmKQexWVb1fQg_3jFWki84jhB5lDYKw==	2008-10-24 08:12:29	42.341645660000000	117.852324390000000
gAAAAABnlj6c-u_Nqh1f6ewDRt2BT4CiGnOm5kwG4bvDybifoGASYFhg-lsL_yh1kMXkmKQexWVb1fQg_3jFWki84jhB5lDYKw==	2008-10-24 10:12:34	41.906896740000000	118.787037730000000
gAAAAABnlj6c-u_Nqh1f6ewDRt2BT4CiGnOm5kwG4bvDybifoGASYFhg-lsL_yh1kMXkmKQexWVb1fQg_3jFWki84jhB5lDYKw==	2008-10-24 09:12:39	41.862613330000000	117.871628290000000
gAAAAABnlj6c-u_Nqh1f6ewDRt2BT4CiGnOm5kwG4bvDybifoGASYFhg-lsL_yh1kMXkmKQexWVb1fQg_3jFWki84jhB5lDYKw==	2008-10-24 08:12:44	42.281925430000000	118.233177950000000
gAAAAABnlj6c-u_Nqh1f6ewDRt2BT4CiGnOm5kwG4bvDybifoGASYFhg-lsL_yh1kMXkmKQexWVb1fQg_3jFWki84jhB5lDYKw==	2008-10-24 10:12:49	42.054417870000000	118.406289890000000
gAAAAABnlj6c-u_Nqh1f6ewDRt2BT4CiGnOm5kwG4bvDybifoGASYFhg-lsL_yh1kMXkmKQexWVb1fQg_3jFWki84jhB5lDYKw==	2008-10-24 09:12:54	41.892820400000000	118.119903210000000
gAAAAABnlj6c-u_Nqh1f6ewDRt2BT4CiGnOm5kwG4bvDybifoGASYFhg-lsL_yh1kMXkmKQexWVb1fQg_3jFWki84jhB5lDYKw==	2008-10-24 04:12:59	42.052891200000000	118.183816180000000
gAAAAABnlj6c-u_Nqh1f6ewDRt2BT4CiGnOm5kwG4bvDybifoGASYFhg-lsL_yh1kMXkmKQexWVb1fQg_3jFWki84jhB5lDYKw==	2008-10-24 03:13:04	42.007441190000000	118.798440540000000
gAAAAABnlj6c-u_Nqh1f6ewDRt2BT4CiGnOm5kwG4bvDybifoGASYFhg-lsL_yh1kMXkmKQexWVb1fQg_3jFWki84jhB5lDYKw==	2008-10-24 07:13:09	42.103649650000000	118.607582080000000
gAAAAABnlj6c-u_Nqh1f6ewDRt2BT4CiGnOm5kwG4bvDybifoGASYFhg-lsL_yh1kMXkmKQexWVb1fQg_3jFWki84jhB5lDYKw==	2008-10-24 09:13:14	42.007692140000000	118.401667440000000
gAAAAABnlj6c-u_Nqh1f6ewDRt2BT4CiGnOm5kwG4bvDybifoGASYFhg-lsL_yh1kMXkmKQexWVb1fQg_3jFWki84jhB5lDYKw==	2008-10-24 04:13:19	41.921703300000000	118.529775360000000
gAAAAABnlj6c-u_Nqh1f6ewDRt2BT4CiGnOm5kwG4bvDybifoGASYFhg-lsL_yh1kMXkmKQexWVb1fQg_3jFWki84jhB5lDYKw==	2008-10-24 05:13:24	42.072279140000000	117.957968910000000
gAAAAABnlj6c-u_Nqh1f6ewDRt2BT4CiGnOm5kwG4bvDybifoGASYFhg-lsL_yh1kMXkmKQexWVb1fQg_3jFWki84jhB5lDYKw==	2008-10-24 05:13:29	42.150635540000000	118.328159680000000
gAAAAABnlj6c-u_Nqh1f6ewDRt2BT4CiGnOm5kwG4bvDybifoGASYFhg-lsL_yh1kMXkmKQexWVb1fQg_3jFWki84jhB5lDYKw==	2008-10-24 10:13:34	41.972285820000000	118.806685000000000
gAAAAABnlj6c-u_Nqh1f6ewDRt2BT4CiGnOm5kwG4bvDybifoGASYFhg-lsL_yh1kMXkmKQexWVb1fQg_3jFWki84jhB5lDYKw==	2008-10-24 06:13:39	42.419912110000000	118.585875440000000
gAAAAABnlj6c-u_Nqh1f6ewDRt2BT4CiGnOm5kwG4bvDybifoGASYFhg-lsL_yh1kMXkmKQexWVb1fQg_3jFWki84jhB5lDYKw==	2008-10-24 05:13:44	42.493431600000000	118.397877360000000
gAAAAABnlj6c-u_Nqh1f6ewDRt2BT4CiGnOm5kwG4bvDybifoGASYFhg-lsL_yh1kMXkmKQexWVb1fQg_3jFWki84jhB5lDYKw==	2008-10-24 10:13:49	42.240479650000000	118.755046970000000
gAAAAABnlj6c-u_Nqh1f6ewDRt2BT4CiGnOm5kwG4bvDybifoGASYFhg-lsL_yh1kMXkmKQexWVb1fQg_3jFWki84jhB5lDYKw==	2008-10-24 11:13:54	41.931152120000000	118.106692700000000
gAAAAABnlj6c-u_Nqh1f6ewDRt2BT4CiGnOm5kwG4bvDybifoGASYFhg-lsL_yh1kMXkmKQexWVb1fQg_3jFWki84jhB5lDYKw==	2008-10-24 05:13:59	41.979536440000000	117.968873840000000
gAAAAABnlj6c-u_Nqh1f6ewDRt2BT4CiGnOm5kwG4bvDybifoGASYFhg-lsL_yh1kMXkmKQexWVb1fQg_3jFWki84jhB5lDYKw==	2008-10-24 11:14:04	41.524925330000000	118.497789160000000
gAAAAABnlj6c-u_Nqh1f6ewDRt2BT4CiGnOm5kwG4bvDybifoGASYFhg-lsL_yh1kMXkmKQexWVb1fQg_3jFWki84jhB5lDYKw==	2008-10-24 05:14:09	41.570898410000000	118.362452920000000
gAAAAABnlj6c-u_Nqh1f6ewDRt2BT4CiGnOm5kwG4bvDybifoGASYFhg-lsL_yh1kMXkmKQexWVb1fQg_3jFWki84jhB5lDYKw==	2008-10-24 11:14:14	42.370507730000000	118.738849380000000
gAAAAABnlj6c-u_Nqh1f6ewDRt2BT4CiGnOm5kwG4bvDybifoGASYFhg-lsL_yh1kMXkmKQexWVb1fQg_3jFWki84jhB5lDYKw==	2008-10-24 06:14:19	42.049121980000000	117.933511340000000
gAAAAABnlj6c-u_Nqh1f6ewDRt2BT4CiGnOm5kwG4bvDybifoGASYFhg-lsL_yh1kMXkmKQexWVb1fQg_3jFWki84jhB5lDYKw==	2008-10-24 06:14:22	42.038253520000000	118.441516730000000
gAAAAABnlj6c-u_Nqh1f6ewDRt2BT4CiGnOm5kwG4bvDybifoGASYFhg-lsL_yh1kMXkmKQexWVb1fQg_3jFWki84jhB5lDYKw==	2008-10-24 04:14:24	42.369640160000000	118.104320600000000
gAAAAABnlj6c-u_Nqh1f6ewDRt2BT4CiGnOm5kwG4bvDybifoGASYFhg-lsL_yh1kMXkmKQexWVb1fQg_3jFWki84jhB5lDYKw==	2008-10-24 03:14:29	42.469807690000000	118.071074350000000
gAAAAABnlj6c-u_Nqh1f6ewDRt2BT4CiGnOm5kwG4bvDybifoGASYFhg-lsL_yh1kMXkmKQexWVb1fQg_3jFWki84jhB5lDYKw==	2008-10-24 08:14:34	42.362675370000000	118.144423730000000
gAAAAABnlj6c-u_Nqh1f6ewDRt2BT4CiGnOm5kwG4bvDybifoGASYFhg-lsL_yh1kMXkmKQexWVb1fQg_3jFWki84jhB5lDYKw==	2008-10-24 09:14:39	41.700443830000000	117.944024220000000
gAAAAABnlj6c-u_Nqh1f6ewDRt2BT4CiGnOm5kwG4bvDybifoGASYFhg-lsL_yh1kMXkmKQexWVb1fQg_3jFWki84jhB5lDYKw==	2008-10-24 09:14:44	41.860391770000000	118.013517370000000
gAAAAABnlj6c-u_Nqh1f6ewDRt2BT4CiGnOm5kwG4bvDybifoGASYFhg-lsL_yh1kMXkmKQexWVb1fQg_3jFWki84jhB5lDYKw==	2008-10-24 07:14:49	42.159330750000000	118.032807460000000
gAAAAABnlj6c-u_Nqh1f6ewDRt2BT4CiGnOm5kwG4bvDybifoGASYFhg-lsL_yh1kMXkmKQexWVb1fQg_3jFWki84jhB5lDYKw==	2008-10-24 03:14:54	42.133771400000000	118.563318820000000
gAAAAABnlj6c-u_Nqh1f6ewDRt2BT4CiGnOm5kwG4bvDybifoGASYFhg-lsL_yh1kMXkmKQexWVb1fQg_3jFWki84jhB5lDYKw==	2008-10-24 05:14:59	42.317766660000000	118.350914460000000
gAAAAABnlj6c-u_Nqh1f6ewDRt2BT4CiGnOm5kwG4bvDybifoGASYFhg-lsL_yh1kMXkmKQexWVb1fQg_3jFWki84jhB5lDYKw==	2008-10-24 04:15:04	42.495419310000000	118.464716490000000
gAAAAABnlj6c-u_Nqh1f6ewDRt2BT4CiGnOm5kwG4bvDybifoGASYFhg-lsL_yh1kMXkmKQexWVb1fQg_3jFWki84jhB5lDYKw==	2008-10-24 04:15:09	41.923268200000000	118.250279700000000
gAAAAABnlj6c-u_Nqh1f6ewDRt2BT4CiGnOm5kwG4bvDybifoGASYFhg-lsL_yh1kMXkmKQexWVb1fQg_3jFWki84jhB5lDYKw==	2008-10-24 04:15:14	42.332405090000000	118.065192290000000
gAAAAABnlj6c-u_Nqh1f6ewDRt2BT4CiGnOm5kwG4bvDybifoGASYFhg-lsL_yh1kMXkmKQexWVb1fQg_3jFWki84jhB5lDYKw==	2008-10-24 12:15:19	42.157794220000000	118.479535330000000
gAAAAABnlj6c-u_Nqh1f6ewDRt2BT4CiGnOm5kwG4bvDybifoGASYFhg-lsL_yh1kMXkmKQexWVb1fQg_3jFWki84jhB5lDYKw==	2008-10-24 10:15:24	42.159977310000000	118.236412030000000
gAAAAABnlj6c-u_Nqh1f6ewDRt2BT4CiGnOm5kwG4bvDybifoGASYFhg-lsL_yh1kMXkmKQexWVb1fQg_3jFWki84jhB5lDYKw==	2008-10-24 06:15:29	41.610878880000000	118.027667630000000
gAAAAABnlj6c-u_Nqh1f6ewDRt2BT4CiGnOm5kwG4bvDybifoGASYFhg-lsL_yh1kMXkmKQexWVb1fQg_3jFWki84jhB5lDYKw==	2008-10-24 10:21:54	42.003659320000000	118.741896730000000
gAAAAABnlj6c-u_Nqh1f6ewDRt2BT4CiGnOm5kwG4bvDybifoGASYFhg-lsL_yh1kMXkmKQexWVb1fQg_3jFWki84jhB5lDYKw==	2008-10-24 04:21:59	42.305453490000000	118.038801900000000
gAAAAABnlj6c-u_Nqh1f6ewDRt2BT4CiGnOm5kwG4bvDybifoGASYFhg-lsL_yh1kMXkmKQexWVb1fQg_3jFWki84jhB5lDYKw==	2008-10-24 07:22:04	41.749314950000000	118.390270200000000
gAAAAABnlj6c-u_Nqh1f6ewDRt2BT4CiGnOm5kwG4bvDybifoGASYFhg-lsL_yh1kMXkmKQexWVb1fQg_3jFWki84jhB5lDYKw==	2008-10-24 03:22:09	42.223941510000000	118.249868130000000
gAAAAABnlj6c-u_Nqh1f6ewDRt2BT4CiGnOm5kwG4bvDybifoGASYFhg-lsL_yh1kMXkmKQexWVb1fQg_3jFWki84jhB5lDYKw==	2008-10-24 11:22:14	41.900807930000000	118.303503930000000
gAAAAABnlj6c-u_Nqh1f6ewDRt2BT4CiGnOm5kwG4bvDybifoGASYFhg-lsL_yh1kMXkmKQexWVb1fQg_3jFWki84jhB5lDYKw==	2008-10-24 12:22:19	41.552227800000000	118.354402310000000
gAAAAABnlj6c-u_Nqh1f6ewDRt2BT4CiGnOm5kwG4bvDybifoGASYFhg-lsL_yh1kMXkmKQexWVb1fQg_3jFWki84jhB5lDYKw==	2008-10-24 11:22:24	42.464872770000000	118.275363850000000
gAAAAABnlj6c-u_Nqh1f6ewDRt2BT4CiGnOm5kwG4bvDybifoGASYFhg-lsL_yh1kMXkmKQexWVb1fQg_3jFWki84jhB5lDYKw==	2008-10-24 05:22:29	42.402275000000000	118.264807430000000
gAAAAABnlj6c-u_Nqh1f6ewDRt2BT4CiGnOm5kwG4bvDybifoGASYFhg-lsL_yh1kMXkmKQexWVb1fQg_3jFWki84jhB5lDYKw==	2008-10-24 05:22:34	42.042895050000000	118.525281850000000
gAAAAABnlj6c-u_Nqh1f6ewDRt2BT4CiGnOm5kwG4bvDybifoGASYFhg-lsL_yh1kMXkmKQexWVb1fQg_3jFWki84jhB5lDYKw==	2008-10-24 08:22:39	42.104056380000000	118.338495300000000
gAAAAABnlj6c-u_Nqh1f6ewDRt2BT4CiGnOm5kwG4bvDybifoGASYFhg-lsL_yh1kMXkmKQexWVb1fQg_3jFWki84jhB5lDYKw==	2008-10-24 10:22:44	42.387333170000000	118.201060520000000
gAAAAABnlj6c-u_Nqh1f6ewDRt2BT4CiGnOm5kwG4bvDybifoGASYFhg-lsL_yh1kMXkmKQexWVb1fQg_3jFWki84jhB5lDYKw==	2008-10-24 09:22:49	42.376270100000000	118.439924470000000
gAAAAABnlj6c-u_Nqh1f6ewDRt2BT4CiGnOm5kwG4bvDybifoGASYFhg-lsL_yh1kMXkmKQexWVb1fQg_3jFWki84jhB5lDYKw==	2008-10-24 06:22:54	41.968981300000000	117.902219900000000
gAAAAABnlj6c-u_Nqh1f6ewDRt2BT4CiGnOm5kwG4bvDybifoGASYFhg-lsL_yh1kMXkmKQexWVb1fQg_3jFWki84jhB5lDYKw==	2008-10-24 12:22:59	42.053065040000000	118.641828670000000
gAAAAABnlj6c-u_Nqh1f6ewDRt2BT4CiGnOm5kwG4bvDybifoGASYFhg-lsL_yh1kMXkmKQexWVb1fQg_3jFWki84jhB5lDYKw==	2008-10-24 11:23:02	42.433974520000000	118.455980640000000
gAAAAABnlj6c-u_Nqh1f6ewDRt2BT4CiGnOm5kwG4bvDybifoGASYFhg-lsL_yh1kMXkmKQexWVb1fQg_3jFWki84jhB5lDYKw==	2008-10-24 03:23:04	41.818233030000000	118.404528460000000
gAAAAABnlj6c-u_Nqh1f6ewDRt2BT4CiGnOm5kwG4bvDybifoGASYFhg-lsL_yh1kMXkmKQexWVb1fQg_3jFWki84jhB5lDYKw==	2008-10-24 07:23:09	41.957195090000000	118.653812430000000
gAAAAABnlj6c-u_Nqh1f6ewDRt2BT4CiGnOm5kwG4bvDybifoGASYFhg-lsL_yh1kMXkmKQexWVb1fQg_3jFWki84jhB5lDYKw==	2008-10-24 04:23:14	41.713887640000000	118.533115510000000
gAAAAABnlj6c-u_Nqh1f6ewDRt2BT4CiGnOm5kwG4bvDybifoGASYFhg-lsL_yh1kMXkmKQexWVb1fQg_3jFWki84jhB5lDYKw==	2008-10-24 06:23:19	42.097335350000000	118.818634670000000
gAAAAABnlj6c-u_Nqh1f6ewDRt2BT4CiGnOm5kwG4bvDybifoGASYFhg-lsL_yh1kMXkmKQexWVb1fQg_3jFWki84jhB5lDYKw==	2008-10-24 05:23:24	42.440893150000000	118.416700950000000
gAAAAABnlj6c-u_Nqh1f6ewDRt2BT4CiGnOm5kwG4bvDybifoGASYFhg-lsL_yh1kMXkmKQexWVb1fQg_3jFWki84jhB5lDYKw==	2008-10-24 08:23:27	41.819600580000000	118.036368740000000
gAAAAABnlj6c-u_Nqh1f6ewDRt2BT4CiGnOm5kwG4bvDybifoGASYFhg-lsL_yh1kMXkmKQexWVb1fQg_3jFWki84jhB5lDYKw==	2008-10-24 05:23:29	42.508392870000000	118.599022880000000
gAAAAABnlj6c-u_Nqh1f6ewDRt2BT4CiGnOm5kwG4bvDybifoGASYFhg-lsL_yh1kMXkmKQexWVb1fQg_3jFWki84jhB5lDYKw==	2008-10-24 04:23:34	41.581571820000000	118.569506080000000
gAAAAABnlj6c-u_Nqh1f6ewDRt2BT4CiGnOm5kwG4bvDybifoGASYFhg-lsL_yh1kMXkmKQexWVb1fQg_3jFWki84jhB5lDYKw==	2008-10-24 09:23:39	41.737118920000000	118.550504260000000
gAAAAABnlj6c-u_Nqh1f6ewDRt2BT4CiGnOm5kwG4bvDybifoGASYFhg-lsL_yh1kMXkmKQexWVb1fQg_3jFWki84jhB5lDYKw==	2008-10-24 03:23:44	41.536389520000000	118.180196700000000
gAAAAABnlj6c-u_Nqh1f6ewDRt2BT4CiGnOm5kwG4bvDybifoGASYFhg-lsL_yh1kMXkmKQexWVb1fQg_3jFWki84jhB5lDYKw==	2008-10-24 11:23:47	42.051796040000000	118.224631330000000
gAAAAABnlj6c-u_Nqh1f6ewDRt2BT4CiGnOm5kwG4bvDybifoGASYFhg-lsL_yh1kMXkmKQexWVb1fQg_3jFWki84jhB5lDYKw==	2008-10-24 05:23:49	41.668100810000000	118.776036620000000
gAAAAABnlj6c-u_Nqh1f6ewDRt2BT4CiGnOm5kwG4bvDybifoGASYFhg-lsL_yh1kMXkmKQexWVb1fQg_3jFWki84jhB5lDYKw==	2008-10-24 12:23:54	41.522879200000000	118.302335590000000
gAAAAABnlj6c-u_Nqh1f6ewDRt2BT4CiGnOm5kwG4bvDybifoGASYFhg-lsL_yh1kMXkmKQexWVb1fQg_3jFWki84jhB5lDYKw==	2008-10-24 05:23:59	42.215078460000000	118.170249810000000
gAAAAABnlj6c-u_Nqh1f6ewDRt2BT4CiGnOm5kwG4bvDybifoGASYFhg-lsL_yh1kMXkmKQexWVb1fQg_3jFWki84jhB5lDYKw==	2008-10-24 08:24:04	41.888289880000000	118.079871460000000
gAAAAABnlj6c_uC7_uLhPHxCV1pKcV1x_5_bLUCpza_TjjpLuWNHm7SmGKJMMHip2wwC6Fg3VqGblTttNfbepbqWJjd3tn6Rhw==	2009-09-20 13:59:01	44.170768510000000	119.176450900000000
gAAAAABnlj6c_uC7_uLhPHxCV1pKcV1x_5_bLUCpza_TjjpLuWNHm7SmGKJMMHip2wwC6Fg3VqGblTttNfbepbqWJjd3tn6Rhw==	2009-09-20 10:59:02	44.736030340000000	118.812665220000000
gAAAAABnlj6c_uC7_uLhPHxCV1pKcV1x_5_bLUCpza_TjjpLuWNHm7SmGKJMMHip2wwC6Fg3VqGblTttNfbepbqWJjd3tn6Rhw==	2009-09-20 11:59:04	44.690263760000000	119.747323400000000
gAAAAABnlj6c_uC7_uLhPHxCV1pKcV1x_5_bLUCpza_TjjpLuWNHm7SmGKJMMHip2wwC6Fg3VqGblTttNfbepbqWJjd3tn6Rhw==	2009-09-20 14:59:08	43.977753800000000	119.743098620000000
gAAAAABnlj6c_uC7_uLhPHxCV1pKcV1x_5_bLUCpza_TjjpLuWNHm7SmGKJMMHip2wwC6Fg3VqGblTttNfbepbqWJjd3tn6Rhw==	2009-09-20 07:59:10	44.314879450000000	119.692592970000000
gAAAAABnlj6c_uC7_uLhPHxCV1pKcV1x_5_bLUCpza_TjjpLuWNHm7SmGKJMMHip2wwC6Fg3VqGblTttNfbepbqWJjd3tn6Rhw==	2009-09-20 07:59:15	44.222587420000000	119.215606770000000
gAAAAABnlj6c_uC7_uLhPHxCV1pKcV1x_5_bLUCpza_TjjpLuWNHm7SmGKJMMHip2wwC6Fg3VqGblTttNfbepbqWJjd3tn6Rhw==	2009-09-20 07:59:17	44.562617350000000	118.803086420000000
gAAAAABnlj6c_uC7_uLhPHxCV1pKcV1x_5_bLUCpza_TjjpLuWNHm7SmGKJMMHip2wwC6Fg3VqGblTttNfbepbqWJjd3tn6Rhw==	2009-09-20 10:59:19	44.702048510000000	119.202668850000000
gAAAAABnlj6c_uC7_uLhPHxCV1pKcV1x_5_bLUCpza_TjjpLuWNHm7SmGKJMMHip2wwC6Fg3VqGblTttNfbepbqWJjd3tn6Rhw==	2009-09-20 16:59:21	44.693568640000000	119.601384070000000
gAAAAABnlj6c_uC7_uLhPHxCV1pKcV1x_5_bLUCpza_TjjpLuWNHm7SmGKJMMHip2wwC6Fg3VqGblTttNfbepbqWJjd3tn6Rhw==	2009-09-20 12:59:59	44.724566930000000	119.687545660000000
gAAAAABnlj6c_uC7_uLhPHxCV1pKcV1x_5_bLUCpza_TjjpLuWNHm7SmGKJMMHip2wwC6Fg3VqGblTttNfbepbqWJjd3tn6Rhw==	2009-09-20 14:00:01	44.868082540000000	118.964278110000000
gAAAAABnlj6c_uC7_uLhPHxCV1pKcV1x_5_bLUCpza_TjjpLuWNHm7SmGKJMMHip2wwC6Fg3VqGblTttNfbepbqWJjd3tn6Rhw==	2009-09-20 16:00:03	43.906514060000000	119.485360720000000
gAAAAABnlj6c_uC7_uLhPHxCV1pKcV1x_5_bLUCpza_TjjpLuWNHm7SmGKJMMHip2wwC6Fg3VqGblTttNfbepbqWJjd3tn6Rhw==	2009-09-20 13:00:05	44.057849810000000	118.879212370000000
gAAAAABnlj6c_uC7_uLhPHxCV1pKcV1x_5_bLUCpza_TjjpLuWNHm7SmGKJMMHip2wwC6Fg3VqGblTttNfbepbqWJjd3tn6Rhw==	2009-09-20 08:00:26	44.244460160000000	119.536789150000000
gAAAAABnlj6c_uC7_uLhPHxCV1pKcV1x_5_bLUCpza_TjjpLuWNHm7SmGKJMMHip2wwC6Fg3VqGblTttNfbepbqWJjd3tn6Rhw==	2009-09-20 17:00:28	44.385079910000000	119.560006970000000
gAAAAABnlj6c_uC7_uLhPHxCV1pKcV1x_5_bLUCpza_TjjpLuWNHm7SmGKJMMHip2wwC6Fg3VqGblTttNfbepbqWJjd3tn6Rhw==	2009-09-20 12:00:30	44.467807700000000	119.687636430000000
gAAAAABnlj6c_uC7_uLhPHxCV1pKcV1x_5_bLUCpza_TjjpLuWNHm7SmGKJMMHip2wwC6Fg3VqGblTttNfbepbqWJjd3tn6Rhw==	2009-09-20 13:00:32	44.040353560000000	119.158701330000000
gAAAAABnlj6c_uC7_uLhPHxCV1pKcV1x_5_bLUCpza_TjjpLuWNHm7SmGKJMMHip2wwC6Fg3VqGblTttNfbepbqWJjd3tn6Rhw==	2009-09-20 10:00:34	44.282405220000000	119.465707770000000
gAAAAABnlj6c_uC7_uLhPHxCV1pKcV1x_5_bLUCpza_TjjpLuWNHm7SmGKJMMHip2wwC6Fg3VqGblTttNfbepbqWJjd3tn6Rhw==	2009-09-20 08:00:36	44.416633420000000	119.744278080000000
gAAAAABnlj6c_uC7_uLhPHxCV1pKcV1x_5_bLUCpza_TjjpLuWNHm7SmGKJMMHip2wwC6Fg3VqGblTttNfbepbqWJjd3tn6Rhw==	2009-09-20 12:00:38	44.851739020000000	119.461388740000000
gAAAAABnlj6c_uC7_uLhPHxCV1pKcV1x_5_bLUCpza_TjjpLuWNHm7SmGKJMMHip2wwC6Fg3VqGblTttNfbepbqWJjd3tn6Rhw==	2009-09-20 10:00:40	44.128667970000000	119.485725530000000
gAAAAABnlj6c_uC7_uLhPHxCV1pKcV1x_5_bLUCpza_TjjpLuWNHm7SmGKJMMHip2wwC6Fg3VqGblTttNfbepbqWJjd3tn6Rhw==	2009-09-20 12:00:42	44.043732230000000	119.411385710000000
gAAAAABnlj6c_uC7_uLhPHxCV1pKcV1x_5_bLUCpza_TjjpLuWNHm7SmGKJMMHip2wwC6Fg3VqGblTttNfbepbqWJjd3tn6Rhw==	2009-09-20 15:00:44	44.320685460000000	119.099707950000000
gAAAAABnlj6c_uC7_uLhPHxCV1pKcV1x_5_bLUCpza_TjjpLuWNHm7SmGKJMMHip2wwC6Fg3VqGblTttNfbepbqWJjd3tn6Rhw==	2009-09-20 08:00:46	44.091035060000000	119.103716020000000
gAAAAABnlj6c_uC7_uLhPHxCV1pKcV1x_5_bLUCpza_TjjpLuWNHm7SmGKJMMHip2wwC6Fg3VqGblTttNfbepbqWJjd3tn6Rhw==	2009-09-20 16:00:48	43.934203780000000	119.301452510000000
gAAAAABnlj6c_uC7_uLhPHxCV1pKcV1x_5_bLUCpza_TjjpLuWNHm7SmGKJMMHip2wwC6Fg3VqGblTttNfbepbqWJjd3tn6Rhw==	2009-09-20 09:00:50	44.667533930000000	119.133935380000000
gAAAAABnlj6c_uC7_uLhPHxCV1pKcV1x_5_bLUCpza_TjjpLuWNHm7SmGKJMMHip2wwC6Fg3VqGblTttNfbepbqWJjd3tn6Rhw==	2009-09-20 15:00:52	43.958838980000000	119.374729400000000
gAAAAABnlj6c_uC7_uLhPHxCV1pKcV1x_5_bLUCpza_TjjpLuWNHm7SmGKJMMHip2wwC6Fg3VqGblTttNfbepbqWJjd3tn6Rhw==	2009-09-20 16:00:54	44.809784280000000	119.141727540000000
gAAAAABnlj6c_uC7_uLhPHxCV1pKcV1x_5_bLUCpza_TjjpLuWNHm7SmGKJMMHip2wwC6Fg3VqGblTttNfbepbqWJjd3tn6Rhw==	2009-09-20 15:00:56	44.560955150000000	119.085832400000000
gAAAAABnlj6c_uC7_uLhPHxCV1pKcV1x_5_bLUCpza_TjjpLuWNHm7SmGKJMMHip2wwC6Fg3VqGblTttNfbepbqWJjd3tn6Rhw==	2009-09-20 11:00:58	44.498067590000000	118.807473940000000
gAAAAABnlj6c_uC7_uLhPHxCV1pKcV1x_5_bLUCpza_TjjpLuWNHm7SmGKJMMHip2wwC6Fg3VqGblTttNfbepbqWJjd3tn6Rhw==	2009-09-20 13:01:00	43.941594740000000	119.473356500000000
gAAAAABnlj6c_uC7_uLhPHxCV1pKcV1x_5_bLUCpza_TjjpLuWNHm7SmGKJMMHip2wwC6Fg3VqGblTttNfbepbqWJjd3tn6Rhw==	2009-09-20 16:01:02	44.156629480000000	119.711124290000000
gAAAAABnlj6c_uC7_uLhPHxCV1pKcV1x_5_bLUCpza_TjjpLuWNHm7SmGKJMMHip2wwC6Fg3VqGblTttNfbepbqWJjd3tn6Rhw==	2009-09-20 17:01:04	44.580593460000000	119.715881650000000
gAAAAABnlj6c_uC7_uLhPHxCV1pKcV1x_5_bLUCpza_TjjpLuWNHm7SmGKJMMHip2wwC6Fg3VqGblTttNfbepbqWJjd3tn6Rhw==	2009-09-20 10:01:06	44.292811510000000	119.652368770000000
gAAAAABnlj6c_uC7_uLhPHxCV1pKcV1x_5_bLUCpza_TjjpLuWNHm7SmGKJMMHip2wwC6Fg3VqGblTttNfbepbqWJjd3tn6Rhw==	2009-09-20 09:01:08	44.505236030000000	118.791624340000000
gAAAAABnlj6c_uC7_uLhPHxCV1pKcV1x_5_bLUCpza_TjjpLuWNHm7SmGKJMMHip2wwC6Fg3VqGblTttNfbepbqWJjd3tn6Rhw==	2009-09-20 16:01:10	44.106578140000000	119.705802330000000
gAAAAABnlj6c_uC7_uLhPHxCV1pKcV1x_5_bLUCpza_TjjpLuWNHm7SmGKJMMHip2wwC6Fg3VqGblTttNfbepbqWJjd3tn6Rhw==	2009-09-20 10:01:12	43.954337310000000	119.005408410000000
gAAAAABnlj6c_uC7_uLhPHxCV1pKcV1x_5_bLUCpza_TjjpLuWNHm7SmGKJMMHip2wwC6Fg3VqGblTttNfbepbqWJjd3tn6Rhw==	2009-09-20 17:01:14	44.603638900000000	118.995716680000000
gAAAAABnlj6c_uC7_uLhPHxCV1pKcV1x_5_bLUCpza_TjjpLuWNHm7SmGKJMMHip2wwC6Fg3VqGblTttNfbepbqWJjd3tn6Rhw==	2009-09-20 15:01:16	44.082729470000000	119.550267120000000
gAAAAABnlj6c_uC7_uLhPHxCV1pKcV1x_5_bLUCpza_TjjpLuWNHm7SmGKJMMHip2wwC6Fg3VqGblTttNfbepbqWJjd3tn6Rhw==	2009-09-20 08:01:18	44.837543690000000	119.481845630000000
gAAAAABnlj6c_uC7_uLhPHxCV1pKcV1x_5_bLUCpza_TjjpLuWNHm7SmGKJMMHip2wwC6Fg3VqGblTttNfbepbqWJjd3tn6Rhw==	2009-09-20 13:01:20	44.578842400000000	118.781340550000000
gAAAAABnlj6c_uC7_uLhPHxCV1pKcV1x_5_bLUCpza_TjjpLuWNHm7SmGKJMMHip2wwC6Fg3VqGblTttNfbepbqWJjd3tn6Rhw==	2009-09-20 12:01:22	44.820819970000000	119.499704620000000
gAAAAABnlj6c_uC7_uLhPHxCV1pKcV1x_5_bLUCpza_TjjpLuWNHm7SmGKJMMHip2wwC6Fg3VqGblTttNfbepbqWJjd3tn6Rhw==	2009-09-20 10:01:24	43.959252630000000	119.655706520000000
gAAAAABnlj6c_uC7_uLhPHxCV1pKcV1x_5_bLUCpza_TjjpLuWNHm7SmGKJMMHip2wwC6Fg3VqGblTttNfbepbqWJjd3tn6Rhw==	2009-09-20 08:01:26	44.483436510000000	119.515836510000000
gAAAAABnlj6c_uC7_uLhPHxCV1pKcV1x_5_bLUCpza_TjjpLuWNHm7SmGKJMMHip2wwC6Fg3VqGblTttNfbepbqWJjd3tn6Rhw==	2009-09-20 15:01:28	44.070083460000000	119.095377620000000
gAAAAABnlj6c_uC7_uLhPHxCV1pKcV1x_5_bLUCpza_TjjpLuWNHm7SmGKJMMHip2wwC6Fg3VqGblTttNfbepbqWJjd3tn6Rhw==	2009-09-20 11:01:30	43.955126540000000	119.415797120000000
gAAAAABnlj6c_uC7_uLhPHxCV1pKcV1x_5_bLUCpza_TjjpLuWNHm7SmGKJMMHip2wwC6Fg3VqGblTttNfbepbqWJjd3tn6Rhw==	2009-09-20 12:01:32	44.525380190000000	119.013851170000000
gAAAAABnlj6c_uC7_uLhPHxCV1pKcV1x_5_bLUCpza_TjjpLuWNHm7SmGKJMMHip2wwC6Fg3VqGblTttNfbepbqWJjd3tn6Rhw==	2009-09-20 17:01:34	43.962201580000000	119.725772370000000
gAAAAABnlj6c_uC7_uLhPHxCV1pKcV1x_5_bLUCpza_TjjpLuWNHm7SmGKJMMHip2wwC6Fg3VqGblTttNfbepbqWJjd3tn6Rhw==	2009-09-20 11:01:36	44.801950810000000	119.277980570000000
gAAAAABnlj6c_uC7_uLhPHxCV1pKcV1x_5_bLUCpza_TjjpLuWNHm7SmGKJMMHip2wwC6Fg3VqGblTttNfbepbqWJjd3tn6Rhw==	2009-09-20 11:01:38	44.450241570000000	119.375903900000000
gAAAAABnlj6c_uC7_uLhPHxCV1pKcV1x_5_bLUCpza_TjjpLuWNHm7SmGKJMMHip2wwC6Fg3VqGblTttNfbepbqWJjd3tn6Rhw==	2009-09-20 11:01:40	44.353487190000000	118.772898840000000
gAAAAABnlj6c_uC7_uLhPHxCV1pKcV1x_5_bLUCpza_TjjpLuWNHm7SmGKJMMHip2wwC6Fg3VqGblTttNfbepbqWJjd3tn6Rhw==	2009-09-20 14:01:42	44.561499740000000	119.226682060000000
gAAAAABnlj6c_uC7_uLhPHxCV1pKcV1x_5_bLUCpza_TjjpLuWNHm7SmGKJMMHip2wwC6Fg3VqGblTttNfbepbqWJjd3tn6Rhw==	2009-09-20 08:01:44	44.218204270000000	119.734199490000000
gAAAAABnlj6c_uC7_uLhPHxCV1pKcV1x_5_bLUCpza_TjjpLuWNHm7SmGKJMMHip2wwC6Fg3VqGblTttNfbepbqWJjd3tn6Rhw==	2009-09-20 13:01:46	44.772693250000000	118.951188720000000
gAAAAABnlj6c_uC7_uLhPHxCV1pKcV1x_5_bLUCpza_TjjpLuWNHm7SmGKJMMHip2wwC6Fg3VqGblTttNfbepbqWJjd3tn6Rhw==	2009-09-20 11:01:48	44.753748380000000	119.381821320000000
gAAAAABnlj6c_uC7_uLhPHxCV1pKcV1x_5_bLUCpza_TjjpLuWNHm7SmGKJMMHip2wwC6Fg3VqGblTttNfbepbqWJjd3tn6Rhw==	2009-09-20 08:01:50	44.599803310000000	119.100575040000000
gAAAAABnlj6c_uC7_uLhPHxCV1pKcV1x_5_bLUCpza_TjjpLuWNHm7SmGKJMMHip2wwC6Fg3VqGblTttNfbepbqWJjd3tn6Rhw==	2009-09-20 08:01:52	44.484062160000000	119.047731150000000
gAAAAABnlj6c_uC7_uLhPHxCV1pKcV1x_5_bLUCpza_TjjpLuWNHm7SmGKJMMHip2wwC6Fg3VqGblTttNfbepbqWJjd3tn6Rhw==	2009-09-20 09:01:54	44.209833150000000	119.502594680000000
gAAAAABnlj6c_uC7_uLhPHxCV1pKcV1x_5_bLUCpza_TjjpLuWNHm7SmGKJMMHip2wwC6Fg3VqGblTttNfbepbqWJjd3tn6Rhw==	2009-09-20 13:01:56	44.842218750000000	118.783032440000000
gAAAAABnlj6c_uC7_uLhPHxCV1pKcV1x_5_bLUCpza_TjjpLuWNHm7SmGKJMMHip2wwC6Fg3VqGblTttNfbepbqWJjd3tn6Rhw==	2009-09-20 14:01:58	44.167206390000000	119.663708480000000
gAAAAABnlj6c_uC7_uLhPHxCV1pKcV1x_5_bLUCpza_TjjpLuWNHm7SmGKJMMHip2wwC6Fg3VqGblTttNfbepbqWJjd3tn6Rhw==	2009-09-20 16:02:00	44.544973000000000	119.255051290000000
gAAAAABnlj6c_uC7_uLhPHxCV1pKcV1x_5_bLUCpza_TjjpLuWNHm7SmGKJMMHip2wwC6Fg3VqGblTttNfbepbqWJjd3tn6Rhw==	2009-09-20 14:02:02	43.975639340000000	119.351220250000000
gAAAAABnlj6c_uC7_uLhPHxCV1pKcV1x_5_bLUCpza_TjjpLuWNHm7SmGKJMMHip2wwC6Fg3VqGblTttNfbepbqWJjd3tn6Rhw==	2009-09-20 09:02:04	44.229164610000000	119.475529520000000
gAAAAABnlj6c_uC7_uLhPHxCV1pKcV1x_5_bLUCpza_TjjpLuWNHm7SmGKJMMHip2wwC6Fg3VqGblTttNfbepbqWJjd3tn6Rhw==	2009-09-20 10:02:06	44.755459370000000	119.642869080000000
gAAAAABnlj6c_uC7_uLhPHxCV1pKcV1x_5_bLUCpza_TjjpLuWNHm7SmGKJMMHip2wwC6Fg3VqGblTttNfbepbqWJjd3tn6Rhw==	2009-09-20 16:02:08	44.365193990000000	118.944388350000000
gAAAAABnlj6c_uC7_uLhPHxCV1pKcV1x_5_bLUCpza_TjjpLuWNHm7SmGKJMMHip2wwC6Fg3VqGblTttNfbepbqWJjd3tn6Rhw==	2009-09-20 09:02:10	44.651252990000000	118.960216080000000
gAAAAABnlj6c_uC7_uLhPHxCV1pKcV1x_5_bLUCpza_TjjpLuWNHm7SmGKJMMHip2wwC6Fg3VqGblTttNfbepbqWJjd3tn6Rhw==	2009-09-20 09:02:12	44.532530510000000	119.435690860000000
gAAAAABnlj6c_uC7_uLhPHxCV1pKcV1x_5_bLUCpza_TjjpLuWNHm7SmGKJMMHip2wwC6Fg3VqGblTttNfbepbqWJjd3tn6Rhw==	2009-09-20 13:02:14	43.929402210000000	119.235547860000000
gAAAAABnlj6c_uC7_uLhPHxCV1pKcV1x_5_bLUCpza_TjjpLuWNHm7SmGKJMMHip2wwC6Fg3VqGblTttNfbepbqWJjd3tn6Rhw==	2009-09-20 12:02:16	44.074965560000000	118.959867590000000
gAAAAABnlj6c_uC7_uLhPHxCV1pKcV1x_5_bLUCpza_TjjpLuWNHm7SmGKJMMHip2wwC6Fg3VqGblTttNfbepbqWJjd3tn6Rhw==	2009-09-20 09:02:18	44.187468240000000	119.140010060000000
gAAAAABnlj6c_uC7_uLhPHxCV1pKcV1x_5_bLUCpza_TjjpLuWNHm7SmGKJMMHip2wwC6Fg3VqGblTttNfbepbqWJjd3tn6Rhw==	2009-09-20 09:02:20	44.486005120000000	119.006242270000000
gAAAAABnlj6c_uC7_uLhPHxCV1pKcV1x_5_bLUCpza_TjjpLuWNHm7SmGKJMMHip2wwC6Fg3VqGblTttNfbepbqWJjd3tn6Rhw==	2009-09-20 17:02:22	44.002327100000000	119.490247960000000
gAAAAABnlj6c_uC7_uLhPHxCV1pKcV1x_5_bLUCpza_TjjpLuWNHm7SmGKJMMHip2wwC6Fg3VqGblTttNfbepbqWJjd3tn6Rhw==	2009-09-20 17:02:24	44.679444390000000	118.763412610000000
gAAAAABnlj6c_uC7_uLhPHxCV1pKcV1x_5_bLUCpza_TjjpLuWNHm7SmGKJMMHip2wwC6Fg3VqGblTttNfbepbqWJjd3tn6Rhw==	2009-09-20 10:02:26	44.034103450000000	119.131345540000000
gAAAAABnlj6c_uC7_uLhPHxCV1pKcV1x_5_bLUCpza_TjjpLuWNHm7SmGKJMMHip2wwC6Fg3VqGblTttNfbepbqWJjd3tn6Rhw==	2009-09-20 14:02:28	44.508059830000000	119.616039720000000
gAAAAABnlj6c_uC7_uLhPHxCV1pKcV1x_5_bLUCpza_TjjpLuWNHm7SmGKJMMHip2wwC6Fg3VqGblTttNfbepbqWJjd3tn6Rhw==	2009-09-20 11:02:30	44.551293020000000	119.054312640000000
gAAAAABnlj6c_uC7_uLhPHxCV1pKcV1x_5_bLUCpza_TjjpLuWNHm7SmGKJMMHip2wwC6Fg3VqGblTttNfbepbqWJjd3tn6Rhw==	2009-09-20 10:02:32	44.175534960000000	119.322279570000000
gAAAAABnlj6c_uC7_uLhPHxCV1pKcV1x_5_bLUCpza_TjjpLuWNHm7SmGKJMMHip2wwC6Fg3VqGblTttNfbepbqWJjd3tn6Rhw==	2009-09-20 11:02:34	43.925790710000000	119.621556570000000
gAAAAABnlj6c_uC7_uLhPHxCV1pKcV1x_5_bLUCpza_TjjpLuWNHm7SmGKJMMHip2wwC6Fg3VqGblTttNfbepbqWJjd3tn6Rhw==	2009-09-20 16:02:36	44.226978730000000	118.920215330000000
gAAAAABnlj6c_uC7_uLhPHxCV1pKcV1x_5_bLUCpza_TjjpLuWNHm7SmGKJMMHip2wwC6Fg3VqGblTttNfbepbqWJjd3tn6Rhw==	2009-09-20 12:02:38	44.255927530000000	119.618514380000000
gAAAAABnlj6c_uC7_uLhPHxCV1pKcV1x_5_bLUCpza_TjjpLuWNHm7SmGKJMMHip2wwC6Fg3VqGblTttNfbepbqWJjd3tn6Rhw==	2009-09-20 15:02:40	43.913828560000000	119.187396040000000
gAAAAABnlj6c_uC7_uLhPHxCV1pKcV1x_5_bLUCpza_TjjpLuWNHm7SmGKJMMHip2wwC6Fg3VqGblTttNfbepbqWJjd3tn6Rhw==	2009-09-20 11:02:42	44.004676120000000	119.018604880000000
gAAAAABnlj6c_uC7_uLhPHxCV1pKcV1x_5_bLUCpza_TjjpLuWNHm7SmGKJMMHip2wwC6Fg3VqGblTttNfbepbqWJjd3tn6Rhw==	2009-09-20 08:02:44	44.450533940000000	118.830246400000000
gAAAAABnlj6c_uC7_uLhPHxCV1pKcV1x_5_bLUCpza_TjjpLuWNHm7SmGKJMMHip2wwC6Fg3VqGblTttNfbepbqWJjd3tn6Rhw==	2009-09-20 13:02:46	44.811432030000000	119.239368220000000
gAAAAABnlj6c_uC7_uLhPHxCV1pKcV1x_5_bLUCpza_TjjpLuWNHm7SmGKJMMHip2wwC6Fg3VqGblTttNfbepbqWJjd3tn6Rhw==	2009-09-20 11:02:48	44.016958480000000	119.652321510000000
gAAAAABnlj6c_uC7_uLhPHxCV1pKcV1x_5_bLUCpza_TjjpLuWNHm7SmGKJMMHip2wwC6Fg3VqGblTttNfbepbqWJjd3tn6Rhw==	2009-09-20 10:02:50	44.836589600000000	119.560137490000000
gAAAAABnlj6c_uC7_uLhPHxCV1pKcV1x_5_bLUCpza_TjjpLuWNHm7SmGKJMMHip2wwC6Fg3VqGblTttNfbepbqWJjd3tn6Rhw==	2009-09-20 17:02:52	43.934660740000000	119.154146620000000
gAAAAABnlj6c_uC7_uLhPHxCV1pKcV1x_5_bLUCpza_TjjpLuWNHm7SmGKJMMHip2wwC6Fg3VqGblTttNfbepbqWJjd3tn6Rhw==	2009-09-20 16:02:54	44.346047110000000	119.257554370000000
gAAAAABnlj6c_uC7_uLhPHxCV1pKcV1x_5_bLUCpza_TjjpLuWNHm7SmGKJMMHip2wwC6Fg3VqGblTttNfbepbqWJjd3tn6Rhw==	2009-09-20 10:02:56	43.976973370000000	119.174550060000000
gAAAAABnlj6c_uC7_uLhPHxCV1pKcV1x_5_bLUCpza_TjjpLuWNHm7SmGKJMMHip2wwC6Fg3VqGblTttNfbepbqWJjd3tn6Rhw==	2009-09-20 16:02:58	44.224654800000000	119.130311210000000
gAAAAABnlj6c_uC7_uLhPHxCV1pKcV1x_5_bLUCpza_TjjpLuWNHm7SmGKJMMHip2wwC6Fg3VqGblTttNfbepbqWJjd3tn6Rhw==	2009-09-20 14:03:00	44.068407060000000	119.326058680000000
gAAAAABnlj6c_uC7_uLhPHxCV1pKcV1x_5_bLUCpza_TjjpLuWNHm7SmGKJMMHip2wwC6Fg3VqGblTttNfbepbqWJjd3tn6Rhw==	2009-09-20 16:03:02	44.507071840000000	119.381803160000000
gAAAAABnlj6c_uC7_uLhPHxCV1pKcV1x_5_bLUCpza_TjjpLuWNHm7SmGKJMMHip2wwC6Fg3VqGblTttNfbepbqWJjd3tn6Rhw==	2009-09-20 15:03:04	44.439488650000000	119.523892930000000
gAAAAABnlj6c_uC7_uLhPHxCV1pKcV1x_5_bLUCpza_TjjpLuWNHm7SmGKJMMHip2wwC6Fg3VqGblTttNfbepbqWJjd3tn6Rhw==	2009-09-20 17:03:06	44.704049350000000	119.473195830000000
gAAAAABnlj6c_uC7_uLhPHxCV1pKcV1x_5_bLUCpza_TjjpLuWNHm7SmGKJMMHip2wwC6Fg3VqGblTttNfbepbqWJjd3tn6Rhw==	2009-09-20 14:03:08	44.338947220000000	118.912769690000000
gAAAAABnlj6c_uC7_uLhPHxCV1pKcV1x_5_bLUCpza_TjjpLuWNHm7SmGKJMMHip2wwC6Fg3VqGblTttNfbepbqWJjd3tn6Rhw==	2009-09-20 17:03:10	44.804436000000000	119.131604630000000
gAAAAABnlj6c_uC7_uLhPHxCV1pKcV1x_5_bLUCpza_TjjpLuWNHm7SmGKJMMHip2wwC6Fg3VqGblTttNfbepbqWJjd3tn6Rhw==	2009-09-20 17:03:12	44.326017830000000	119.585551940000000
gAAAAABnlj6c_uC7_uLhPHxCV1pKcV1x_5_bLUCpza_TjjpLuWNHm7SmGKJMMHip2wwC6Fg3VqGblTttNfbepbqWJjd3tn6Rhw==	2009-09-20 17:03:14	44.161317120000000	119.049172600000000
gAAAAABnlj6c_uC7_uLhPHxCV1pKcV1x_5_bLUCpza_TjjpLuWNHm7SmGKJMMHip2wwC6Fg3VqGblTttNfbepbqWJjd3tn6Rhw==	2009-09-20 13:03:16	43.914726680000000	118.910346410000000
gAAAAABnlj6c_uC7_uLhPHxCV1pKcV1x_5_bLUCpza_TjjpLuWNHm7SmGKJMMHip2wwC6Fg3VqGblTttNfbepbqWJjd3tn6Rhw==	2009-09-20 14:03:18	44.870944250000000	118.936644540000000
gAAAAABnlj6c5vdk5b0a4pN45qBNxLNYyFjE6ZZdJ5FS-T7VBJdh2fdVJHO2aGnBna2PPY9POda_LCeRXdhlTom0HXthMbXmBg==	2007-12-11 13:16:37	41.776861950000000	118.706808850000000
gAAAAABnlj6c5vdk5b0a4pN45qBNxLNYyFjE6ZZdJ5FS-T7VBJdh2fdVJHO2aGnBna2PPY9POda_LCeRXdhlTom0HXthMbXmBg==	2007-12-11 10:18:07	41.624659280000000	118.400093540000000
gAAAAABnlj6c5vdk5b0a4pN45qBNxLNYyFjE6ZZdJ5FS-T7VBJdh2fdVJHO2aGnBna2PPY9POda_LCeRXdhlTom0HXthMbXmBg==	2007-12-11 10:18:40	41.783332400000000	118.327318690000000
gAAAAABnlj6c5vdk5b0a4pN45qBNxLNYyFjE6ZZdJ5FS-T7VBJdh2fdVJHO2aGnBna2PPY9POda_LCeRXdhlTom0HXthMbXmBg==	2007-12-11 06:19:06	42.321817290000000	117.948150630000000
gAAAAABnlj6c5vdk5b0a4pN45qBNxLNYyFjE6ZZdJ5FS-T7VBJdh2fdVJHO2aGnBna2PPY9POda_LCeRXdhlTom0HXthMbXmBg==	2007-12-11 13:19:55	42.370919430000000	118.783694700000000
gAAAAABnlj6c5vdk5b0a4pN45qBNxLNYyFjE6ZZdJ5FS-T7VBJdh2fdVJHO2aGnBna2PPY9POda_LCeRXdhlTom0HXthMbXmBg==	2007-12-11 14:21:04	42.190488800000000	117.925737740000000
gAAAAABnlj6c5vdk5b0a4pN45qBNxLNYyFjE6ZZdJ5FS-T7VBJdh2fdVJHO2aGnBna2PPY9POda_LCeRXdhlTom0HXthMbXmBg==	2007-12-11 08:22:52	42.067842430000000	117.990867050000000
gAAAAABnlj6c5vdk5b0a4pN45qBNxLNYyFjE6ZZdJ5FS-T7VBJdh2fdVJHO2aGnBna2PPY9POda_LCeRXdhlTom0HXthMbXmBg==	2007-12-11 09:23:43	41.869459060000000	118.473696090000000
gAAAAABnlj6c5vdk5b0a4pN45qBNxLNYyFjE6ZZdJ5FS-T7VBJdh2fdVJHO2aGnBna2PPY9POda_LCeRXdhlTom0HXthMbXmBg==	2007-12-11 05:24:39	42.018204820000000	118.250753500000000
gAAAAABnlj6c5vdk5b0a4pN45qBNxLNYyFjE6ZZdJ5FS-T7VBJdh2fdVJHO2aGnBna2PPY9POda_LCeRXdhlTom0HXthMbXmBg==	2007-12-11 09:26:08	42.093689300000000	118.760556070000000
gAAAAABnlj6c5vdk5b0a4pN45qBNxLNYyFjE6ZZdJ5FS-T7VBJdh2fdVJHO2aGnBna2PPY9POda_LCeRXdhlTom0HXthMbXmBg==	2007-12-11 07:47:55	41.953751950000000	118.610598790000000
gAAAAABnlj6c5vdk5b0a4pN45qBNxLNYyFjE6ZZdJ5FS-T7VBJdh2fdVJHO2aGnBna2PPY9POda_LCeRXdhlTom0HXthMbXmBg==	2007-12-11 09:48:15	42.038440000000000	118.424620060000000
gAAAAABnlj6c5vdk5b0a4pN45qBNxLNYyFjE6ZZdJ5FS-T7VBJdh2fdVJHO2aGnBna2PPY9POda_LCeRXdhlTom0HXthMbXmBg==	2007-12-11 09:48:27	41.723010000000000	118.101127560000000
gAAAAABnlj6c5vdk5b0a4pN45qBNxLNYyFjE6ZZdJ5FS-T7VBJdh2fdVJHO2aGnBna2PPY9POda_LCeRXdhlTom0HXthMbXmBg==	2007-12-11 13:49:34	42.453632720000000	118.065203190000000
gAAAAABnlj6c5vdk5b0a4pN45qBNxLNYyFjE6ZZdJ5FS-T7VBJdh2fdVJHO2aGnBna2PPY9POda_LCeRXdhlTom0HXthMbXmBg==	2007-12-11 14:53:23	42.000944830000000	118.658538310000000
gAAAAABnlj6c5vdk5b0a4pN45qBNxLNYyFjE6ZZdJ5FS-T7VBJdh2fdVJHO2aGnBna2PPY9POda_LCeRXdhlTom0HXthMbXmBg==	2007-12-11 08:54:51	41.486831280000000	118.665698320000000
gAAAAABnlj6c5vdk5b0a4pN45qBNxLNYyFjE6ZZdJ5FS-T7VBJdh2fdVJHO2aGnBna2PPY9POda_LCeRXdhlTom0HXthMbXmBg==	2007-12-11 14:56:39	41.787671790000000	117.864955250000000
gAAAAABnlj6c5vdk5b0a4pN45qBNxLNYyFjE6ZZdJ5FS-T7VBJdh2fdVJHO2aGnBna2PPY9POda_LCeRXdhlTom0HXthMbXmBg==	2007-12-11 12:57:56	42.202035150000000	118.151965180000000
gAAAAABnlj6c5vdk5b0a4pN45qBNxLNYyFjE6ZZdJ5FS-T7VBJdh2fdVJHO2aGnBna2PPY9POda_LCeRXdhlTom0HXthMbXmBg==	2007-12-11 08:58:29	42.055677090000000	118.115612070000000
gAAAAABnlj6c5vdk5b0a4pN45qBNxLNYyFjE6ZZdJ5FS-T7VBJdh2fdVJHO2aGnBna2PPY9POda_LCeRXdhlTom0HXthMbXmBg==	2007-12-11 06:59:47	42.444615180000000	118.507489980000000
gAAAAABnlj6c5vdk5b0a4pN45qBNxLNYyFjE6ZZdJ5FS-T7VBJdh2fdVJHO2aGnBna2PPY9POda_LCeRXdhlTom0HXthMbXmBg==	2007-12-11 13:00:50	41.635706340000000	118.633837200000000
gAAAAABnlj6c5vdk5b0a4pN45qBNxLNYyFjE6ZZdJ5FS-T7VBJdh2fdVJHO2aGnBna2PPY9POda_LCeRXdhlTom0HXthMbXmBg==	2007-12-11 08:49:32	42.056973460000000	117.942837440000000
gAAAAABnlj6c5vdk5b0a4pN45qBNxLNYyFjE6ZZdJ5FS-T7VBJdh2fdVJHO2aGnBna2PPY9POda_LCeRXdhlTom0HXthMbXmBg==	2007-12-11 10:51:36	41.852495330000000	118.198254550000000
gAAAAABnlj6c5vdk5b0a4pN45qBNxLNYyFjE6ZZdJ5FS-T7VBJdh2fdVJHO2aGnBna2PPY9POda_LCeRXdhlTom0HXthMbXmBg==	2007-12-11 17:19:34	42.378768880000000	118.377705870000000
gAAAAABnlj6c5vdk5b0a4pN45qBNxLNYyFjE6ZZdJ5FS-T7VBJdh2fdVJHO2aGnBna2PPY9POda_LCeRXdhlTom0HXthMbXmBg==	2007-12-11 14:19:39	41.977642180000000	118.509050830000000
gAAAAABnlj6c5vdk5b0a4pN45qBNxLNYyFjE6ZZdJ5FS-T7VBJdh2fdVJHO2aGnBna2PPY9POda_LCeRXdhlTom0HXthMbXmBg==	2007-12-11 18:20:03	41.903247050000000	118.243903840000000
gAAAAABnlj6c5vdk5b0a4pN45qBNxLNYyFjE6ZZdJ5FS-T7VBJdh2fdVJHO2aGnBna2PPY9POda_LCeRXdhlTom0HXthMbXmBg==	2007-12-11 15:22:31	41.435182360000000	118.045294780000000
gAAAAABnlj6c5vdk5b0a4pN45qBNxLNYyFjE6ZZdJ5FS-T7VBJdh2fdVJHO2aGnBna2PPY9POda_LCeRXdhlTom0HXthMbXmBg==	2007-12-11 17:24:08	42.020850650000000	118.373313820000000
gAAAAABnlj6c5vdk5b0a4pN45qBNxLNYyFjE6ZZdJ5FS-T7VBJdh2fdVJHO2aGnBna2PPY9POda_LCeRXdhlTom0HXthMbXmBg==	2007-12-11 11:25:34	42.237698790000000	118.700621690000000
gAAAAABnlj6c5vdk5b0a4pN45qBNxLNYyFjE6ZZdJ5FS-T7VBJdh2fdVJHO2aGnBna2PPY9POda_LCeRXdhlTom0HXthMbXmBg==	2007-12-11 10:26:07	42.118383570000000	118.828509500000000
gAAAAABnlj6c5vdk5b0a4pN45qBNxLNYyFjE6ZZdJ5FS-T7VBJdh2fdVJHO2aGnBna2PPY9POda_LCeRXdhlTom0HXthMbXmBg==	2007-12-11 12:26:29	41.629212870000000	118.357960490000000
gAAAAABnlj6c5vdk5b0a4pN45qBNxLNYyFjE6ZZdJ5FS-T7VBJdh2fdVJHO2aGnBna2PPY9POda_LCeRXdhlTom0HXthMbXmBg==	2007-12-11 13:44:22	41.688310070000000	118.419208910000000
gAAAAABnlj6c5vdk5b0a4pN45qBNxLNYyFjE6ZZdJ5FS-T7VBJdh2fdVJHO2aGnBna2PPY9POda_LCeRXdhlTom0HXthMbXmBg==	2007-12-11 17:45:23	41.592368730000000	117.958285790000000
gAAAAABnlj6c5vdk5b0a4pN45qBNxLNYyFjE6ZZdJ5FS-T7VBJdh2fdVJHO2aGnBna2PPY9POda_LCeRXdhlTom0HXthMbXmBg==	2007-12-11 16:50:00	42.048991650000000	118.570281010000000
gAAAAABnlj6c5vdk5b0a4pN45qBNxLNYyFjE6ZZdJ5FS-T7VBJdh2fdVJHO2aGnBna2PPY9POda_LCeRXdhlTom0HXthMbXmBg==	2007-12-11 18:51:24	41.811817550000000	117.871324860000000
gAAAAABnlj6c5vdk5b0a4pN45qBNxLNYyFjE6ZZdJ5FS-T7VBJdh2fdVJHO2aGnBna2PPY9POda_LCeRXdhlTom0HXthMbXmBg==	2007-12-11 14:52:15	41.958643960000000	118.635541460000000
gAAAAABnlj6c5vdk5b0a4pN45qBNxLNYyFjE6ZZdJ5FS-T7VBJdh2fdVJHO2aGnBna2PPY9POda_LCeRXdhlTom0HXthMbXmBg==	2007-12-11 13:52:39	42.225341430000000	118.088896340000000
gAAAAABnlj6c5vdk5b0a4pN45qBNxLNYyFjE6ZZdJ5FS-T7VBJdh2fdVJHO2aGnBna2PPY9POda_LCeRXdhlTom0HXthMbXmBg==	2007-12-11 13:55:05	42.061105900000000	117.851202140000000
gAAAAABnlj6c5vdk5b0a4pN45qBNxLNYyFjE6ZZdJ5FS-T7VBJdh2fdVJHO2aGnBna2PPY9POda_LCeRXdhlTom0HXthMbXmBg==	2007-12-11 11:04:49	41.879893990000000	118.062052080000000
gAAAAABnlj6c5vdk5b0a4pN45qBNxLNYyFjE6ZZdJ5FS-T7VBJdh2fdVJHO2aGnBna2PPY9POda_LCeRXdhlTom0HXthMbXmBg==	2007-12-11 15:05:28	42.360612580000000	118.765130460000000
gAAAAABnlj6c5vdk5b0a4pN45qBNxLNYyFjE6ZZdJ5FS-T7VBJdh2fdVJHO2aGnBna2PPY9POda_LCeRXdhlTom0HXthMbXmBg==	2007-12-11 15:05:46	42.472159710000000	118.526430390000000
gAAAAABnlj6c5vdk5b0a4pN45qBNxLNYyFjE6ZZdJ5FS-T7VBJdh2fdVJHO2aGnBna2PPY9POda_LCeRXdhlTom0HXthMbXmBg==	2007-12-11 14:06:13	41.842800600000000	118.296114260000000
gAAAAABnlj6c5vdk5b0a4pN45qBNxLNYyFjE6ZZdJ5FS-T7VBJdh2fdVJHO2aGnBna2PPY9POda_LCeRXdhlTom0HXthMbXmBg==	2007-12-11 15:07:25	42.245071310000000	118.628755260000000
gAAAAABnlj6c5vdk5b0a4pN45qBNxLNYyFjE6ZZdJ5FS-T7VBJdh2fdVJHO2aGnBna2PPY9POda_LCeRXdhlTom0HXthMbXmBg==	2007-12-11 15:45:19	42.090027860000000	117.960060400000000
gAAAAABnlj6c5vdk5b0a4pN45qBNxLNYyFjE6ZZdJ5FS-T7VBJdh2fdVJHO2aGnBna2PPY9POda_LCeRXdhlTom0HXthMbXmBg==	2007-12-11 11:45:39	42.420110620000000	118.092586730000000
gAAAAABnlj6c5vdk5b0a4pN45qBNxLNYyFjE6ZZdJ5FS-T7VBJdh2fdVJHO2aGnBna2PPY9POda_LCeRXdhlTom0HXthMbXmBg==	2007-12-11 16:46:33	41.832620980000000	118.367278510000000
gAAAAABnlj6c5vdk5b0a4pN45qBNxLNYyFjE6ZZdJ5FS-T7VBJdh2fdVJHO2aGnBna2PPY9POda_LCeRXdhlTom0HXthMbXmBg==	2007-12-11 18:47:11	41.702396250000000	117.871190680000000
gAAAAABnlj6c5vdk5b0a4pN45qBNxLNYyFjE6ZZdJ5FS-T7VBJdh2fdVJHO2aGnBna2PPY9POda_LCeRXdhlTom0HXthMbXmBg==	2007-12-11 15:49:54	42.068514190000000	118.072948410000000
gAAAAABnlj6c5vdk5b0a4pN45qBNxLNYyFjE6ZZdJ5FS-T7VBJdh2fdVJHO2aGnBna2PPY9POda_LCeRXdhlTom0HXthMbXmBg==	2007-12-11 10:51:26	41.728782820000000	118.560211190000000
gAAAAABnlj6c5vdk5b0a4pN45qBNxLNYyFjE6ZZdJ5FS-T7VBJdh2fdVJHO2aGnBna2PPY9POda_LCeRXdhlTom0HXthMbXmBg==	2007-12-11 12:52:26	42.207691430000000	118.516869910000000
gAAAAABnlj6c5vdk5b0a4pN45qBNxLNYyFjE6ZZdJ5FS-T7VBJdh2fdVJHO2aGnBna2PPY9POda_LCeRXdhlTom0HXthMbXmBg==	2007-12-11 18:53:12	41.822586090000000	118.095828890000000
gAAAAABnlj6c5vdk5b0a4pN45qBNxLNYyFjE6ZZdJ5FS-T7VBJdh2fdVJHO2aGnBna2PPY9POda_LCeRXdhlTom0HXthMbXmBg==	2007-12-11 17:54:33	41.885923590000000	117.968906360000000
gAAAAABnlj6c5vdk5b0a4pN45qBNxLNYyFjE6ZZdJ5FS-T7VBJdh2fdVJHO2aGnBna2PPY9POda_LCeRXdhlTom0HXthMbXmBg==	2007-12-11 18:55:42	41.924334440000000	118.638295940000000
gAAAAABnlj6c5vdk5b0a4pN45qBNxLNYyFjE6ZZdJ5FS-T7VBJdh2fdVJHO2aGnBna2PPY9POda_LCeRXdhlTom0HXthMbXmBg==	2007-12-11 14:56:22	41.504634410000000	118.632028360000000
gAAAAABnlj6c5vdk5b0a4pN45qBNxLNYyFjE6ZZdJ5FS-T7VBJdh2fdVJHO2aGnBna2PPY9POda_LCeRXdhlTom0HXthMbXmBg==	2007-12-11 11:57:22	41.597198960000000	117.945143520000000
gAAAAABnlj6c5vdk5b0a4pN45qBNxLNYyFjE6ZZdJ5FS-T7VBJdh2fdVJHO2aGnBna2PPY9POda_LCeRXdhlTom0HXthMbXmBg==	2007-12-11 17:57:59	41.962717350000000	117.987043390000000
gAAAAABnlj6c5vdk5b0a4pN45qBNxLNYyFjE6ZZdJ5FS-T7VBJdh2fdVJHO2aGnBna2PPY9POda_LCeRXdhlTom0HXthMbXmBg==	2007-12-11 18:04:51	41.821376820000000	117.895342360000000
gAAAAABnlj6c5vdk5b0a4pN45qBNxLNYyFjE6ZZdJ5FS-T7VBJdh2fdVJHO2aGnBna2PPY9POda_LCeRXdhlTom0HXthMbXmBg==	2007-12-11 11:07:38	42.147085690000000	118.729219320000000
gAAAAABnlj6c5vdk5b0a4pN45qBNxLNYyFjE6ZZdJ5FS-T7VBJdh2fdVJHO2aGnBna2PPY9POda_LCeRXdhlTom0HXthMbXmBg==	2007-12-11 12:08:14	42.379286190000000	118.041938800000000
gAAAAABnlj6c5vdk5b0a4pN45qBNxLNYyFjE6ZZdJ5FS-T7VBJdh2fdVJHO2aGnBna2PPY9POda_LCeRXdhlTom0HXthMbXmBg==	2007-12-11 15:08:41	42.158404870000000	117.875665790000000
gAAAAABnlj6c5vdk5b0a4pN45qBNxLNYyFjE6ZZdJ5FS-T7VBJdh2fdVJHO2aGnBna2PPY9POda_LCeRXdhlTom0HXthMbXmBg==	2007-12-11 12:09:17	42.260792130000000	117.922455320000000
gAAAAABnlj6c5vdk5b0a4pN45qBNxLNYyFjE6ZZdJ5FS-T7VBJdh2fdVJHO2aGnBna2PPY9POda_LCeRXdhlTom0HXthMbXmBg==	2007-12-11 11:09:56	42.301400000000000	118.745539430000000
gAAAAABnlj6c5vdk5b0a4pN45qBNxLNYyFjE6ZZdJ5FS-T7VBJdh2fdVJHO2aGnBna2PPY9POda_LCeRXdhlTom0HXthMbXmBg==	2007-12-11 16:10:34	41.683099670000000	118.177697830000000
gAAAAABnlj6c5vdk5b0a4pN45qBNxLNYyFjE6ZZdJ5FS-T7VBJdh2fdVJHO2aGnBna2PPY9POda_LCeRXdhlTom0HXthMbXmBg==	2007-12-11 14:11:28	41.635580200000000	118.401040720000000
gAAAAABnlj6c5vdk5b0a4pN45qBNxLNYyFjE6ZZdJ5FS-T7VBJdh2fdVJHO2aGnBna2PPY9POda_LCeRXdhlTom0HXthMbXmBg==	2007-12-11 13:12:12	41.492925670000000	118.031003450000000
gAAAAABnlj6c5vdk5b0a4pN45qBNxLNYyFjE6ZZdJ5FS-T7VBJdh2fdVJHO2aGnBna2PPY9POda_LCeRXdhlTom0HXthMbXmBg==	2007-12-11 20:13:34	41.638059080000000	118.472118250000000
gAAAAABnlj6c5vdk5b0a4pN45qBNxLNYyFjE6ZZdJ5FS-T7VBJdh2fdVJHO2aGnBna2PPY9POda_LCeRXdhlTom0HXthMbXmBg==	2007-12-11 13:14:15	41.705916050000000	118.424297550000000
gAAAAABnlj6c5vdk5b0a4pN45qBNxLNYyFjE6ZZdJ5FS-T7VBJdh2fdVJHO2aGnBna2PPY9POda_LCeRXdhlTom0HXthMbXmBg==	2007-12-11 14:14:36	41.688580420000000	118.729020290000000
gAAAAABnlj6c5vdk5b0a4pN45qBNxLNYyFjE6ZZdJ5FS-T7VBJdh2fdVJHO2aGnBna2PPY9POda_LCeRXdhlTom0HXthMbXmBg==	2007-12-11 14:15:10	42.277410320000000	117.983783890000000
gAAAAABnlj6c5vdk5b0a4pN45qBNxLNYyFjE6ZZdJ5FS-T7VBJdh2fdVJHO2aGnBna2PPY9POda_LCeRXdhlTom0HXthMbXmBg==	2007-12-11 13:15:29	41.740980210000000	118.573058120000000
gAAAAABnlj6c5vdk5b0a4pN45qBNxLNYyFjE6ZZdJ5FS-T7VBJdh2fdVJHO2aGnBna2PPY9POda_LCeRXdhlTom0HXthMbXmBg==	2007-12-11 13:16:00	41.720193380000000	117.956520640000000
gAAAAABnlj6c5vdk5b0a4pN45qBNxLNYyFjE6ZZdJ5FS-T7VBJdh2fdVJHO2aGnBna2PPY9POda_LCeRXdhlTom0HXthMbXmBg==	2007-12-11 15:16:28	42.431695440000000	118.160007150000000
gAAAAABnlj6c5vdk5b0a4pN45qBNxLNYyFjE6ZZdJ5FS-T7VBJdh2fdVJHO2aGnBna2PPY9POda_LCeRXdhlTom0HXthMbXmBg==	2007-12-11 19:16:52	42.181987090000000	118.491460960000000
gAAAAABnlj6c5vdk5b0a4pN45qBNxLNYyFjE6ZZdJ5FS-T7VBJdh2fdVJHO2aGnBna2PPY9POda_LCeRXdhlTom0HXthMbXmBg==	2007-12-11 16:17:28	41.963449440000000	118.501669470000000
gAAAAABnlj6c5vdk5b0a4pN45qBNxLNYyFjE6ZZdJ5FS-T7VBJdh2fdVJHO2aGnBna2PPY9POda_LCeRXdhlTom0HXthMbXmBg==	2007-12-11 17:18:32	41.801873660000000	118.039509460000000
gAAAAABnlj6c5vdk5b0a4pN45qBNxLNYyFjE6ZZdJ5FS-T7VBJdh2fdVJHO2aGnBna2PPY9POda_LCeRXdhlTom0HXthMbXmBg==	2007-12-11 18:18:54	41.884910300000000	118.394943690000000
gAAAAABnlj6c5vdk5b0a4pN45qBNxLNYyFjE6ZZdJ5FS-T7VBJdh2fdVJHO2aGnBna2PPY9POda_LCeRXdhlTom0HXthMbXmBg==	2007-12-11 12:19:35	42.122931320000000	118.170341160000000
gAAAAABnlj6c5vdk5b0a4pN45qBNxLNYyFjE6ZZdJ5FS-T7VBJdh2fdVJHO2aGnBna2PPY9POda_LCeRXdhlTom0HXthMbXmBg==	2007-12-11 16:21:35	42.416649570000000	118.483261670000000
gAAAAABnlj6c5vdk5b0a4pN45qBNxLNYyFjE6ZZdJ5FS-T7VBJdh2fdVJHO2aGnBna2PPY9POda_LCeRXdhlTom0HXthMbXmBg==	2007-12-11 13:22:12	42.066871880000000	117.930117820000000
gAAAAABnlj6c5vdk5b0a4pN45qBNxLNYyFjE6ZZdJ5FS-T7VBJdh2fdVJHO2aGnBna2PPY9POda_LCeRXdhlTom0HXthMbXmBg==	2007-12-11 13:23:35	42.369930080000000	117.881578230000000
gAAAAABnlj6c5vdk5b0a4pN45qBNxLNYyFjE6ZZdJ5FS-T7VBJdh2fdVJHO2aGnBna2PPY9POda_LCeRXdhlTom0HXthMbXmBg==	2007-12-11 19:23:58	41.695692530000000	117.841232110000000
gAAAAABnlj6c5vdk5b0a4pN45qBNxLNYyFjE6ZZdJ5FS-T7VBJdh2fdVJHO2aGnBna2PPY9POda_LCeRXdhlTom0HXthMbXmBg==	2007-12-11 16:24:35	41.633846250000000	118.003229550000000
gAAAAABnlj6c5vdk5b0a4pN45qBNxLNYyFjE6ZZdJ5FS-T7VBJdh2fdVJHO2aGnBna2PPY9POda_LCeRXdhlTom0HXthMbXmBg==	2007-12-11 15:25:00	41.536987160000000	118.753285760000000
gAAAAABnlj6c5vdk5b0a4pN45qBNxLNYyFjE6ZZdJ5FS-T7VBJdh2fdVJHO2aGnBna2PPY9POda_LCeRXdhlTom0HXthMbXmBg==	2007-12-11 11:25:38	41.690174300000000	117.836141300000000
gAAAAABnlj6c5vdk5b0a4pN45qBNxLNYyFjE6ZZdJ5FS-T7VBJdh2fdVJHO2aGnBna2PPY9POda_LCeRXdhlTom0HXthMbXmBg==	2007-12-11 15:28:18	41.780146670000000	117.886711080000000
gAAAAABnlj6c5vdk5b0a4pN45qBNxLNYyFjE6ZZdJ5FS-T7VBJdh2fdVJHO2aGnBna2PPY9POda_LCeRXdhlTom0HXthMbXmBg==	2007-12-11 13:51:20	42.085764180000000	117.933844480000000
gAAAAABnlj6c5vdk5b0a4pN45qBNxLNYyFjE6ZZdJ5FS-T7VBJdh2fdVJHO2aGnBna2PPY9POda_LCeRXdhlTom0HXthMbXmBg==	2007-12-11 16:32:28	41.628049380000000	118.729769210000000
gAAAAABnlj6c5vdk5b0a4pN45qBNxLNYyFjE6ZZdJ5FS-T7VBJdh2fdVJHO2aGnBna2PPY9POda_LCeRXdhlTom0HXthMbXmBg==	2007-12-11 23:01:39	41.503288990000000	118.118090290000000
gAAAAABnlj6c5vdk5b0a4pN45qBNxLNYyFjE6ZZdJ5FS-T7VBJdh2fdVJHO2aGnBna2PPY9POda_LCeRXdhlTom0HXthMbXmBg==	2007-12-11 21:47:12	42.303265950000000	118.728329760000000
gAAAAABnlj6c5vdk5b0a4pN45qBNxLNYyFjE6ZZdJ5FS-T7VBJdh2fdVJHO2aGnBna2PPY9POda_LCeRXdhlTom0HXthMbXmBg==	2007-12-11 20:47:54	41.705727820000000	118.804572510000000
gAAAAABnlj6c5vdk5b0a4pN45qBNxLNYyFjE6ZZdJ5FS-T7VBJdh2fdVJHO2aGnBna2PPY9POda_LCeRXdhlTom0HXthMbXmBg==	2007-12-11 14:48:32	41.939134680000000	117.871329240000000
gAAAAABnlj6c5vdk5b0a4pN45qBNxLNYyFjE6ZZdJ5FS-T7VBJdh2fdVJHO2aGnBna2PPY9POda_LCeRXdhlTom0HXthMbXmBg==	2007-12-11 20:48:57	41.702411740000000	117.979910160000000
gAAAAABnlj6c5vdk5b0a4pN45qBNxLNYyFjE6ZZdJ5FS-T7VBJdh2fdVJHO2aGnBna2PPY9POda_LCeRXdhlTom0HXthMbXmBg==	2007-12-11 14:49:31	42.435596580000000	118.583477520000000
gAAAAABnlj6c5vdk5b0a4pN45qBNxLNYyFjE6ZZdJ5FS-T7VBJdh2fdVJHO2aGnBna2PPY9POda_LCeRXdhlTom0HXthMbXmBg==	2007-12-11 15:50:12	42.257675880000000	118.679619070000000
gAAAAABnlj6c5vdk5b0a4pN45qBNxLNYyFjE6ZZdJ5FS-T7VBJdh2fdVJHO2aGnBna2PPY9POda_LCeRXdhlTom0HXthMbXmBg==	2007-12-11 21:50:39	41.888782770000000	117.902549400000000
gAAAAABnlj6c5vdk5b0a4pN45qBNxLNYyFjE6ZZdJ5FS-T7VBJdh2fdVJHO2aGnBna2PPY9POda_LCeRXdhlTom0HXthMbXmBg==	2007-12-11 16:51:43	41.617323400000000	118.016371010000000
gAAAAABnlj6c5vdk5b0a4pN45qBNxLNYyFjE6ZZdJ5FS-T7VBJdh2fdVJHO2aGnBna2PPY9POda_LCeRXdhlTom0HXthMbXmBg==	2007-12-11 15:52:16	41.779891580000000	118.057430320000000
gAAAAABnlj6c5vdk5b0a4pN45qBNxLNYyFjE6ZZdJ5FS-T7VBJdh2fdVJHO2aGnBna2PPY9POda_LCeRXdhlTom0HXthMbXmBg==	2007-12-11 18:52:51	41.997539400000000	117.822910530000000
gAAAAABnlj6c5vdk5b0a4pN45qBNxLNYyFjE6ZZdJ5FS-T7VBJdh2fdVJHO2aGnBna2PPY9POda_LCeRXdhlTom0HXthMbXmBg==	2007-12-11 19:53:26	41.715343410000000	117.995678840000000
gAAAAABnlj6c5vdk5b0a4pN45qBNxLNYyFjE6ZZdJ5FS-T7VBJdh2fdVJHO2aGnBna2PPY9POda_LCeRXdhlTom0HXthMbXmBg==	2007-12-11 14:54:17	41.755033750000000	118.436966340000000
gAAAAABnlj6cZLXMBsCTmqFxvW8Xy9PtGDFLyKP16u2IL21UR7JIV8l1U6J1zYqqCcFnrKL0o-oaBn5O-0auN1H7KnAkDRr7NQ==	2023-12-11 09:16:37	51.060244110000000	3.888369740000000
gAAAAABnlj6cZLXMBsCTmqFxvW8Xy9PtGDFLyKP16u2IL21UR7JIV8l1U6J1zYqqCcFnrKL0o-oaBn5O-0auN1H7KnAkDRr7NQ==	2023-12-11 10:18:07	50.828969380000000	4.747494250000000
gAAAAABnlj6cZLXMBsCTmqFxvW8Xy9PtGDFLyKP16u2IL21UR7JIV8l1U6J1zYqqCcFnrKL0o-oaBn5O-0auN1H7KnAkDRr7NQ==	2023-12-11 07:19:37	50.709427810000000	4.637556180000000
gAAAAABnlj6cZLXMBsCTmqFxvW8Xy9PtGDFLyKP16u2IL21UR7JIV8l1U6J1zYqqCcFnrKL0o-oaBn5O-0auN1H7KnAkDRr7NQ==	2023-12-11 06:21:07	50.751867730000000	4.786579210000000
gAAAAABnlj6cZLXMBsCTmqFxvW8Xy9PtGDFLyKP16u2IL21UR7JIV8l1U6J1zYqqCcFnrKL0o-oaBn5O-0auN1H7KnAkDRr7NQ==	2023-12-11 08:22:37	50.634095860000000	3.939373690000000
gAAAAABnlj6cZLXMBsCTmqFxvW8Xy9PtGDFLyKP16u2IL21UR7JIV8l1U6J1zYqqCcFnrKL0o-oaBn5O-0auN1H7KnAkDRr7NQ==	2023-12-11 13:24:07	51.119190130000000	4.430056030000000
gAAAAABnlj6cZLXMBsCTmqFxvW8Xy9PtGDFLyKP16u2IL21UR7JIV8l1U6J1zYqqCcFnrKL0o-oaBn5O-0auN1H7KnAkDRr7NQ==	2023-12-11 08:25:37	50.769785370000000	3.947575490000000
gAAAAABnlj6cZLXMBsCTmqFxvW8Xy9PtGDFLyKP16u2IL21UR7JIV8l1U6J1zYqqCcFnrKL0o-oaBn5O-0auN1H7KnAkDRr7NQ==	2023-12-11 09:27:07	51.107057610000000	4.166282060000000
gAAAAABnlj6cZLXMBsCTmqFxvW8Xy9PtGDFLyKP16u2IL21UR7JIV8l1U6J1zYqqCcFnrKL0o-oaBn5O-0auN1H7KnAkDRr7NQ==	2023-12-11 05:28:37	50.379649710000000	4.570788000000000
gAAAAABnlj6cZLXMBsCTmqFxvW8Xy9PtGDFLyKP16u2IL21UR7JIV8l1U6J1zYqqCcFnrKL0o-oaBn5O-0auN1H7KnAkDRr7NQ==	2023-12-11 13:30:07	50.388062420000000	4.575732740000000
gAAAAABnlj6cZLXMBsCTmqFxvW8Xy9PtGDFLyKP16u2IL21UR7JIV8l1U6J1zYqqCcFnrKL0o-oaBn5O-0auN1H7KnAkDRr7NQ==	2023-12-11 06:31:37	51.111040830000000	4.183820320000000
gAAAAABnlj6cZLXMBsCTmqFxvW8Xy9PtGDFLyKP16u2IL21UR7JIV8l1U6J1zYqqCcFnrKL0o-oaBn5O-0auN1H7KnAkDRr7NQ==	2023-12-11 10:33:07	50.703553860000000	4.319296170000000
gAAAAABnlj6cZLXMBsCTmqFxvW8Xy9PtGDFLyKP16u2IL21UR7JIV8l1U6J1zYqqCcFnrKL0o-oaBn5O-0auN1H7KnAkDRr7NQ==	2023-12-11 10:34:37	50.454866960000000	4.380537390000000
gAAAAABnlj6cZLXMBsCTmqFxvW8Xy9PtGDFLyKP16u2IL21UR7JIV8l1U6J1zYqqCcFnrKL0o-oaBn5O-0auN1H7KnAkDRr7NQ==	2023-12-11 07:36:07	51.298421960000000	4.132456750000000
gAAAAABnlj6cZLXMBsCTmqFxvW8Xy9PtGDFLyKP16u2IL21UR7JIV8l1U6J1zYqqCcFnrKL0o-oaBn5O-0auN1H7KnAkDRr7NQ==	2023-12-11 06:37:37	50.961803020000000	4.693519850000000
gAAAAABnlj6cZLXMBsCTmqFxvW8Xy9PtGDFLyKP16u2IL21UR7JIV8l1U6J1zYqqCcFnrKL0o-oaBn5O-0auN1H7KnAkDRr7NQ==	2023-12-11 10:39:07	50.555103570000000	4.151854130000000
gAAAAABnlj6cZLXMBsCTmqFxvW8Xy9PtGDFLyKP16u2IL21UR7JIV8l1U6J1zYqqCcFnrKL0o-oaBn5O-0auN1H7KnAkDRr7NQ==	2023-12-11 13:40:37	51.278078630000000	3.904406050000000
gAAAAABnlj6cZLXMBsCTmqFxvW8Xy9PtGDFLyKP16u2IL21UR7JIV8l1U6J1zYqqCcFnrKL0o-oaBn5O-0auN1H7KnAkDRr7NQ==	2023-12-11 08:42:07	50.725114220000000	4.574261070000000
gAAAAABnlj6cZLXMBsCTmqFxvW8Xy9PtGDFLyKP16u2IL21UR7JIV8l1U6J1zYqqCcFnrKL0o-oaBn5O-0auN1H7KnAkDRr7NQ==	2023-12-11 12:43:37	50.429103930000000	4.726560180000000
gAAAAABnlj6cZLXMBsCTmqFxvW8Xy9PtGDFLyKP16u2IL21UR7JIV8l1U6J1zYqqCcFnrKL0o-oaBn5O-0auN1H7KnAkDRr7NQ==	2023-12-11 10:45:07	50.939771170000000	4.233223300000000
gAAAAABnlj6cZLXMBsCTmqFxvW8Xy9PtGDFLyKP16u2IL21UR7JIV8l1U6J1zYqqCcFnrKL0o-oaBn5O-0auN1H7KnAkDRr7NQ==	2023-12-11 07:46:37	50.995010390000000	4.037360980000000
gAAAAABnlj6cZLXMBsCTmqFxvW8Xy9PtGDFLyKP16u2IL21UR7JIV8l1U6J1zYqqCcFnrKL0o-oaBn5O-0auN1H7KnAkDRr7NQ==	2023-12-11 05:48:07	51.135341500000000	4.380082830000000
gAAAAABnlj6cZLXMBsCTmqFxvW8Xy9PtGDFLyKP16u2IL21UR7JIV8l1U6J1zYqqCcFnrKL0o-oaBn5O-0auN1H7KnAkDRr7NQ==	2023-12-11 08:49:37	51.242864470000000	3.814624940000000
gAAAAABnlj6cZLXMBsCTmqFxvW8Xy9PtGDFLyKP16u2IL21UR7JIV8l1U6J1zYqqCcFnrKL0o-oaBn5O-0auN1H7KnAkDRr7NQ==	2023-12-11 14:51:07	50.914586340000000	4.257284370000000
gAAAAABnlj6cZLXMBsCTmqFxvW8Xy9PtGDFLyKP16u2IL21UR7JIV8l1U6J1zYqqCcFnrKL0o-oaBn5O-0auN1H7KnAkDRr7NQ==	2023-12-11 09:52:37	50.740666600000000	4.417782770000000
gAAAAABnlj6cZLXMBsCTmqFxvW8Xy9PtGDFLyKP16u2IL21UR7JIV8l1U6J1zYqqCcFnrKL0o-oaBn5O-0auN1H7KnAkDRr7NQ==	2023-12-11 11:54:07	51.182601650000000	4.104802600000000
gAAAAABnlj6cZLXMBsCTmqFxvW8Xy9PtGDFLyKP16u2IL21UR7JIV8l1U6J1zYqqCcFnrKL0o-oaBn5O-0auN1H7KnAkDRr7NQ==	2023-12-11 10:55:37	50.494569550000000	4.533188290000000
gAAAAABnlj6cZLXMBsCTmqFxvW8Xy9PtGDFLyKP16u2IL21UR7JIV8l1U6J1zYqqCcFnrKL0o-oaBn5O-0auN1H7KnAkDRr7NQ==	2023-12-11 10:57:07	50.809158140000000	4.474493520000000
gAAAAABnlj6cZLXMBsCTmqFxvW8Xy9PtGDFLyKP16u2IL21UR7JIV8l1U6J1zYqqCcFnrKL0o-oaBn5O-0auN1H7KnAkDRr7NQ==	2023-12-11 11:58:37	51.078843890000000	4.484084260000000
gAAAAABnlj6cZLXMBsCTmqFxvW8Xy9PtGDFLyKP16u2IL21UR7JIV8l1U6J1zYqqCcFnrKL0o-oaBn5O-0auN1H7KnAkDRr7NQ==	2023-12-11 11:00:07	50.560552550000000	3.872111600000000
gAAAAABnlj6cZLXMBsCTmqFxvW8Xy9PtGDFLyKP16u2IL21UR7JIV8l1U6J1zYqqCcFnrKL0o-oaBn5O-0auN1H7KnAkDRr7NQ==	2023-12-11 07:01:37	51.043419010000000	4.374699590000000
gAAAAABnlj6cZLXMBsCTmqFxvW8Xy9PtGDFLyKP16u2IL21UR7JIV8l1U6J1zYqqCcFnrKL0o-oaBn5O-0auN1H7KnAkDRr7NQ==	2023-12-11 15:03:07	51.124460140000000	4.550096640000000
gAAAAABnlj6cZLXMBsCTmqFxvW8Xy9PtGDFLyKP16u2IL21UR7JIV8l1U6J1zYqqCcFnrKL0o-oaBn5O-0auN1H7KnAkDRr7NQ==	2023-12-11 06:04:37	51.331295470000000	3.983687830000000
gAAAAABnlj6cZLXMBsCTmqFxvW8Xy9PtGDFLyKP16u2IL21UR7JIV8l1U6J1zYqqCcFnrKL0o-oaBn5O-0auN1H7KnAkDRr7NQ==	2023-12-11 08:06:07	50.475091500000000	4.739254500000000
gAAAAABnlj6cZLXMBsCTmqFxvW8Xy9PtGDFLyKP16u2IL21UR7JIV8l1U6J1zYqqCcFnrKL0o-oaBn5O-0auN1H7KnAkDRr7NQ==	2023-12-11 09:07:37	51.122057810000000	4.750257930000000
gAAAAABnlj6cZLXMBsCTmqFxvW8Xy9PtGDFLyKP16u2IL21UR7JIV8l1U6J1zYqqCcFnrKL0o-oaBn5O-0auN1H7KnAkDRr7NQ==	2023-12-11 13:09:07	50.754508220000000	4.218015500000000
gAAAAABnlj6cZLXMBsCTmqFxvW8Xy9PtGDFLyKP16u2IL21UR7JIV8l1U6J1zYqqCcFnrKL0o-oaBn5O-0auN1H7KnAkDRr7NQ==	2023-12-11 11:10:37	50.808707750000000	4.786702990000000
gAAAAABnlj6cZLXMBsCTmqFxvW8Xy9PtGDFLyKP16u2IL21UR7JIV8l1U6J1zYqqCcFnrKL0o-oaBn5O-0auN1H7KnAkDRr7NQ==	2023-12-11 06:12:07	50.536329660000000	3.902673380000000
gAAAAABnlj6cZLXMBsCTmqFxvW8Xy9PtGDFLyKP16u2IL21UR7JIV8l1U6J1zYqqCcFnrKL0o-oaBn5O-0auN1H7KnAkDRr7NQ==	2023-12-11 11:13:37	50.956488090000000	4.755721170000000
gAAAAABnlj6cZLXMBsCTmqFxvW8Xy9PtGDFLyKP16u2IL21UR7JIV8l1U6J1zYqqCcFnrKL0o-oaBn5O-0auN1H7KnAkDRr7NQ==	2023-12-11 07:15:07	51.008965230000000	4.695215400000000
gAAAAABnlj6cZLXMBsCTmqFxvW8Xy9PtGDFLyKP16u2IL21UR7JIV8l1U6J1zYqqCcFnrKL0o-oaBn5O-0auN1H7KnAkDRr7NQ==	2023-12-11 07:16:37	51.309863660000000	4.706767990000000
gAAAAABnlj6cZLXMBsCTmqFxvW8Xy9PtGDFLyKP16u2IL21UR7JIV8l1U6J1zYqqCcFnrKL0o-oaBn5O-0auN1H7KnAkDRr7NQ==	2023-12-11 06:18:07	50.944070000000000	4.581706730000000
gAAAAABnlj6cZLXMBsCTmqFxvW8Xy9PtGDFLyKP16u2IL21UR7JIV8l1U6J1zYqqCcFnrKL0o-oaBn5O-0auN1H7KnAkDRr7NQ==	2023-12-11 06:19:37	50.949603470000000	4.748720960000000
gAAAAABnlj6cZLXMBsCTmqFxvW8Xy9PtGDFLyKP16u2IL21UR7JIV8l1U6J1zYqqCcFnrKL0o-oaBn5O-0auN1H7KnAkDRr7NQ==	2023-12-11 07:21:07	50.709910710000000	4.153398300000000
gAAAAABnlj6cZLXMBsCTmqFxvW8Xy9PtGDFLyKP16u2IL21UR7JIV8l1U6J1zYqqCcFnrKL0o-oaBn5O-0auN1H7KnAkDRr7NQ==	2023-12-11 13:22:37	50.518168540000000	4.771925260000000
gAAAAABnlj6cZLXMBsCTmqFxvW8Xy9PtGDFLyKP16u2IL21UR7JIV8l1U6J1zYqqCcFnrKL0o-oaBn5O-0auN1H7KnAkDRr7NQ==	2023-12-11 11:24:07	51.140901820000000	4.563280780000000
gAAAAABnlj6cZLXMBsCTmqFxvW8Xy9PtGDFLyKP16u2IL21UR7JIV8l1U6J1zYqqCcFnrKL0o-oaBn5O-0auN1H7KnAkDRr7NQ==	2023-12-11 07:25:37	50.925261340000000	4.663830090000000
gAAAAABnlj6cZLXMBsCTmqFxvW8Xy9PtGDFLyKP16u2IL21UR7JIV8l1U6J1zYqqCcFnrKL0o-oaBn5O-0auN1H7KnAkDRr7NQ==	2023-12-11 09:27:07	50.575501950000000	4.769607930000000
gAAAAABnlj6cZLXMBsCTmqFxvW8Xy9PtGDFLyKP16u2IL21UR7JIV8l1U6J1zYqqCcFnrKL0o-oaBn5O-0auN1H7KnAkDRr7NQ==	2023-12-11 13:28:37	50.592098460000000	4.442112990000000
gAAAAABnlj6cZLXMBsCTmqFxvW8Xy9PtGDFLyKP16u2IL21UR7JIV8l1U6J1zYqqCcFnrKL0o-oaBn5O-0auN1H7KnAkDRr7NQ==	2023-12-11 08:30:07	50.461913590000000	4.531493570000000
gAAAAABnlj6cZLXMBsCTmqFxvW8Xy9PtGDFLyKP16u2IL21UR7JIV8l1U6J1zYqqCcFnrKL0o-oaBn5O-0auN1H7KnAkDRr7NQ==	2023-12-11 14:31:37	50.497532000000000	4.088770890000000
gAAAAABnlj6cZLXMBsCTmqFxvW8Xy9PtGDFLyKP16u2IL21UR7JIV8l1U6J1zYqqCcFnrKL0o-oaBn5O-0auN1H7KnAkDRr7NQ==	2023-12-11 14:33:07	51.321910740000000	4.607271280000000
gAAAAABnlj6cZLXMBsCTmqFxvW8Xy9PtGDFLyKP16u2IL21UR7JIV8l1U6J1zYqqCcFnrKL0o-oaBn5O-0auN1H7KnAkDRr7NQ==	2023-12-11 07:34:37	51.185070840000000	4.726211280000000
gAAAAABnlj6cZLXMBsCTmqFxvW8Xy9PtGDFLyKP16u2IL21UR7JIV8l1U6J1zYqqCcFnrKL0o-oaBn5O-0auN1H7KnAkDRr7NQ==	2023-12-11 14:36:07	50.702463580000000	4.317481030000000
gAAAAABnlj6cZLXMBsCTmqFxvW8Xy9PtGDFLyKP16u2IL21UR7JIV8l1U6J1zYqqCcFnrKL0o-oaBn5O-0auN1H7KnAkDRr7NQ==	2023-12-11 07:37:37	50.962076510000000	4.356150990000000
gAAAAABnlj6cZLXMBsCTmqFxvW8Xy9PtGDFLyKP16u2IL21UR7JIV8l1U6J1zYqqCcFnrKL0o-oaBn5O-0auN1H7KnAkDRr7NQ==	2023-12-11 06:39:07	50.479992530000000	4.075800690000000
gAAAAABnlj6cZLXMBsCTmqFxvW8Xy9PtGDFLyKP16u2IL21UR7JIV8l1U6J1zYqqCcFnrKL0o-oaBn5O-0auN1H7KnAkDRr7NQ==	2023-12-11 10:40:37	50.726411930000000	3.947225840000000
gAAAAABnlj6cZLXMBsCTmqFxvW8Xy9PtGDFLyKP16u2IL21UR7JIV8l1U6J1zYqqCcFnrKL0o-oaBn5O-0auN1H7KnAkDRr7NQ==	2023-12-11 15:42:07	50.834117610000000	4.501161520000000
gAAAAABnlj6cZLXMBsCTmqFxvW8Xy9PtGDFLyKP16u2IL21UR7JIV8l1U6J1zYqqCcFnrKL0o-oaBn5O-0auN1H7KnAkDRr7NQ==	2023-12-11 12:43:37	51.040862480000000	3.815222090000000
gAAAAABnlj6cZLXMBsCTmqFxvW8Xy9PtGDFLyKP16u2IL21UR7JIV8l1U6J1zYqqCcFnrKL0o-oaBn5O-0auN1H7KnAkDRr7NQ==	2023-12-11 08:45:07	50.608223850000000	4.381047950000000
gAAAAABnlj6cZLXMBsCTmqFxvW8Xy9PtGDFLyKP16u2IL21UR7JIV8l1U6J1zYqqCcFnrKL0o-oaBn5O-0auN1H7KnAkDRr7NQ==	2023-12-11 13:46:37	50.535884020000000	4.523609020000000
gAAAAABnlj6cZLXMBsCTmqFxvW8Xy9PtGDFLyKP16u2IL21UR7JIV8l1U6J1zYqqCcFnrKL0o-oaBn5O-0auN1H7KnAkDRr7NQ==	2023-12-11 09:48:07	50.727154380000000	4.688848720000000
gAAAAABnlj6cZLXMBsCTmqFxvW8Xy9PtGDFLyKP16u2IL21UR7JIV8l1U6J1zYqqCcFnrKL0o-oaBn5O-0auN1H7KnAkDRr7NQ==	2023-12-11 07:49:37	50.932105770000000	4.500765250000000
gAAAAABnlj6cZLXMBsCTmqFxvW8Xy9PtGDFLyKP16u2IL21UR7JIV8l1U6J1zYqqCcFnrKL0o-oaBn5O-0auN1H7KnAkDRr7NQ==	2023-12-11 07:51:07	50.869038020000000	4.277718980000000
gAAAAABnlj6cZLXMBsCTmqFxvW8Xy9PtGDFLyKP16u2IL21UR7JIV8l1U6J1zYqqCcFnrKL0o-oaBn5O-0auN1H7KnAkDRr7NQ==	2023-12-11 09:52:37	50.845124560000000	4.521705260000000
gAAAAABnlj6cZLXMBsCTmqFxvW8Xy9PtGDFLyKP16u2IL21UR7JIV8l1U6J1zYqqCcFnrKL0o-oaBn5O-0auN1H7KnAkDRr7NQ==	2023-12-11 07:54:07	50.562067590000000	3.927625940000000
gAAAAABnlj6cZLXMBsCTmqFxvW8Xy9PtGDFLyKP16u2IL21UR7JIV8l1U6J1zYqqCcFnrKL0o-oaBn5O-0auN1H7KnAkDRr7NQ==	2023-12-11 09:55:37	51.164563890000000	3.912519770000000
gAAAAABnlj6cZLXMBsCTmqFxvW8Xy9PtGDFLyKP16u2IL21UR7JIV8l1U6J1zYqqCcFnrKL0o-oaBn5O-0auN1H7KnAkDRr7NQ==	2023-12-11 12:57:07	50.512878070000000	4.149252660000000
gAAAAABnlj6cZLXMBsCTmqFxvW8Xy9PtGDFLyKP16u2IL21UR7JIV8l1U6J1zYqqCcFnrKL0o-oaBn5O-0auN1H7KnAkDRr7NQ==	2023-12-11 09:58:37	51.122658810000000	4.045591140000000
gAAAAABnlj6cZLXMBsCTmqFxvW8Xy9PtGDFLyKP16u2IL21UR7JIV8l1U6J1zYqqCcFnrKL0o-oaBn5O-0auN1H7KnAkDRr7NQ==	2023-12-11 11:00:07	51.047979970000000	4.169986710000000
gAAAAABnlj6cZLXMBsCTmqFxvW8Xy9PtGDFLyKP16u2IL21UR7JIV8l1U6J1zYqqCcFnrKL0o-oaBn5O-0auN1H7KnAkDRr7NQ==	2023-12-11 14:01:37	51.108447110000000	4.034991210000000
gAAAAABnlj6cZLXMBsCTmqFxvW8Xy9PtGDFLyKP16u2IL21UR7JIV8l1U6J1zYqqCcFnrKL0o-oaBn5O-0auN1H7KnAkDRr7NQ==	2023-12-11 07:03:07	50.603255240000000	3.852879750000000
gAAAAABnlj6cZLXMBsCTmqFxvW8Xy9PtGDFLyKP16u2IL21UR7JIV8l1U6J1zYqqCcFnrKL0o-oaBn5O-0auN1H7KnAkDRr7NQ==	2023-12-11 11:04:37	51.336055970000000	4.584596780000000
gAAAAABnlj6cZLXMBsCTmqFxvW8Xy9PtGDFLyKP16u2IL21UR7JIV8l1U6J1zYqqCcFnrKL0o-oaBn5O-0auN1H7KnAkDRr7NQ==	2023-12-11 14:06:07	51.302081000000000	4.723762520000000
gAAAAABnlj6cZLXMBsCTmqFxvW8Xy9PtGDFLyKP16u2IL21UR7JIV8l1U6J1zYqqCcFnrKL0o-oaBn5O-0auN1H7KnAkDRr7NQ==	2023-12-11 13:07:37	51.313851750000000	4.545811730000000
gAAAAABnlj6cZLXMBsCTmqFxvW8Xy9PtGDFLyKP16u2IL21UR7JIV8l1U6J1zYqqCcFnrKL0o-oaBn5O-0auN1H7KnAkDRr7NQ==	2023-12-11 15:09:07	51.171434650000000	4.812233720000000
gAAAAABnlj6cZLXMBsCTmqFxvW8Xy9PtGDFLyKP16u2IL21UR7JIV8l1U6J1zYqqCcFnrKL0o-oaBn5O-0auN1H7KnAkDRr7NQ==	2023-12-11 14:10:37	50.401554210000000	4.573827800000000
gAAAAABnlj6cZLXMBsCTmqFxvW8Xy9PtGDFLyKP16u2IL21UR7JIV8l1U6J1zYqqCcFnrKL0o-oaBn5O-0auN1H7KnAkDRr7NQ==	2023-12-11 12:12:07	50.573745850000000	4.564794120000000
gAAAAABnlj6cZLXMBsCTmqFxvW8Xy9PtGDFLyKP16u2IL21UR7JIV8l1U6J1zYqqCcFnrKL0o-oaBn5O-0auN1H7KnAkDRr7NQ==	2023-12-11 15:13:37	51.047649340000000	3.924688430000000
gAAAAABnlj6cZLXMBsCTmqFxvW8Xy9PtGDFLyKP16u2IL21UR7JIV8l1U6J1zYqqCcFnrKL0o-oaBn5O-0auN1H7KnAkDRr7NQ==	2023-12-11 10:15:07	50.788269210000000	4.355085220000000
gAAAAABnlj6cZLXMBsCTmqFxvW8Xy9PtGDFLyKP16u2IL21UR7JIV8l1U6J1zYqqCcFnrKL0o-oaBn5O-0auN1H7KnAkDRr7NQ==	2023-12-11 09:16:37	51.308294480000000	3.950896440000000
gAAAAABnlj6cZLXMBsCTmqFxvW8Xy9PtGDFLyKP16u2IL21UR7JIV8l1U6J1zYqqCcFnrKL0o-oaBn5O-0auN1H7KnAkDRr7NQ==	2023-12-11 09:18:07	50.983469020000000	4.312127890000000
gAAAAABnlj6cZLXMBsCTmqFxvW8Xy9PtGDFLyKP16u2IL21UR7JIV8l1U6J1zYqqCcFnrKL0o-oaBn5O-0auN1H7KnAkDRr7NQ==	2023-12-11 08:19:37	51.111849670000000	4.065272010000000
gAAAAABnlj6cZLXMBsCTmqFxvW8Xy9PtGDFLyKP16u2IL21UR7JIV8l1U6J1zYqqCcFnrKL0o-oaBn5O-0auN1H7KnAkDRr7NQ==	2023-12-11 10:21:07	50.645328250000000	4.485952760000000
gAAAAABnlj6cZLXMBsCTmqFxvW8Xy9PtGDFLyKP16u2IL21UR7JIV8l1U6J1zYqqCcFnrKL0o-oaBn5O-0auN1H7KnAkDRr7NQ==	2023-12-11 13:22:37	50.503277630000000	4.085642810000000
gAAAAABnlj6cZLXMBsCTmqFxvW8Xy9PtGDFLyKP16u2IL21UR7JIV8l1U6J1zYqqCcFnrKL0o-oaBn5O-0auN1H7KnAkDRr7NQ==	2023-12-11 14:24:07	50.554734160000000	4.021134980000000
gAAAAABnlj6cZLXMBsCTmqFxvW8Xy9PtGDFLyKP16u2IL21UR7JIV8l1U6J1zYqqCcFnrKL0o-oaBn5O-0auN1H7KnAkDRr7NQ==	2023-12-11 16:25:37	50.787498590000000	4.698510820000000
gAAAAABnlj6cZLXMBsCTmqFxvW8Xy9PtGDFLyKP16u2IL21UR7JIV8l1U6J1zYqqCcFnrKL0o-oaBn5O-0auN1H7KnAkDRr7NQ==	2023-12-11 10:27:07	50.412721670000000	4.173982690000000
gAAAAABnlj6cZLXMBsCTmqFxvW8Xy9PtGDFLyKP16u2IL21UR7JIV8l1U6J1zYqqCcFnrKL0o-oaBn5O-0auN1H7KnAkDRr7NQ==	2023-12-11 11:28:37	51.115021370000000	4.462000870000000
gAAAAABnlj6cZLXMBsCTmqFxvW8Xy9PtGDFLyKP16u2IL21UR7JIV8l1U6J1zYqqCcFnrKL0o-oaBn5O-0auN1H7KnAkDRr7NQ==	2023-12-11 16:30:07	51.201844120000000	4.544812130000000
gAAAAABnlj6cZLXMBsCTmqFxvW8Xy9PtGDFLyKP16u2IL21UR7JIV8l1U6J1zYqqCcFnrKL0o-oaBn5O-0auN1H7KnAkDRr7NQ==	2023-12-11 10:31:37	51.069973650000000	3.874311870000000
gAAAAABnlj6cZLXMBsCTmqFxvW8Xy9PtGDFLyKP16u2IL21UR7JIV8l1U6J1zYqqCcFnrKL0o-oaBn5O-0auN1H7KnAkDRr7NQ==	2023-12-11 12:33:07	50.604848280000000	4.481229300000000
gAAAAABnlj6cZLXMBsCTmqFxvW8Xy9PtGDFLyKP16u2IL21UR7JIV8l1U6J1zYqqCcFnrKL0o-oaBn5O-0auN1H7KnAkDRr7NQ==	2023-12-11 11:34:37	51.145543480000000	3.824769470000000
gAAAAABnlj6cZLXMBsCTmqFxvW8Xy9PtGDFLyKP16u2IL21UR7JIV8l1U6J1zYqqCcFnrKL0o-oaBn5O-0auN1H7KnAkDRr7NQ==	2023-12-11 15:36:07	50.821091640000000	4.354089140000000
gAAAAABnlj6cZLXMBsCTmqFxvW8Xy9PtGDFLyKP16u2IL21UR7JIV8l1U6J1zYqqCcFnrKL0o-oaBn5O-0auN1H7KnAkDRr7NQ==	2023-12-11 09:37:37	50.447399350000000	4.620964780000000
gAAAAABnlj6cZLXMBsCTmqFxvW8Xy9PtGDFLyKP16u2IL21UR7JIV8l1U6J1zYqqCcFnrKL0o-oaBn5O-0auN1H7KnAkDRr7NQ==	2023-12-11 07:39:07	50.723797490000000	4.448177290000000
gAAAAABnlj6cZLXMBsCTmqFxvW8Xy9PtGDFLyKP16u2IL21UR7JIV8l1U6J1zYqqCcFnrKL0o-oaBn5O-0auN1H7KnAkDRr7NQ==	2023-12-11 07:40:37	51.296414240000000	4.627964380000000
gAAAAABnlj6cZLXMBsCTmqFxvW8Xy9PtGDFLyKP16u2IL21UR7JIV8l1U6J1zYqqCcFnrKL0o-oaBn5O-0auN1H7KnAkDRr7NQ==	2023-12-11 12:42:07	51.052919250000000	4.066793400000000
gAAAAABnlj6cZLXMBsCTmqFxvW8Xy9PtGDFLyKP16u2IL21UR7JIV8l1U6J1zYqqCcFnrKL0o-oaBn5O-0auN1H7KnAkDRr7NQ==	2023-12-11 10:43:37	50.698223070000000	4.266959000000000
gAAAAABnlj6cZLXMBsCTmqFxvW8Xy9PtGDFLyKP16u2IL21UR7JIV8l1U6J1zYqqCcFnrKL0o-oaBn5O-0auN1H7KnAkDRr7NQ==	2023-12-11 12:45:07	50.970176690000000	4.636114050000000
gAAAAABnlj6cNIMyUWWwoRqXAkALkLwPVBW3Hm1GQptngFfypSyVXc125oIEWwGi_3uMM1CgrfTJTzFqO4x--w2ahnW0n0Oajg==	2023-12-11 10:16:37	54.605570130000000	15.559773580000000
gAAAAABnlj6cNIMyUWWwoRqXAkALkLwPVBW3Hm1GQptngFfypSyVXc125oIEWwGi_3uMM1CgrfTJTzFqO4x--w2ahnW0n0Oajg==	2023-12-11 09:18:07	54.479343050000000	15.173584430000000
gAAAAABnlj6cNIMyUWWwoRqXAkALkLwPVBW3Hm1GQptngFfypSyVXc125oIEWwGi_3uMM1CgrfTJTzFqO4x--w2ahnW0n0Oajg==	2023-12-11 12:19:37	54.316566090000000	14.926386990000000
gAAAAABnlj6cNIMyUWWwoRqXAkALkLwPVBW3Hm1GQptngFfypSyVXc125oIEWwGi_3uMM1CgrfTJTzFqO4x--w2ahnW0n0Oajg==	2023-12-11 05:21:07	54.747059020000000	15.345509120000000
gAAAAABnlj6cNIMyUWWwoRqXAkALkLwPVBW3Hm1GQptngFfypSyVXc125oIEWwGi_3uMM1CgrfTJTzFqO4x--w2ahnW0n0Oajg==	2023-12-11 13:22:37	54.425713230000000	15.435079680000000
gAAAAABnlj6cNIMyUWWwoRqXAkALkLwPVBW3Hm1GQptngFfypSyVXc125oIEWwGi_3uMM1CgrfTJTzFqO4x--w2ahnW0n0Oajg==	2023-12-11 13:24:07	54.095313130000000	15.695367370000000
gAAAAABnlj6cNIMyUWWwoRqXAkALkLwPVBW3Hm1GQptngFfypSyVXc125oIEWwGi_3uMM1CgrfTJTzFqO4x--w2ahnW0n0Oajg==	2023-12-11 09:25:37	54.478998020000000	15.448215670000000
gAAAAABnlj6cNIMyUWWwoRqXAkALkLwPVBW3Hm1GQptngFfypSyVXc125oIEWwGi_3uMM1CgrfTJTzFqO4x--w2ahnW0n0Oajg==	2023-12-11 05:27:07	54.365073880000000	15.755037100000000
gAAAAABnlj6cNIMyUWWwoRqXAkALkLwPVBW3Hm1GQptngFfypSyVXc125oIEWwGi_3uMM1CgrfTJTzFqO4x--w2ahnW0n0Oajg==	2023-12-11 06:28:37	54.631444310000000	15.592371310000000
gAAAAABnlj6cNIMyUWWwoRqXAkALkLwPVBW3Hm1GQptngFfypSyVXc125oIEWwGi_3uMM1CgrfTJTzFqO4x--w2ahnW0n0Oajg==	2023-12-11 05:30:07	54.100307490000000	15.829411650000000
gAAAAABnlj6cNIMyUWWwoRqXAkALkLwPVBW3Hm1GQptngFfypSyVXc125oIEWwGi_3uMM1CgrfTJTzFqO4x--w2ahnW0n0Oajg==	2023-12-11 13:31:37	54.643716910000000	15.378615740000000
gAAAAABnlj6cNIMyUWWwoRqXAkALkLwPVBW3Hm1GQptngFfypSyVXc125oIEWwGi_3uMM1CgrfTJTzFqO4x--w2ahnW0n0Oajg==	2023-12-11 06:33:07	54.534728250000000	15.159649590000000
gAAAAABnlj6cNIMyUWWwoRqXAkALkLwPVBW3Hm1GQptngFfypSyVXc125oIEWwGi_3uMM1CgrfTJTzFqO4x--w2ahnW0n0Oajg==	2023-12-11 09:34:37	54.548350020000000	15.668483370000000
gAAAAABnlj6cNIMyUWWwoRqXAkALkLwPVBW3Hm1GQptngFfypSyVXc125oIEWwGi_3uMM1CgrfTJTzFqO4x--w2ahnW0n0Oajg==	2023-12-11 08:36:07	54.609115350000000	15.251059290000000
gAAAAABnlj6cNIMyUWWwoRqXAkALkLwPVBW3Hm1GQptngFfypSyVXc125oIEWwGi_3uMM1CgrfTJTzFqO4x--w2ahnW0n0Oajg==	2023-12-11 08:37:37	54.211792560000000	15.792422320000000
gAAAAABnlj6cNIMyUWWwoRqXAkALkLwPVBW3Hm1GQptngFfypSyVXc125oIEWwGi_3uMM1CgrfTJTzFqO4x--w2ahnW0n0Oajg==	2023-12-11 10:39:07	54.674127400000000	14.913515670000000
gAAAAABnlj6cNIMyUWWwoRqXAkALkLwPVBW3Hm1GQptngFfypSyVXc125oIEWwGi_3uMM1CgrfTJTzFqO4x--w2ahnW0n0Oajg==	2023-12-11 12:40:37	54.079200660000000	15.053614290000000
gAAAAABnlj6cNIMyUWWwoRqXAkALkLwPVBW3Hm1GQptngFfypSyVXc125oIEWwGi_3uMM1CgrfTJTzFqO4x--w2ahnW0n0Oajg==	2023-12-11 07:42:07	54.673543840000000	15.608391700000000
gAAAAABnlj6cNIMyUWWwoRqXAkALkLwPVBW3Hm1GQptngFfypSyVXc125oIEWwGi_3uMM1CgrfTJTzFqO4x--w2ahnW0n0Oajg==	2023-12-11 05:43:37	54.863835010000000	15.433801680000000
gAAAAABnlj6cNIMyUWWwoRqXAkALkLwPVBW3Hm1GQptngFfypSyVXc125oIEWwGi_3uMM1CgrfTJTzFqO4x--w2ahnW0n0Oajg==	2023-12-11 05:45:07	54.935534550000000	15.797175820000000
gAAAAABnlj6cNIMyUWWwoRqXAkALkLwPVBW3Hm1GQptngFfypSyVXc125oIEWwGi_3uMM1CgrfTJTzFqO4x--w2ahnW0n0Oajg==	2023-12-11 08:46:37	54.755007230000000	15.118674300000000
gAAAAABnlj6cNIMyUWWwoRqXAkALkLwPVBW3Hm1GQptngFfypSyVXc125oIEWwGi_3uMM1CgrfTJTzFqO4x--w2ahnW0n0Oajg==	2023-12-11 08:48:07	54.295034030000000	15.367450120000000
gAAAAABnlj6cNIMyUWWwoRqXAkALkLwPVBW3Hm1GQptngFfypSyVXc125oIEWwGi_3uMM1CgrfTJTzFqO4x--w2ahnW0n0Oajg==	2023-12-11 09:49:37	54.160741550000000	15.844948830000000
gAAAAABnlj6cNIMyUWWwoRqXAkALkLwPVBW3Hm1GQptngFfypSyVXc125oIEWwGi_3uMM1CgrfTJTzFqO4x--w2ahnW0n0Oajg==	2023-12-11 11:51:07	54.126245130000000	14.955767530000000
gAAAAABnlj6cNIMyUWWwoRqXAkALkLwPVBW3Hm1GQptngFfypSyVXc125oIEWwGi_3uMM1CgrfTJTzFqO4x--w2ahnW0n0Oajg==	2023-12-11 09:52:37	54.536373400000000	15.799231700000000
gAAAAABnlj6cNIMyUWWwoRqXAkALkLwPVBW3Hm1GQptngFfypSyVXc125oIEWwGi_3uMM1CgrfTJTzFqO4x--w2ahnW0n0Oajg==	2023-12-11 13:54:07	54.262934110000000	15.519600850000000
gAAAAABnlj6cNIMyUWWwoRqXAkALkLwPVBW3Hm1GQptngFfypSyVXc125oIEWwGi_3uMM1CgrfTJTzFqO4x--w2ahnW0n0Oajg==	2023-12-11 08:55:37	54.621387970000000	15.716113360000000
gAAAAABnlj6cNIMyUWWwoRqXAkALkLwPVBW3Hm1GQptngFfypSyVXc125oIEWwGi_3uMM1CgrfTJTzFqO4x--w2ahnW0n0Oajg==	2023-12-11 07:57:07	54.068859270000000	14.959395820000000
gAAAAABnlj6cNIMyUWWwoRqXAkALkLwPVBW3Hm1GQptngFfypSyVXc125oIEWwGi_3uMM1CgrfTJTzFqO4x--w2ahnW0n0Oajg==	2023-12-11 06:58:37	54.219708940000000	15.220556110000000
gAAAAABnlj6cNIMyUWWwoRqXAkALkLwPVBW3Hm1GQptngFfypSyVXc125oIEWwGi_3uMM1CgrfTJTzFqO4x--w2ahnW0n0Oajg==	2023-12-11 15:00:07	54.051128030000000	15.730390590000000
gAAAAABnlj6cNIMyUWWwoRqXAkALkLwPVBW3Hm1GQptngFfypSyVXc125oIEWwGi_3uMM1CgrfTJTzFqO4x--w2ahnW0n0Oajg==	2023-12-11 11:01:37	54.781055650000000	15.362450820000000
gAAAAABnlj6cNIMyUWWwoRqXAkALkLwPVBW3Hm1GQptngFfypSyVXc125oIEWwGi_3uMM1CgrfTJTzFqO4x--w2ahnW0n0Oajg==	2023-12-11 08:03:07	54.632953450000000	15.291539830000000
gAAAAABnlj6cNIMyUWWwoRqXAkALkLwPVBW3Hm1GQptngFfypSyVXc125oIEWwGi_3uMM1CgrfTJTzFqO4x--w2ahnW0n0Oajg==	2023-12-11 12:04:37	54.579550350000000	15.151991280000000
gAAAAABnlj6cNIMyUWWwoRqXAkALkLwPVBW3Hm1GQptngFfypSyVXc125oIEWwGi_3uMM1CgrfTJTzFqO4x--w2ahnW0n0Oajg==	2023-12-11 08:06:07	54.399214380000000	15.202885240000000
gAAAAABnlj6cNIMyUWWwoRqXAkALkLwPVBW3Hm1GQptngFfypSyVXc125oIEWwGi_3uMM1CgrfTJTzFqO4x--w2ahnW0n0Oajg==	2023-12-11 12:07:37	54.537430560000000	15.556529680000000
gAAAAABnlj6cNIMyUWWwoRqXAkALkLwPVBW3Hm1GQptngFfypSyVXc125oIEWwGi_3uMM1CgrfTJTzFqO4x--w2ahnW0n0Oajg==	2023-12-11 11:09:07	54.011122420000000	15.695506850000000
gAAAAABnlj6cNIMyUWWwoRqXAkALkLwPVBW3Hm1GQptngFfypSyVXc125oIEWwGi_3uMM1CgrfTJTzFqO4x--w2ahnW0n0Oajg==	2023-12-11 10:10:37	54.885643530000000	15.142426210000000
gAAAAABnlj6cNIMyUWWwoRqXAkALkLwPVBW3Hm1GQptngFfypSyVXc125oIEWwGi_3uMM1CgrfTJTzFqO4x--w2ahnW0n0Oajg==	2023-12-11 13:12:07	54.493627910000000	15.539194720000000
gAAAAABnlj6cNIMyUWWwoRqXAkALkLwPVBW3Hm1GQptngFfypSyVXc125oIEWwGi_3uMM1CgrfTJTzFqO4x--w2ahnW0n0Oajg==	2023-12-11 15:13:37	54.002610530000000	15.459802050000000
gAAAAABnlj6cNIMyUWWwoRqXAkALkLwPVBW3Hm1GQptngFfypSyVXc125oIEWwGi_3uMM1CgrfTJTzFqO4x--w2ahnW0n0Oajg==	2023-12-11 10:15:07	54.860189910000000	14.940737660000000
gAAAAABnlj6cNIMyUWWwoRqXAkALkLwPVBW3Hm1GQptngFfypSyVXc125oIEWwGi_3uMM1CgrfTJTzFqO4x--w2ahnW0n0Oajg==	2023-12-11 14:16:37	54.546233590000000	15.181395300000000
gAAAAABnlj6cNIMyUWWwoRqXAkALkLwPVBW3Hm1GQptngFfypSyVXc125oIEWwGi_3uMM1CgrfTJTzFqO4x--w2ahnW0n0Oajg==	2023-12-11 07:18:07	54.698039230000000	15.763780950000000
gAAAAABnlj6cNIMyUWWwoRqXAkALkLwPVBW3Hm1GQptngFfypSyVXc125oIEWwGi_3uMM1CgrfTJTzFqO4x--w2ahnW0n0Oajg==	2023-12-11 11:19:37	54.834116600000000	15.750607290000000
gAAAAABnlj6cNIMyUWWwoRqXAkALkLwPVBW3Hm1GQptngFfypSyVXc125oIEWwGi_3uMM1CgrfTJTzFqO4x--w2ahnW0n0Oajg==	2023-12-11 11:21:07	54.068797620000000	15.404358640000000
gAAAAABnlj6cNIMyUWWwoRqXAkALkLwPVBW3Hm1GQptngFfypSyVXc125oIEWwGi_3uMM1CgrfTJTzFqO4x--w2ahnW0n0Oajg==	2023-12-11 08:22:37	54.016594910000000	15.438653200000000
gAAAAABnlj6cNIMyUWWwoRqXAkALkLwPVBW3Hm1GQptngFfypSyVXc125oIEWwGi_3uMM1CgrfTJTzFqO4x--w2ahnW0n0Oajg==	2023-12-11 09:24:07	54.127677510000000	15.628923230000000
gAAAAABnlj6cNIMyUWWwoRqXAkALkLwPVBW3Hm1GQptngFfypSyVXc125oIEWwGi_3uMM1CgrfTJTzFqO4x--w2ahnW0n0Oajg==	2023-12-11 10:25:37	54.057917180000000	15.310709260000000
gAAAAABnlj6cNIMyUWWwoRqXAkALkLwPVBW3Hm1GQptngFfypSyVXc125oIEWwGi_3uMM1CgrfTJTzFqO4x--w2ahnW0n0Oajg==	2023-12-11 15:27:07	54.081119480000000	15.852713110000000
gAAAAABnlj6cNIMyUWWwoRqXAkALkLwPVBW3Hm1GQptngFfypSyVXc125oIEWwGi_3uMM1CgrfTJTzFqO4x--w2ahnW0n0Oajg==	2023-12-11 12:28:37	54.540349370000000	15.455692160000000
gAAAAABnlj6cNIMyUWWwoRqXAkALkLwPVBW3Hm1GQptngFfypSyVXc125oIEWwGi_3uMM1CgrfTJTzFqO4x--w2ahnW0n0Oajg==	2023-12-11 15:30:07	54.561838220000000	15.325251290000000
gAAAAABnlj6cNIMyUWWwoRqXAkALkLwPVBW3Hm1GQptngFfypSyVXc125oIEWwGi_3uMM1CgrfTJTzFqO4x--w2ahnW0n0Oajg==	2023-12-11 12:31:37	54.247878890000000	15.505573570000000
gAAAAABnlj6cNIMyUWWwoRqXAkALkLwPVBW3Hm1GQptngFfypSyVXc125oIEWwGi_3uMM1CgrfTJTzFqO4x--w2ahnW0n0Oajg==	2023-12-11 13:33:07	54.739003220000000	15.242429890000000
gAAAAABnlj6cNIMyUWWwoRqXAkALkLwPVBW3Hm1GQptngFfypSyVXc125oIEWwGi_3uMM1CgrfTJTzFqO4x--w2ahnW0n0Oajg==	2023-12-11 15:34:37	54.178593020000000	15.726045060000000
gAAAAABnlj6cNIMyUWWwoRqXAkALkLwPVBW3Hm1GQptngFfypSyVXc125oIEWwGi_3uMM1CgrfTJTzFqO4x--w2ahnW0n0Oajg==	2023-12-11 11:36:07	54.154964530000000	15.572203120000000
gAAAAABnlj6cNIMyUWWwoRqXAkALkLwPVBW3Hm1GQptngFfypSyVXc125oIEWwGi_3uMM1CgrfTJTzFqO4x--w2ahnW0n0Oajg==	2023-12-11 11:37:37	54.296158510000000	15.326732980000000
gAAAAABnlj6cNIMyUWWwoRqXAkALkLwPVBW3Hm1GQptngFfypSyVXc125oIEWwGi_3uMM1CgrfTJTzFqO4x--w2ahnW0n0Oajg==	2023-12-11 15:39:07	54.774146370000000	15.373993050000000
gAAAAABnlj6cNIMyUWWwoRqXAkALkLwPVBW3Hm1GQptngFfypSyVXc125oIEWwGi_3uMM1CgrfTJTzFqO4x--w2ahnW0n0Oajg==	2023-12-11 08:40:37	54.218935500000000	15.301381900000000
gAAAAABnlj6cNIMyUWWwoRqXAkALkLwPVBW3Hm1GQptngFfypSyVXc125oIEWwGi_3uMM1CgrfTJTzFqO4x--w2ahnW0n0Oajg==	2023-12-11 07:42:07	54.269787710000000	15.047998310000000
gAAAAABnlj6cNIMyUWWwoRqXAkALkLwPVBW3Hm1GQptngFfypSyVXc125oIEWwGi_3uMM1CgrfTJTzFqO4x--w2ahnW0n0Oajg==	2023-12-11 07:43:37	54.525859360000000	15.314830250000000
gAAAAABnlj6cNIMyUWWwoRqXAkALkLwPVBW3Hm1GQptngFfypSyVXc125oIEWwGi_3uMM1CgrfTJTzFqO4x--w2ahnW0n0Oajg==	2023-12-11 08:45:07	54.806020240000000	15.692570690000000
gAAAAABnlj6cNIMyUWWwoRqXAkALkLwPVBW3Hm1GQptngFfypSyVXc125oIEWwGi_3uMM1CgrfTJTzFqO4x--w2ahnW0n0Oajg==	2023-12-11 14:46:37	54.410403890000000	15.238201720000000
gAAAAABnlj6cNIMyUWWwoRqXAkALkLwPVBW3Hm1GQptngFfypSyVXc125oIEWwGi_3uMM1CgrfTJTzFqO4x--w2ahnW0n0Oajg==	2023-12-11 06:48:07	54.413030970000000	15.457292280000000
gAAAAABnlj6cNIMyUWWwoRqXAkALkLwPVBW3Hm1GQptngFfypSyVXc125oIEWwGi_3uMM1CgrfTJTzFqO4x--w2ahnW0n0Oajg==	2023-12-11 09:49:37	54.088217920000000	15.486075280000000
gAAAAABnlj6cNIMyUWWwoRqXAkALkLwPVBW3Hm1GQptngFfypSyVXc125oIEWwGi_3uMM1CgrfTJTzFqO4x--w2ahnW0n0Oajg==	2023-12-11 11:51:07	54.029604480000000	15.341916840000000
gAAAAABnlj6cNIMyUWWwoRqXAkALkLwPVBW3Hm1GQptngFfypSyVXc125oIEWwGi_3uMM1CgrfTJTzFqO4x--w2ahnW0n0Oajg==	2023-12-11 08:52:37	54.142440930000000	15.862242250000000
gAAAAABnlj6cNIMyUWWwoRqXAkALkLwPVBW3Hm1GQptngFfypSyVXc125oIEWwGi_3uMM1CgrfTJTzFqO4x--w2ahnW0n0Oajg==	2023-12-11 10:54:07	54.083723710000000	15.208186700000000
gAAAAABnlj6cNIMyUWWwoRqXAkALkLwPVBW3Hm1GQptngFfypSyVXc125oIEWwGi_3uMM1CgrfTJTzFqO4x--w2ahnW0n0Oajg==	2023-12-11 12:55:37	54.340115310000000	15.699252330000000
gAAAAABnlj6cNIMyUWWwoRqXAkALkLwPVBW3Hm1GQptngFfypSyVXc125oIEWwGi_3uMM1CgrfTJTzFqO4x--w2ahnW0n0Oajg==	2023-12-11 06:57:07	54.385676720000000	15.642291010000000
gAAAAABnlj6cNIMyUWWwoRqXAkALkLwPVBW3Hm1GQptngFfypSyVXc125oIEWwGi_3uMM1CgrfTJTzFqO4x--w2ahnW0n0Oajg==	2023-12-11 07:58:37	54.398347930000000	14.957816280000000
gAAAAABnlj6cNIMyUWWwoRqXAkALkLwPVBW3Hm1GQptngFfypSyVXc125oIEWwGi_3uMM1CgrfTJTzFqO4x--w2ahnW0n0Oajg==	2023-12-11 14:00:07	54.039013360000000	14.947072860000000
gAAAAABnlj6cNIMyUWWwoRqXAkALkLwPVBW3Hm1GQptngFfypSyVXc125oIEWwGi_3uMM1CgrfTJTzFqO4x--w2ahnW0n0Oajg==	2023-12-11 13:01:37	54.068651340000000	15.048823040000000
gAAAAABnlj6cNIMyUWWwoRqXAkALkLwPVBW3Hm1GQptngFfypSyVXc125oIEWwGi_3uMM1CgrfTJTzFqO4x--w2ahnW0n0Oajg==	2023-12-11 12:03:07	54.567361820000000	15.039385820000000
gAAAAABnlj6cNIMyUWWwoRqXAkALkLwPVBW3Hm1GQptngFfypSyVXc125oIEWwGi_3uMM1CgrfTJTzFqO4x--w2ahnW0n0Oajg==	2023-12-11 09:04:37	54.546537590000000	15.126497480000000
gAAAAABnlj6cNIMyUWWwoRqXAkALkLwPVBW3Hm1GQptngFfypSyVXc125oIEWwGi_3uMM1CgrfTJTzFqO4x--w2ahnW0n0Oajg==	2023-12-11 09:06:07	54.392060870000000	15.825179490000000
gAAAAABnlj6cNIMyUWWwoRqXAkALkLwPVBW3Hm1GQptngFfypSyVXc125oIEWwGi_3uMM1CgrfTJTzFqO4x--w2ahnW0n0Oajg==	2023-12-11 14:07:37	54.397583260000000	15.365274870000000
gAAAAABnlj6cNIMyUWWwoRqXAkALkLwPVBW3Hm1GQptngFfypSyVXc125oIEWwGi_3uMM1CgrfTJTzFqO4x--w2ahnW0n0Oajg==	2023-12-11 09:09:07	54.561767640000000	14.947786290000000
gAAAAABnlj6cNIMyUWWwoRqXAkALkLwPVBW3Hm1GQptngFfypSyVXc125oIEWwGi_3uMM1CgrfTJTzFqO4x--w2ahnW0n0Oajg==	2023-12-11 12:10:37	54.517121680000000	15.791250090000000
gAAAAABnlj6cNIMyUWWwoRqXAkALkLwPVBW3Hm1GQptngFfypSyVXc125oIEWwGi_3uMM1CgrfTJTzFqO4x--w2ahnW0n0Oajg==	2023-12-11 12:12:07	54.674409730000000	15.425439480000000
gAAAAABnlj6cNIMyUWWwoRqXAkALkLwPVBW3Hm1GQptngFfypSyVXc125oIEWwGi_3uMM1CgrfTJTzFqO4x--w2ahnW0n0Oajg==	2023-12-11 14:13:37	54.520117510000000	15.844339570000000
gAAAAABnlj6cNIMyUWWwoRqXAkALkLwPVBW3Hm1GQptngFfypSyVXc125oIEWwGi_3uMM1CgrfTJTzFqO4x--w2ahnW0n0Oajg==	2023-12-11 12:15:07	54.756045470000000	15.722915860000000
gAAAAABnlj6cNIMyUWWwoRqXAkALkLwPVBW3Hm1GQptngFfypSyVXc125oIEWwGi_3uMM1CgrfTJTzFqO4x--w2ahnW0n0Oajg==	2023-12-11 07:16:37	54.753040190000000	15.506146350000000
gAAAAABnlj6cNIMyUWWwoRqXAkALkLwPVBW3Hm1GQptngFfypSyVXc125oIEWwGi_3uMM1CgrfTJTzFqO4x--w2ahnW0n0Oajg==	2023-12-11 09:18:07	54.975263680000000	14.994654150000000
gAAAAABnlj6cNIMyUWWwoRqXAkALkLwPVBW3Hm1GQptngFfypSyVXc125oIEWwGi_3uMM1CgrfTJTzFqO4x--w2ahnW0n0Oajg==	2023-12-11 11:19:37	54.061717590000000	15.150672160000000
gAAAAABnlj6cNIMyUWWwoRqXAkALkLwPVBW3Hm1GQptngFfypSyVXc125oIEWwGi_3uMM1CgrfTJTzFqO4x--w2ahnW0n0Oajg==	2023-12-11 11:21:07	54.507624510000000	15.787935470000000
gAAAAABnlj6cNIMyUWWwoRqXAkALkLwPVBW3Hm1GQptngFfypSyVXc125oIEWwGi_3uMM1CgrfTJTzFqO4x--w2ahnW0n0Oajg==	2023-12-11 08:22:37	54.816897770000000	15.213976140000000
gAAAAABnlj6cNIMyUWWwoRqXAkALkLwPVBW3Hm1GQptngFfypSyVXc125oIEWwGi_3uMM1CgrfTJTzFqO4x--w2ahnW0n0Oajg==	2023-12-11 12:24:07	54.719948460000000	15.515019910000000
gAAAAABnlj6cNIMyUWWwoRqXAkALkLwPVBW3Hm1GQptngFfypSyVXc125oIEWwGi_3uMM1CgrfTJTzFqO4x--w2ahnW0n0Oajg==	2023-12-11 11:25:37	54.350252810000000	15.693055950000000
gAAAAABnlj6cNIMyUWWwoRqXAkALkLwPVBW3Hm1GQptngFfypSyVXc125oIEWwGi_3uMM1CgrfTJTzFqO4x--w2ahnW0n0Oajg==	2023-12-11 15:27:07	54.272788300000000	15.002054320000000
gAAAAABnlj6cNIMyUWWwoRqXAkALkLwPVBW3Hm1GQptngFfypSyVXc125oIEWwGi_3uMM1CgrfTJTzFqO4x--w2ahnW0n0Oajg==	2023-12-11 07:28:37	54.021189800000000	15.433391810000000
gAAAAABnlj6cNIMyUWWwoRqXAkALkLwPVBW3Hm1GQptngFfypSyVXc125oIEWwGi_3uMM1CgrfTJTzFqO4x--w2ahnW0n0Oajg==	2023-12-11 07:30:07	54.214227960000000	15.620008000000000
gAAAAABnlj6cNIMyUWWwoRqXAkALkLwPVBW3Hm1GQptngFfypSyVXc125oIEWwGi_3uMM1CgrfTJTzFqO4x--w2ahnW0n0Oajg==	2023-12-11 12:31:37	54.222818230000000	15.886944450000000
gAAAAABnlj6cNIMyUWWwoRqXAkALkLwPVBW3Hm1GQptngFfypSyVXc125oIEWwGi_3uMM1CgrfTJTzFqO4x--w2ahnW0n0Oajg==	2023-12-11 11:33:07	54.881223540000000	14.925835700000000
gAAAAABnlj6cNIMyUWWwoRqXAkALkLwPVBW3Hm1GQptngFfypSyVXc125oIEWwGi_3uMM1CgrfTJTzFqO4x--w2ahnW0n0Oajg==	2023-12-11 13:34:37	54.550400740000000	15.341521200000000
gAAAAABnlj6cNIMyUWWwoRqXAkALkLwPVBW3Hm1GQptngFfypSyVXc125oIEWwGi_3uMM1CgrfTJTzFqO4x--w2ahnW0n0Oajg==	2023-12-11 13:36:07	54.886406510000000	15.615100260000000
gAAAAABnlj6cNIMyUWWwoRqXAkALkLwPVBW3Hm1GQptngFfypSyVXc125oIEWwGi_3uMM1CgrfTJTzFqO4x--w2ahnW0n0Oajg==	2023-12-11 12:37:37	54.537802010000000	14.965394990000000
gAAAAABnlj6cNIMyUWWwoRqXAkALkLwPVBW3Hm1GQptngFfypSyVXc125oIEWwGi_3uMM1CgrfTJTzFqO4x--w2ahnW0n0Oajg==	2023-12-11 16:39:07	54.921225800000000	15.051237070000000
gAAAAABnlj6cNIMyUWWwoRqXAkALkLwPVBW3Hm1GQptngFfypSyVXc125oIEWwGi_3uMM1CgrfTJTzFqO4x--w2ahnW0n0Oajg==	2023-12-11 12:40:37	54.300930570000000	14.933153350000000
gAAAAABnlj6cNIMyUWWwoRqXAkALkLwPVBW3Hm1GQptngFfypSyVXc125oIEWwGi_3uMM1CgrfTJTzFqO4x--w2ahnW0n0Oajg==	2023-12-11 08:42:07	54.418298160000000	15.434360230000000
gAAAAABnlj6cNIMyUWWwoRqXAkALkLwPVBW3Hm1GQptngFfypSyVXc125oIEWwGi_3uMM1CgrfTJTzFqO4x--w2ahnW0n0Oajg==	2023-12-11 10:43:37	54.508161030000000	15.187254910000000
gAAAAABnlj6cNIMyUWWwoRqXAkALkLwPVBW3Hm1GQptngFfypSyVXc125oIEWwGi_3uMM1CgrfTJTzFqO4x--w2ahnW0n0Oajg==	2023-12-11 16:45:07	54.526321150000000	15.688818490000000
