gAAAAABnljpEfk_exvMMyqEjM1JO8NVDksTNyq3e3hqA6b8aQ5FHS22qXcQauVpMPPOT291R5jsiwqZWgG6gLH4gQAem_WrD5Q==	2008-10-24 09:09:59	118.846777370000000	147.857229710000000
gAAAAABnljpEfk_exvMMyqEjM1JO8NVDksTNyq3e3hqA6b8aQ5FHS22qXcQauVpMPPOT291R5jsiwqZWgG6gLH4gQAem_WrD5Q==	2008-10-24 08:10:04	135.570409030000000	161.005064720000000
gAAAAABnljpEfk_exvMMyqEjM1JO8NVDksTNyq3e3hqA6b8aQ5FHS22qXcQauVpMPPOT291R5jsiwqZWgG6gLH4gQAem_WrD5Q==	2008-10-24 05:10:09	77.819659330000000	202.271781560000000
gAAAAABnljpEfk_exvMMyqEjM1JO8NVDksTNyq3e3hqA6b8aQ5FHS22qXcQauVpMPPOT291R5jsiwqZWgG6gLH4gQAem_WrD5Q==	2008-10-24 09:10:14	69.608576450000000	152.905034270000000
gAAAAABnljpEfk_exvMMyqEjM1JO8NVDksTNyq3e3hqA6b8aQ5FHS22qXcQauVpMPPOT291R5jsiwqZWgG6gLH4gQAem_WrD5Q==	2008-10-24 07:10:19	115.646179380000000	171.162875830000000
gAAAAABnljpEfk_exvMMyqEjM1JO8NVDksTNyq3e3hqA6b8aQ5FHS22qXcQauVpMPPOT291R5jsiwqZWgG6gLH4gQAem_WrD5Q==	2008-10-24 09:10:24	62.779443020000000	195.270900870000000
gAAAAABnljpEfk_exvMMyqEjM1JO8NVDksTNyq3e3hqA6b8aQ5FHS22qXcQauVpMPPOT291R5jsiwqZWgG6gLH4gQAem_WrD5Q==	2008-10-24 06:10:29	89.751524750000000	145.918924780000000
gAAAAABnljpEfk_exvMMyqEjM1JO8NVDksTNyq3e3hqA6b8aQ5FHS22qXcQauVpMPPOT291R5jsiwqZWgG6gLH4gQAem_WrD5Q==	2008-10-24 08:10:34	136.997421230000000	140.304056680000000
gAAAAABnljpEfk_exvMMyqEjM1JO8NVDksTNyq3e3hqA6b8aQ5FHS22qXcQauVpMPPOT291R5jsiwqZWgG6gLH4gQAem_WrD5Q==	2008-10-24 06:10:39	103.992892120000000	134.939642710000000
gAAAAABnljpEfk_exvMMyqEjM1JO8NVDksTNyq3e3hqA6b8aQ5FHS22qXcQauVpMPPOT291R5jsiwqZWgG6gLH4gQAem_WrD5Q==	2008-10-24 09:10:44	73.521202970000000	130.114497380000000
gAAAAABnljpEfk_exvMMyqEjM1JO8NVDksTNyq3e3hqA6b8aQ5FHS22qXcQauVpMPPOT291R5jsiwqZWgG6gLH4gQAem_WrD5Q==	2008-10-24 07:10:49	90.615236300000000	135.972575510000000
gAAAAABnljpEfk_exvMMyqEjM1JO8NVDksTNyq3e3hqA6b8aQ5FHS22qXcQauVpMPPOT291R5jsiwqZWgG6gLH4gQAem_WrD5Q==	2008-10-24 09:10:54	62.782450350000000	196.927796890000000
gAAAAABnljpEfk_exvMMyqEjM1JO8NVDksTNyq3e3hqA6b8aQ5FHS22qXcQauVpMPPOT291R5jsiwqZWgG6gLH4gQAem_WrD5Q==	2008-10-24 09:10:59	64.933486810000000	170.906197580000000
gAAAAABnljpEfk_exvMMyqEjM1JO8NVDksTNyq3e3hqA6b8aQ5FHS22qXcQauVpMPPOT291R5jsiwqZWgG6gLH4gQAem_WrD5Q==	2008-10-24 06:11:04	121.549655720000000	143.950907640000000
gAAAAABnljpEfk_exvMMyqEjM1JO8NVDksTNyq3e3hqA6b8aQ5FHS22qXcQauVpMPPOT291R5jsiwqZWgG6gLH4gQAem_WrD5Q==	2008-10-24 08:11:09	53.642250400000000	177.991298470000000
gAAAAABnljpEfk_exvMMyqEjM1JO8NVDksTNyq3e3hqA6b8aQ5FHS22qXcQauVpMPPOT291R5jsiwqZWgG6gLH4gQAem_WrD5Q==	2008-10-24 06:11:14	130.868034580000000	175.307833030000000
gAAAAABnljpEfk_exvMMyqEjM1JO8NVDksTNyq3e3hqA6b8aQ5FHS22qXcQauVpMPPOT291R5jsiwqZWgG6gLH4gQAem_WrD5Q==	2008-10-24 07:11:19	105.772190300000000	178.175976350000000
gAAAAABnljpEfk_exvMMyqEjM1JO8NVDksTNyq3e3hqA6b8aQ5FHS22qXcQauVpMPPOT291R5jsiwqZWgG6gLH4gQAem_WrD5Q==	2008-10-24 07:11:24	128.640356130000000	151.196208740000000
gAAAAABnljpEfk_exvMMyqEjM1JO8NVDksTNyq3e3hqA6b8aQ5FHS22qXcQauVpMPPOT291R5jsiwqZWgG6gLH4gQAem_WrD5Q==	2008-10-24 05:11:29	135.553401310000000	201.944813390000000
gAAAAABnljpEfk_exvMMyqEjM1JO8NVDksTNyq3e3hqA6b8aQ5FHS22qXcQauVpMPPOT291R5jsiwqZWgG6gLH4gQAem_WrD5Q==	2008-10-24 06:11:34	79.993263080000000	207.134975070000000
gAAAAABnljpEfk_exvMMyqEjM1JO8NVDksTNyq3e3hqA6b8aQ5FHS22qXcQauVpMPPOT291R5jsiwqZWgG6gLH4gQAem_WrD5Q==	2008-10-24 06:11:39	92.747068670000000	193.914189970000000
gAAAAABnljpEfk_exvMMyqEjM1JO8NVDksTNyq3e3hqA6b8aQ5FHS22qXcQauVpMPPOT291R5jsiwqZWgG6gLH4gQAem_WrD5Q==	2008-10-24 09:11:44	107.916620310000000	171.036364510000000
gAAAAABnljpEfk_exvMMyqEjM1JO8NVDksTNyq3e3hqA6b8aQ5FHS22qXcQauVpMPPOT291R5jsiwqZWgG6gLH4gQAem_WrD5Q==	2008-10-24 06:11:49	64.835721890000000	153.095670950000000
gAAAAABnljpEfk_exvMMyqEjM1JO8NVDksTNyq3e3hqA6b8aQ5FHS22qXcQauVpMPPOT291R5jsiwqZWgG6gLH4gQAem_WrD5Q==	2008-10-24 05:11:54	107.908507240000000	147.827578920000000
gAAAAABnljpEfk_exvMMyqEjM1JO8NVDksTNyq3e3hqA6b8aQ5FHS22qXcQauVpMPPOT291R5jsiwqZWgG6gLH4gQAem_WrD5Q==	2008-10-24 08:11:57	84.776368870000000	183.090341990000000
gAAAAABnljpEfk_exvMMyqEjM1JO8NVDksTNyq3e3hqA6b8aQ5FHS22qXcQauVpMPPOT291R5jsiwqZWgG6gLH4gQAem_WrD5Q==	2008-10-24 09:11:59	79.743986780000000	189.293789510000000
gAAAAABnljpEfk_exvMMyqEjM1JO8NVDksTNyq3e3hqA6b8aQ5FHS22qXcQauVpMPPOT291R5jsiwqZWgG6gLH4gQAem_WrD5Q==	2008-10-24 08:12:04	68.509775150000000	206.010879600000000
gAAAAABnljpEfk_exvMMyqEjM1JO8NVDksTNyq3e3hqA6b8aQ5FHS22qXcQauVpMPPOT291R5jsiwqZWgG6gLH4gQAem_WrD5Q==	2008-10-24 06:12:09	69.652157420000000	133.024426280000000
gAAAAABnljpEfk_exvMMyqEjM1JO8NVDksTNyq3e3hqA6b8aQ5FHS22qXcQauVpMPPOT291R5jsiwqZWgG6gLH4gQAem_WrD5Q==	2008-10-24 08:12:14	91.008616170000000	213.291936640000000
gAAAAABnljpEfk_exvMMyqEjM1JO8NVDksTNyq3e3hqA6b8aQ5FHS22qXcQauVpMPPOT291R5jsiwqZWgG6gLH4gQAem_WrD5Q==	2008-10-24 06:12:19	104.797762740000000	140.835200920000000
gAAAAABnljpEfk_exvMMyqEjM1JO8NVDksTNyq3e3hqA6b8aQ5FHS22qXcQauVpMPPOT291R5jsiwqZWgG6gLH4gQAem_WrD5Q==	2008-10-24 07:12:24	88.551654930000000	211.014710700000000
gAAAAABnljpEfk_exvMMyqEjM1JO8NVDksTNyq3e3hqA6b8aQ5FHS22qXcQauVpMPPOT291R5jsiwqZWgG6gLH4gQAem_WrD5Q==	2008-10-24 07:12:27	106.721243180000000	215.017611920000000
gAAAAABnljpEfk_exvMMyqEjM1JO8NVDksTNyq3e3hqA6b8aQ5FHS22qXcQauVpMPPOT291R5jsiwqZWgG6gLH4gQAem_WrD5Q==	2008-10-24 07:12:29	73.540923480000000	202.073551920000000
gAAAAABnljpEfk_exvMMyqEjM1JO8NVDksTNyq3e3hqA6b8aQ5FHS22qXcQauVpMPPOT291R5jsiwqZWgG6gLH4gQAem_WrD5Q==	2008-10-24 08:12:34	104.647930430000000	198.272962310000000
gAAAAABnljpEfk_exvMMyqEjM1JO8NVDksTNyq3e3hqA6b8aQ5FHS22qXcQauVpMPPOT291R5jsiwqZWgG6gLH4gQAem_WrD5Q==	2008-10-24 06:12:39	140.004012320000000	205.197917050000000
gAAAAABnljpEfk_exvMMyqEjM1JO8NVDksTNyq3e3hqA6b8aQ5FHS22qXcQauVpMPPOT291R5jsiwqZWgG6gLH4gQAem_WrD5Q==	2008-10-24 06:12:44	82.748916840000000	198.262235610000000
gAAAAABnljpEfk_exvMMyqEjM1JO8NVDksTNyq3e3hqA6b8aQ5FHS22qXcQauVpMPPOT291R5jsiwqZWgG6gLH4gQAem_WrD5Q==	2008-10-24 06:12:49	96.659424020000000	210.307771870000000
gAAAAABnljpEfk_exvMMyqEjM1JO8NVDksTNyq3e3hqA6b8aQ5FHS22qXcQauVpMPPOT291R5jsiwqZWgG6gLH4gQAem_WrD5Q==	2008-10-24 08:12:54	74.993502850000000	140.230316100000000
gAAAAABnljpEfk_exvMMyqEjM1JO8NVDksTNyq3e3hqA6b8aQ5FHS22qXcQauVpMPPOT291R5jsiwqZWgG6gLH4gQAem_WrD5Q==	2008-10-24 08:12:59	104.698303460000000	193.205733420000000
gAAAAABnljpEfk_exvMMyqEjM1JO8NVDksTNyq3e3hqA6b8aQ5FHS22qXcQauVpMPPOT291R5jsiwqZWgG6gLH4gQAem_WrD5Q==	2008-10-24 06:13:04	53.683374320000000	187.210679060000000
gAAAAABnljpEfk_exvMMyqEjM1JO8NVDksTNyq3e3hqA6b8aQ5FHS22qXcQauVpMPPOT291R5jsiwqZWgG6gLH4gQAem_WrD5Q==	2008-10-24 07:13:09	57.827103390000000	188.205428910000000
gAAAAABnljpEfk_exvMMyqEjM1JO8NVDksTNyq3e3hqA6b8aQ5FHS22qXcQauVpMPPOT291R5jsiwqZWgG6gLH4gQAem_WrD5Q==	2008-10-24 08:13:14	92.710440450000000	181.986954130000000
gAAAAABnljpEfk_exvMMyqEjM1JO8NVDksTNyq3e3hqA6b8aQ5FHS22qXcQauVpMPPOT291R5jsiwqZWgG6gLH4gQAem_WrD5Q==	2008-10-24 05:13:19	133.986781500000000	134.033799090000000
gAAAAABnljpEfk_exvMMyqEjM1JO8NVDksTNyq3e3hqA6b8aQ5FHS22qXcQauVpMPPOT291R5jsiwqZWgG6gLH4gQAem_WrD5Q==	2008-10-24 06:13:24	137.550620910000000	141.194604020000000
gAAAAABnljpEfk_exvMMyqEjM1JO8NVDksTNyq3e3hqA6b8aQ5FHS22qXcQauVpMPPOT291R5jsiwqZWgG6gLH4gQAem_WrD5Q==	2008-10-24 09:13:29	125.530463590000000	132.259097550000000
gAAAAABnljpEfk_exvMMyqEjM1JO8NVDksTNyq3e3hqA6b8aQ5FHS22qXcQauVpMPPOT291R5jsiwqZWgG6gLH4gQAem_WrD5Q==	2008-10-24 05:13:34	70.668222090000000	205.877033010000000
gAAAAABnljpEfk_exvMMyqEjM1JO8NVDksTNyq3e3hqA6b8aQ5FHS22qXcQauVpMPPOT291R5jsiwqZWgG6gLH4gQAem_WrD5Q==	2008-10-24 08:13:39	115.940248600000000	159.991692540000000
gAAAAABnljpEfk_exvMMyqEjM1JO8NVDksTNyq3e3hqA6b8aQ5FHS22qXcQauVpMPPOT291R5jsiwqZWgG6gLH4gQAem_WrD5Q==	2008-10-24 05:13:44	73.720492490000000	150.209193480000000
gAAAAABnljpEfk_exvMMyqEjM1JO8NVDksTNyq3e3hqA6b8aQ5FHS22qXcQauVpMPPOT291R5jsiwqZWgG6gLH4gQAem_WrD5Q==	2008-10-24 09:13:49	138.717787870000000	145.051660460000000
gAAAAABnljpEfk_exvMMyqEjM1JO8NVDksTNyq3e3hqA6b8aQ5FHS22qXcQauVpMPPOT291R5jsiwqZWgG6gLH4gQAem_WrD5Q==	2008-10-24 05:13:54	133.514647520000000	183.314633310000000
gAAAAABnljpEfk_exvMMyqEjM1JO8NVDksTNyq3e3hqA6b8aQ5FHS22qXcQauVpMPPOT291R5jsiwqZWgG6gLH4gQAem_WrD5Q==	2008-10-24 07:13:59	98.895220300000000	142.880082140000000
gAAAAABnljpEfk_exvMMyqEjM1JO8NVDksTNyq3e3hqA6b8aQ5FHS22qXcQauVpMPPOT291R5jsiwqZWgG6gLH4gQAem_WrD5Q==	2008-10-24 07:14:04	103.891028890000000	173.825657890000000
gAAAAABnljpEfk_exvMMyqEjM1JO8NVDksTNyq3e3hqA6b8aQ5FHS22qXcQauVpMPPOT291R5jsiwqZWgG6gLH4gQAem_WrD5Q==	2008-10-24 08:14:09	74.990305800000000	141.906399690000000
gAAAAABnljpEfk_exvMMyqEjM1JO8NVDksTNyq3e3hqA6b8aQ5FHS22qXcQauVpMPPOT291R5jsiwqZWgG6gLH4gQAem_WrD5Q==	2008-10-24 07:14:14	140.650340100000000	197.250266570000000
gAAAAABnljpEfk_exvMMyqEjM1JO8NVDksTNyq3e3hqA6b8aQ5FHS22qXcQauVpMPPOT291R5jsiwqZWgG6gLH4gQAem_WrD5Q==	2008-10-24 09:14:19	76.840523900000000	210.250120030000000
gAAAAABnljpEfk_exvMMyqEjM1JO8NVDksTNyq3e3hqA6b8aQ5FHS22qXcQauVpMPPOT291R5jsiwqZWgG6gLH4gQAem_WrD5Q==	2008-10-24 06:14:22	131.700968170000000	162.204580890000000
gAAAAABnljpEfk_exvMMyqEjM1JO8NVDksTNyq3e3hqA6b8aQ5FHS22qXcQauVpMPPOT291R5jsiwqZWgG6gLH4gQAem_WrD5Q==	2008-10-24 05:14:24	54.859037790000000	211.295221040000000
gAAAAABnljpEfk_exvMMyqEjM1JO8NVDksTNyq3e3hqA6b8aQ5FHS22qXcQauVpMPPOT291R5jsiwqZWgG6gLH4gQAem_WrD5Q==	2008-10-24 09:14:29	118.812250810000000	152.152167600000000
gAAAAABnljpEfk_exvMMyqEjM1JO8NVDksTNyq3e3hqA6b8aQ5FHS22qXcQauVpMPPOT291R5jsiwqZWgG6gLH4gQAem_WrD5Q==	2008-10-24 09:14:34	139.999809440000000	162.063526700000000
gAAAAABnljpEfk_exvMMyqEjM1JO8NVDksTNyq3e3hqA6b8aQ5FHS22qXcQauVpMPPOT291R5jsiwqZWgG6gLH4gQAem_WrD5Q==	2008-10-24 08:14:39	92.925266610000000	184.904966300000000
gAAAAABnljpEfk_exvMMyqEjM1JO8NVDksTNyq3e3hqA6b8aQ5FHS22qXcQauVpMPPOT291R5jsiwqZWgG6gLH4gQAem_WrD5Q==	2008-10-24 09:14:44	131.878233740000000	128.283095530000000
gAAAAABnljpEfk_exvMMyqEjM1JO8NVDksTNyq3e3hqA6b8aQ5FHS22qXcQauVpMPPOT291R5jsiwqZWgG6gLH4gQAem_WrD5Q==	2008-10-24 07:14:49	105.743123790000000	163.901522420000000
gAAAAABnljpEfk_exvMMyqEjM1JO8NVDksTNyq3e3hqA6b8aQ5FHS22qXcQauVpMPPOT291R5jsiwqZWgG6gLH4gQAem_WrD5Q==	2008-10-24 09:14:54	102.551039440000000	179.906010100000000
gAAAAABnljpEfk_exvMMyqEjM1JO8NVDksTNyq3e3hqA6b8aQ5FHS22qXcQauVpMPPOT291R5jsiwqZWgG6gLH4gQAem_WrD5Q==	2008-10-24 09:14:59	125.615302710000000	141.053455140000000
gAAAAABnljpEfk_exvMMyqEjM1JO8NVDksTNyq3e3hqA6b8aQ5FHS22qXcQauVpMPPOT291R5jsiwqZWgG6gLH4gQAem_WrD5Q==	2008-10-24 07:15:04	116.986064800000000	179.865879160000000
gAAAAABnljpEfk_exvMMyqEjM1JO8NVDksTNyq3e3hqA6b8aQ5FHS22qXcQauVpMPPOT291R5jsiwqZWgG6gLH4gQAem_WrD5Q==	2008-10-24 09:15:09	68.534686100000000	207.044372500000000
gAAAAABnljpEfk_exvMMyqEjM1JO8NVDksTNyq3e3hqA6b8aQ5FHS22qXcQauVpMPPOT291R5jsiwqZWgG6gLH4gQAem_WrD5Q==	2008-10-24 05:15:14	131.658432900000000	187.249645220000000
gAAAAABnljpEfk_exvMMyqEjM1JO8NVDksTNyq3e3hqA6b8aQ5FHS22qXcQauVpMPPOT291R5jsiwqZWgG6gLH4gQAem_WrD5Q==	2008-10-24 05:15:19	51.738261280000000	162.277586980000000
gAAAAABnljpEfk_exvMMyqEjM1JO8NVDksTNyq3e3hqA6b8aQ5FHS22qXcQauVpMPPOT291R5jsiwqZWgG6gLH4gQAem_WrD5Q==	2008-10-24 08:15:24	122.525831190000000	179.829673460000000
gAAAAABnljpEfk_exvMMyqEjM1JO8NVDksTNyq3e3hqA6b8aQ5FHS22qXcQauVpMPPOT291R5jsiwqZWgG6gLH4gQAem_WrD5Q==	2008-10-24 09:15:29	61.656053880000000	158.941188420000000
gAAAAABnljpEfk_exvMMyqEjM1JO8NVDksTNyq3e3hqA6b8aQ5FHS22qXcQauVpMPPOT291R5jsiwqZWgG6gLH4gQAem_WrD5Q==	2008-10-24 09:21:54	117.946909260000000	142.183194430000000
gAAAAABnljpEfk_exvMMyqEjM1JO8NVDksTNyq3e3hqA6b8aQ5FHS22qXcQauVpMPPOT291R5jsiwqZWgG6gLH4gQAem_WrD5Q==	2008-10-24 06:21:59	125.608186760000000	192.062165920000000
gAAAAABnljpEfk_exvMMyqEjM1JO8NVDksTNyq3e3hqA6b8aQ5FHS22qXcQauVpMPPOT291R5jsiwqZWgG6gLH4gQAem_WrD5Q==	2008-10-24 06:22:04	90.869310880000000	208.136240420000000
gAAAAABnljpEfk_exvMMyqEjM1JO8NVDksTNyq3e3hqA6b8aQ5FHS22qXcQauVpMPPOT291R5jsiwqZWgG6gLH4gQAem_WrD5Q==	2008-10-24 09:22:09	92.612037230000000	142.871457760000000
gAAAAABnljpEfk_exvMMyqEjM1JO8NVDksTNyq3e3hqA6b8aQ5FHS22qXcQauVpMPPOT291R5jsiwqZWgG6gLH4gQAem_WrD5Q==	2008-10-24 09:22:14	107.970124080000000	185.262291990000000
gAAAAABnljpEfk_exvMMyqEjM1JO8NVDksTNyq3e3hqA6b8aQ5FHS22qXcQauVpMPPOT291R5jsiwqZWgG6gLH4gQAem_WrD5Q==	2008-10-24 05:22:19	77.787357400000000	166.825933610000000
gAAAAABnljpEfk_exvMMyqEjM1JO8NVDksTNyq3e3hqA6b8aQ5FHS22qXcQauVpMPPOT291R5jsiwqZWgG6gLH4gQAem_WrD5Q==	2008-10-24 07:22:24	126.953072860000000	133.184739180000000
gAAAAABnljpEfk_exvMMyqEjM1JO8NVDksTNyq3e3hqA6b8aQ5FHS22qXcQauVpMPPOT291R5jsiwqZWgG6gLH4gQAem_WrD5Q==	2008-10-24 08:22:29	120.724053740000000	207.135831250000000
gAAAAABnljpEfk_exvMMyqEjM1JO8NVDksTNyq3e3hqA6b8aQ5FHS22qXcQauVpMPPOT291R5jsiwqZWgG6gLH4gQAem_WrD5Q==	2008-10-24 05:22:34	99.965344280000000	140.068789810000000
gAAAAABnljpEfk_exvMMyqEjM1JO8NVDksTNyq3e3hqA6b8aQ5FHS22qXcQauVpMPPOT291R5jsiwqZWgG6gLH4gQAem_WrD5Q==	2008-10-24 08:22:39	140.911806120000000	136.875367090000000
gAAAAABnljpEfk_exvMMyqEjM1JO8NVDksTNyq3e3hqA6b8aQ5FHS22qXcQauVpMPPOT291R5jsiwqZWgG6gLH4gQAem_WrD5Q==	2008-10-24 09:22:44	59.835628770000000	137.074667010000000
gAAAAABnljpEfk_exvMMyqEjM1JO8NVDksTNyq3e3hqA6b8aQ5FHS22qXcQauVpMPPOT291R5jsiwqZWgG6gLH4gQAem_WrD5Q==	2008-10-24 06:22:49	76.837477890000000	212.009235010000000
gAAAAABnljpEfk_exvMMyqEjM1JO8NVDksTNyq3e3hqA6b8aQ5FHS22qXcQauVpMPPOT291R5jsiwqZWgG6gLH4gQAem_WrD5Q==	2008-10-24 05:22:54	136.818380050000000	134.851974340000000
gAAAAABnljpEfk_exvMMyqEjM1JO8NVDksTNyq3e3hqA6b8aQ5FHS22qXcQauVpMPPOT291R5jsiwqZWgG6gLH4gQAem_WrD5Q==	2008-10-24 07:22:59	100.860433690000000	133.088084780000000
gAAAAABnljpEfk_exvMMyqEjM1JO8NVDksTNyq3e3hqA6b8aQ5FHS22qXcQauVpMPPOT291R5jsiwqZWgG6gLH4gQAem_WrD5Q==	2008-10-24 07:23:02	122.971325160000000	156.147570050000000
gAAAAABnljpEfk_exvMMyqEjM1JO8NVDksTNyq3e3hqA6b8aQ5FHS22qXcQauVpMPPOT291R5jsiwqZWgG6gLH4gQAem_WrD5Q==	2008-10-24 09:23:04	118.677872150000000	154.980214070000000
gAAAAABnljpEfk_exvMMyqEjM1JO8NVDksTNyq3e3hqA6b8aQ5FHS22qXcQauVpMPPOT291R5jsiwqZWgG6gLH4gQAem_WrD5Q==	2008-10-24 05:23:09	83.948674200000000	180.023706430000000
gAAAAABnljpEfk_exvMMyqEjM1JO8NVDksTNyq3e3hqA6b8aQ5FHS22qXcQauVpMPPOT291R5jsiwqZWgG6gLH4gQAem_WrD5Q==	2008-10-24 07:23:14	80.816277290000000	180.009318860000000
gAAAAABnljpEfk_exvMMyqEjM1JO8NVDksTNyq3e3hqA6b8aQ5FHS22qXcQauVpMPPOT291R5jsiwqZWgG6gLH4gQAem_WrD5Q==	2008-10-24 06:23:19	79.645184120000000	139.823638650000000
gAAAAABnljpEfk_exvMMyqEjM1JO8NVDksTNyq3e3hqA6b8aQ5FHS22qXcQauVpMPPOT291R5jsiwqZWgG6gLH4gQAem_WrD5Q==	2008-10-24 09:23:24	60.945413230000000	129.319059530000000
gAAAAABnljpEfk_exvMMyqEjM1JO8NVDksTNyq3e3hqA6b8aQ5FHS22qXcQauVpMPPOT291R5jsiwqZWgG6gLH4gQAem_WrD5Q==	2008-10-24 05:23:27	122.541442720000000	161.130140550000000
gAAAAABnljpEfk_exvMMyqEjM1JO8NVDksTNyq3e3hqA6b8aQ5FHS22qXcQauVpMPPOT291R5jsiwqZWgG6gLH4gQAem_WrD5Q==	2008-10-24 05:23:29	106.685393540000000	161.925460460000000
gAAAAABnljpEfk_exvMMyqEjM1JO8NVDksTNyq3e3hqA6b8aQ5FHS22qXcQauVpMPPOT291R5jsiwqZWgG6gLH4gQAem_WrD5Q==	2008-10-24 07:23:34	60.674939250000000	128.932894550000000
gAAAAABnljpEfk_exvMMyqEjM1JO8NVDksTNyq3e3hqA6b8aQ5FHS22qXcQauVpMPPOT291R5jsiwqZWgG6gLH4gQAem_WrD5Q==	2008-10-24 05:23:39	121.530593250000000	133.857223120000000
gAAAAABnljpEfk_exvMMyqEjM1JO8NVDksTNyq3e3hqA6b8aQ5FHS22qXcQauVpMPPOT291R5jsiwqZWgG6gLH4gQAem_WrD5Q==	2008-10-24 07:23:44	127.776208750000000	149.284675800000000
gAAAAABnljpEfk_exvMMyqEjM1JO8NVDksTNyq3e3hqA6b8aQ5FHS22qXcQauVpMPPOT291R5jsiwqZWgG6gLH4gQAem_WrD5Q==	2008-10-24 07:23:47	99.674844660000000	216.880248870000000
gAAAAABnljpEfk_exvMMyqEjM1JO8NVDksTNyq3e3hqA6b8aQ5FHS22qXcQauVpMPPOT291R5jsiwqZWgG6gLH4gQAem_WrD5Q==	2008-10-24 08:23:49	98.534674020000000	183.316373150000000
gAAAAABnljpEfk_exvMMyqEjM1JO8NVDksTNyq3e3hqA6b8aQ5FHS22qXcQauVpMPPOT291R5jsiwqZWgG6gLH4gQAem_WrD5Q==	2008-10-24 07:23:54	118.004226700000000	177.878260750000000
gAAAAABnljpEfk_exvMMyqEjM1JO8NVDksTNyq3e3hqA6b8aQ5FHS22qXcQauVpMPPOT291R5jsiwqZWgG6gLH4gQAem_WrD5Q==	2008-10-24 07:23:59	84.728676750000000	133.239783900000000
gAAAAABnljpEfk_exvMMyqEjM1JO8NVDksTNyq3e3hqA6b8aQ5FHS22qXcQauVpMPPOT291R5jsiwqZWgG6gLH4gQAem_WrD5Q==	2008-10-24 05:24:04	65.691263810000000	133.041202970000000
gAAAAABnljpE_p-xRvNKGepdA0RyTavV40cG87hoiya6Tdbtk7PMPTFagTemdFfH30EOqohOQM4ZB1nc4Guoc4qXNPamvvsieg==	2009-09-20 10:59:01	138.096312300000000	175.186044900000000
gAAAAABnljpE_p-xRvNKGepdA0RyTavV40cG87hoiya6Tdbtk7PMPTFagTemdFfH30EOqohOQM4ZB1nc4Guoc4qXNPamvvsieg==	2009-09-20 11:59:02	99.302435280000000	163.024170280000000
gAAAAABnljpE_p-xRvNKGepdA0RyTavV40cG87hoiya6Tdbtk7PMPTFagTemdFfH30EOqohOQM4ZB1nc4Guoc4qXNPamvvsieg==	2009-09-20 10:59:04	67.116177890000000	185.978954600000000
gAAAAABnljpE_p-xRvNKGepdA0RyTavV40cG87hoiya6Tdbtk7PMPTFagTemdFfH30EOqohOQM4ZB1nc4Guoc4qXNPamvvsieg==	2009-09-20 09:59:08	109.339423160000000	208.019436850000000
gAAAAABnljpE_p-xRvNKGepdA0RyTavV40cG87hoiya6Tdbtk7PMPTFagTemdFfH30EOqohOQM4ZB1nc4Guoc4qXNPamvvsieg==	2009-09-20 09:59:10	81.186421560000000	177.239407980000000
gAAAAABnljpE_p-xRvNKGepdA0RyTavV40cG87hoiya6Tdbtk7PMPTFagTemdFfH30EOqohOQM4ZB1nc4Guoc4qXNPamvvsieg==	2009-09-20 11:59:15	56.920797280000000	214.232340940000000
gAAAAABnljpE_p-xRvNKGepdA0RyTavV40cG87hoiya6Tdbtk7PMPTFagTemdFfH30EOqohOQM4ZB1nc4Guoc4qXNPamvvsieg==	2009-09-20 12:59:17	112.112147680000000	162.964538950000000
gAAAAABnljpE_p-xRvNKGepdA0RyTavV40cG87hoiya6Tdbtk7PMPTFagTemdFfH30EOqohOQM4ZB1nc4Guoc4qXNPamvvsieg==	2009-09-20 09:59:19	112.357262040000000	134.951591730000000
gAAAAABnljpE_p-xRvNKGepdA0RyTavV40cG87hoiya6Tdbtk7PMPTFagTemdFfH30EOqohOQM4ZB1nc4Guoc4qXNPamvvsieg==	2009-09-20 09:59:21	116.077469040000000	186.793796760000000
gAAAAABnljpE_p-xRvNKGepdA0RyTavV40cG87hoiya6Tdbtk7PMPTFagTemdFfH30EOqohOQM4ZB1nc4Guoc4qXNPamvvsieg==	2009-09-20 09:59:59	85.041896680000000	149.953311190000000
gAAAAABnljpE_p-xRvNKGepdA0RyTavV40cG87hoiya6Tdbtk7PMPTFagTemdFfH30EOqohOQM4ZB1nc4Guoc4qXNPamvvsieg==	2009-09-20 11:00:01	82.279330480000000	193.910640760000000
gAAAAABnljpE_p-xRvNKGepdA0RyTavV40cG87hoiya6Tdbtk7PMPTFagTemdFfH30EOqohOQM4ZB1nc4Guoc4qXNPamvvsieg==	2009-09-20 14:00:03	60.363752710000000	169.075636290000000
gAAAAABnljpE_p-xRvNKGepdA0RyTavV40cG87hoiya6Tdbtk7PMPTFagTemdFfH30EOqohOQM4ZB1nc4Guoc4qXNPamvvsieg==	2009-09-20 10:00:05	80.317381570000000	207.222805730000000
gAAAAABnljpE_p-xRvNKGepdA0RyTavV40cG87hoiya6Tdbtk7PMPTFagTemdFfH30EOqohOQM4ZB1nc4Guoc4qXNPamvvsieg==	2009-09-20 12:00:26	130.924133170000000	143.210601360000000
gAAAAABnljpE_p-xRvNKGepdA0RyTavV40cG87hoiya6Tdbtk7PMPTFagTemdFfH30EOqohOQM4ZB1nc4Guoc4qXNPamvvsieg==	2009-09-20 12:00:28	59.132044170000000	193.878542550000000
gAAAAABnljpE_p-xRvNKGepdA0RyTavV40cG87hoiya6Tdbtk7PMPTFagTemdFfH30EOqohOQM4ZB1nc4Guoc4qXNPamvvsieg==	2009-09-20 10:00:30	58.008696930000000	157.186581200000000
gAAAAABnljpE_p-xRvNKGepdA0RyTavV40cG87hoiya6Tdbtk7PMPTFagTemdFfH30EOqohOQM4ZB1nc4Guoc4qXNPamvvsieg==	2009-09-20 12:00:32	115.392310410000000	161.815526070000000
gAAAAABnljpE_p-xRvNKGepdA0RyTavV40cG87hoiya6Tdbtk7PMPTFagTemdFfH30EOqohOQM4ZB1nc4Guoc4qXNPamvvsieg==	2009-09-20 14:00:34	71.099031070000000	139.229976060000000
gAAAAABnljpE_p-xRvNKGepdA0RyTavV40cG87hoiya6Tdbtk7PMPTFagTemdFfH30EOqohOQM4ZB1nc4Guoc4qXNPamvvsieg==	2009-09-20 10:00:36	127.267467350000000	196.846846960000000
gAAAAABnljpE_p-xRvNKGepdA0RyTavV40cG87hoiya6Tdbtk7PMPTFagTemdFfH30EOqohOQM4ZB1nc4Guoc4qXNPamvvsieg==	2009-09-20 12:00:38	78.970449210000000	210.173622850000000
gAAAAABnljpE_p-xRvNKGepdA0RyTavV40cG87hoiya6Tdbtk7PMPTFagTemdFfH30EOqohOQM4ZB1nc4Guoc4qXNPamvvsieg==	2009-09-20 10:00:40	113.284338680000000	187.060671040000000
gAAAAABnljpE_p-xRvNKGepdA0RyTavV40cG87hoiya6Tdbtk7PMPTFagTemdFfH30EOqohOQM4ZB1nc4Guoc4qXNPamvvsieg==	2009-09-20 12:00:42	93.005191130000000	166.021701390000000
gAAAAABnljpE_p-xRvNKGepdA0RyTavV40cG87hoiya6Tdbtk7PMPTFagTemdFfH30EOqohOQM4ZB1nc4Guoc4qXNPamvvsieg==	2009-09-20 10:00:44	125.361131280000000	129.826107880000000
gAAAAABnljpE_p-xRvNKGepdA0RyTavV40cG87hoiya6Tdbtk7PMPTFagTemdFfH30EOqohOQM4ZB1nc4Guoc4qXNPamvvsieg==	2009-09-20 10:00:46	63.389922810000000	172.932782230000000
gAAAAABnljpE_p-xRvNKGepdA0RyTavV40cG87hoiya6Tdbtk7PMPTFagTemdFfH30EOqohOQM4ZB1nc4Guoc4qXNPamvvsieg==	2009-09-20 11:00:48	138.382165900000000	152.920743250000000
gAAAAABnljpE_p-xRvNKGepdA0RyTavV40cG87hoiya6Tdbtk7PMPTFagTemdFfH30EOqohOQM4ZB1nc4Guoc4qXNPamvvsieg==	2009-09-20 12:00:50	107.260664980000000	164.077163270000000
gAAAAABnljpE_p-xRvNKGepdA0RyTavV40cG87hoiya6Tdbtk7PMPTFagTemdFfH30EOqohOQM4ZB1nc4Guoc4qXNPamvvsieg==	2009-09-20 13:00:52	93.922615000000000	145.913760180000000
gAAAAABnljpE_p-xRvNKGepdA0RyTavV40cG87hoiya6Tdbtk7PMPTFagTemdFfH30EOqohOQM4ZB1nc4Guoc4qXNPamvvsieg==	2009-09-20 14:00:54	121.924107150000000	140.166258660000000
gAAAAABnljpE_p-xRvNKGepdA0RyTavV40cG87hoiya6Tdbtk7PMPTFagTemdFfH30EOqohOQM4ZB1nc4Guoc4qXNPamvvsieg==	2009-09-20 14:00:56	142.287253520000000	195.116959730000000
gAAAAABnljpE_p-xRvNKGepdA0RyTavV40cG87hoiya6Tdbtk7PMPTFagTemdFfH30EOqohOQM4ZB1nc4Guoc4qXNPamvvsieg==	2009-09-20 12:00:58	100.224018450000000	176.959206700000000
gAAAAABnljpE_p-xRvNKGepdA0RyTavV40cG87hoiya6Tdbtk7PMPTFagTemdFfH30EOqohOQM4ZB1nc4Guoc4qXNPamvvsieg==	2009-09-20 11:01:00	57.324382730000000	202.144599020000000
gAAAAABnljpE_p-xRvNKGepdA0RyTavV40cG87hoiya6Tdbtk7PMPTFagTemdFfH30EOqohOQM4ZB1nc4Guoc4qXNPamvvsieg==	2009-09-20 14:01:02	120.167609340000000	188.046820780000000
gAAAAABnljpE_p-xRvNKGepdA0RyTavV40cG87hoiya6Tdbtk7PMPTFagTemdFfH30EOqohOQM4ZB1nc4Guoc4qXNPamvvsieg==	2009-09-20 14:01:04	128.285143350000000	207.213034440000000
gAAAAABnljpE_p-xRvNKGepdA0RyTavV40cG87hoiya6Tdbtk7PMPTFagTemdFfH30EOqohOQM4ZB1nc4Guoc4qXNPamvvsieg==	2009-09-20 13:01:06	102.231476700000000	200.971507650000000
gAAAAABnljpE_p-xRvNKGepdA0RyTavV40cG87hoiya6Tdbtk7PMPTFagTemdFfH30EOqohOQM4ZB1nc4Guoc4qXNPamvvsieg==	2009-09-20 10:01:08	139.387702820000000	178.116306560000000
gAAAAABnljpE_p-xRvNKGepdA0RyTavV40cG87hoiya6Tdbtk7PMPTFagTemdFfH30EOqohOQM4ZB1nc4Guoc4qXNPamvvsieg==	2009-09-20 10:01:10	137.931597900000000	145.070072410000000
gAAAAABnljpE_p-xRvNKGepdA0RyTavV40cG87hoiya6Tdbtk7PMPTFagTemdFfH30EOqohOQM4ZB1nc4Guoc4qXNPamvvsieg==	2009-09-20 12:01:12	76.095282670000000	156.779349030000000
gAAAAABnljpE_p-xRvNKGepdA0RyTavV40cG87hoiya6Tdbtk7PMPTFagTemdFfH30EOqohOQM4ZB1nc4Guoc4qXNPamvvsieg==	2009-09-20 12:01:14	106.123260800000000	154.119597210000000
gAAAAABnljpE_p-xRvNKGepdA0RyTavV40cG87hoiya6Tdbtk7PMPTFagTemdFfH30EOqohOQM4ZB1nc4Guoc4qXNPamvvsieg==	2009-09-20 13:01:16	82.240171680000000	156.960417760000000
gAAAAABnljpE_p-xRvNKGepdA0RyTavV40cG87hoiya6Tdbtk7PMPTFagTemdFfH30EOqohOQM4ZB1nc4Guoc4qXNPamvvsieg==	2009-09-20 11:01:18	119.224833960000000	207.903379200000000
gAAAAABnljpE_p-xRvNKGepdA0RyTavV40cG87hoiya6Tdbtk7PMPTFagTemdFfH30EOqohOQM4ZB1nc4Guoc4qXNPamvvsieg==	2009-09-20 10:01:20	97.168229920000000	150.178993600000000
gAAAAABnljpE_p-xRvNKGepdA0RyTavV40cG87hoiya6Tdbtk7PMPTFagTemdFfH30EOqohOQM4ZB1nc4Guoc4qXNPamvvsieg==	2009-09-20 10:01:22	106.003724940000000	188.125656060000000
gAAAAABnljpE_p-xRvNKGepdA0RyTavV40cG87hoiya6Tdbtk7PMPTFagTemdFfH30EOqohOQM4ZB1nc4Guoc4qXNPamvvsieg==	2009-09-20 14:01:24	122.996217540000000	155.859502760000000
gAAAAABnljpE_p-xRvNKGepdA0RyTavV40cG87hoiya6Tdbtk7PMPTFagTemdFfH30EOqohOQM4ZB1nc4Guoc4qXNPamvvsieg==	2009-09-20 13:01:26	88.319875110000000	141.063049600000000
gAAAAABnljpE_p-xRvNKGepdA0RyTavV40cG87hoiya6Tdbtk7PMPTFagTemdFfH30EOqohOQM4ZB1nc4Guoc4qXNPamvvsieg==	2009-09-20 11:01:28	129.332928850000000	177.895140220000000
gAAAAABnljpE_p-xRvNKGepdA0RyTavV40cG87hoiya6Tdbtk7PMPTFagTemdFfH30EOqohOQM4ZB1nc4Guoc4qXNPamvvsieg==	2009-09-20 11:01:30	79.112241340000000	197.860561980000000
gAAAAABnljpE_p-xRvNKGepdA0RyTavV40cG87hoiya6Tdbtk7PMPTFagTemdFfH30EOqohOQM4ZB1nc4Guoc4qXNPamvvsieg==	2009-09-20 12:01:32	67.286065190000000	139.766924820000000
gAAAAABnljpE_p-xRvNKGepdA0RyTavV40cG87hoiya6Tdbtk7PMPTFagTemdFfH30EOqohOQM4ZB1nc4Guoc4qXNPamvvsieg==	2009-09-20 13:01:34	106.087025190000000	157.148616470000000
gAAAAABnljpE_p-xRvNKGepdA0RyTavV40cG87hoiya6Tdbtk7PMPTFagTemdFfH30EOqohOQM4ZB1nc4Guoc4qXNPamvvsieg==	2009-09-20 12:01:36	57.375447370000000	178.152343540000000
gAAAAABnljpE_p-xRvNKGepdA0RyTavV40cG87hoiya6Tdbtk7PMPTFagTemdFfH30EOqohOQM4ZB1nc4Guoc4qXNPamvvsieg==	2009-09-20 10:01:38	122.321009660000000	159.850869630000000
gAAAAABnljpE_p-xRvNKGepdA0RyTavV40cG87hoiya6Tdbtk7PMPTFagTemdFfH30EOqohOQM4ZB1nc4Guoc4qXNPamvvsieg==	2009-09-20 11:01:40	64.141470140000000	167.161061180000000
gAAAAABnljpE_p-xRvNKGepdA0RyTavV40cG87hoiya6Tdbtk7PMPTFagTemdFfH30EOqohOQM4ZB1nc4Guoc4qXNPamvvsieg==	2009-09-20 11:01:42	55.081473720000000	199.969866980000000
gAAAAABnljpE_p-xRvNKGepdA0RyTavV40cG87hoiya6Tdbtk7PMPTFagTemdFfH30EOqohOQM4ZB1nc4Guoc4qXNPamvvsieg==	2009-09-20 12:01:44	95.259561350000000	157.207625660000000
gAAAAABnljpE_p-xRvNKGepdA0RyTavV40cG87hoiya6Tdbtk7PMPTFagTemdFfH30EOqohOQM4ZB1nc4Guoc4qXNPamvvsieg==	2009-09-20 13:01:46	79.098968880000000	171.210058880000000
gAAAAABnljpE_p-xRvNKGepdA0RyTavV40cG87hoiya6Tdbtk7PMPTFagTemdFfH30EOqohOQM4ZB1nc4Guoc4qXNPamvvsieg==	2009-09-20 14:01:48	128.126483460000000	209.964025070000000
gAAAAABnljpE_p-xRvNKGepdA0RyTavV40cG87hoiya6Tdbtk7PMPTFagTemdFfH30EOqohOQM4ZB1nc4Guoc4qXNPamvvsieg==	2009-09-20 13:01:50	81.288986540000000	164.955843400000000
gAAAAABnljpE_p-xRvNKGepdA0RyTavV40cG87hoiya6Tdbtk7PMPTFagTemdFfH30EOqohOQM4ZB1nc4Guoc4qXNPamvvsieg==	2009-09-20 12:01:52	123.915569280000000	129.093474070000000
gAAAAABnljpE_p-xRvNKGepdA0RyTavV40cG87hoiya6Tdbtk7PMPTFagTemdFfH30EOqohOQM4ZB1nc4Guoc4qXNPamvvsieg==	2009-09-20 11:01:54	84.360468880000000	164.960121720000000
gAAAAABnljpE_p-xRvNKGepdA0RyTavV40cG87hoiya6Tdbtk7PMPTFagTemdFfH30EOqohOQM4ZB1nc4Guoc4qXNPamvvsieg==	2009-09-20 13:01:56	112.111945410000000	143.031901380000000
gAAAAABnljpE_p-xRvNKGepdA0RyTavV40cG87hoiya6Tdbtk7PMPTFagTemdFfH30EOqohOQM4ZB1nc4Guoc4qXNPamvvsieg==	2009-09-20 12:01:58	116.288001260000000	149.122602630000000
gAAAAABnljpE_p-xRvNKGepdA0RyTavV40cG87hoiya6Tdbtk7PMPTFagTemdFfH30EOqohOQM4ZB1nc4Guoc4qXNPamvvsieg==	2009-09-20 13:02:00	125.371485920000000	212.964463590000000
gAAAAABnljpE_p-xRvNKGepdA0RyTavV40cG87hoiya6Tdbtk7PMPTFagTemdFfH30EOqohOQM4ZB1nc4Guoc4qXNPamvvsieg==	2009-09-20 11:02:02	142.327644330000000	209.763800690000000
gAAAAABnljpE_p-xRvNKGepdA0RyTavV40cG87hoiya6Tdbtk7PMPTFagTemdFfH30EOqohOQM4ZB1nc4Guoc4qXNPamvvsieg==	2009-09-20 14:02:04	65.906906200000000	171.215155200000000
gAAAAABnljpE_p-xRvNKGepdA0RyTavV40cG87hoiya6Tdbtk7PMPTFagTemdFfH30EOqohOQM4ZB1nc4Guoc4qXNPamvvsieg==	2009-09-20 11:02:06	110.316582160000000	189.911522380000000
gAAAAABnljpE_p-xRvNKGepdA0RyTavV40cG87hoiya6Tdbtk7PMPTFagTemdFfH30EOqohOQM4ZB1nc4Guoc4qXNPamvvsieg==	2009-09-20 12:02:08	78.249001540000000	192.971072230000000
gAAAAABnljpE_p-xRvNKGepdA0RyTavV40cG87hoiya6Tdbtk7PMPTFagTemdFfH30EOqohOQM4ZB1nc4Guoc4qXNPamvvsieg==	2009-09-20 11:02:10	121.335043810000000	151.777362770000000
gAAAAABnljpE_p-xRvNKGepdA0RyTavV40cG87hoiya6Tdbtk7PMPTFagTemdFfH30EOqohOQM4ZB1nc4Guoc4qXNPamvvsieg==	2009-09-20 11:02:12	133.259395160000000	134.761095090000000
gAAAAABnljpE_p-xRvNKGepdA0RyTavV40cG87hoiya6Tdbtk7PMPTFagTemdFfH30EOqohOQM4ZB1nc4Guoc4qXNPamvvsieg==	2009-09-20 10:02:14	65.188616340000000	138.942326850000000
gAAAAABnljpE_p-xRvNKGepdA0RyTavV40cG87hoiya6Tdbtk7PMPTFagTemdFfH30EOqohOQM4ZB1nc4Guoc4qXNPamvvsieg==	2009-09-20 13:02:16	105.291354040000000	191.873086890000000
gAAAAABnljpE_p-xRvNKGepdA0RyTavV40cG87hoiya6Tdbtk7PMPTFagTemdFfH30EOqohOQM4ZB1nc4Guoc4qXNPamvvsieg==	2009-09-20 13:02:18	116.958175110000000	210.188939670000000
gAAAAABnljpE_p-xRvNKGepdA0RyTavV40cG87hoiya6Tdbtk7PMPTFagTemdFfH30EOqohOQM4ZB1nc4Guoc4qXNPamvvsieg==	2009-09-20 14:02:20	113.175534600000000	130.865251410000000
gAAAAABnljpE_p-xRvNKGepdA0RyTavV40cG87hoiya6Tdbtk7PMPTFagTemdFfH30EOqohOQM4ZB1nc4Guoc4qXNPamvvsieg==	2009-09-20 11:02:22	72.290193830000000	153.830325030000000
gAAAAABnljpE_p-xRvNKGepdA0RyTavV40cG87hoiya6Tdbtk7PMPTFagTemdFfH30EOqohOQM4ZB1nc4Guoc4qXNPamvvsieg==	2009-09-20 14:02:24	128.035853910000000	190.017070810000000
gAAAAABnljpE_p-xRvNKGepdA0RyTavV40cG87hoiya6Tdbtk7PMPTFagTemdFfH30EOqohOQM4ZB1nc4Guoc4qXNPamvvsieg==	2009-09-20 13:02:26	65.008943850000000	205.938201320000000
gAAAAABnljpE_p-xRvNKGepdA0RyTavV40cG87hoiya6Tdbtk7PMPTFagTemdFfH30EOqohOQM4ZB1nc4Guoc4qXNPamvvsieg==	2009-09-20 12:02:28	112.168809830000000	192.187975490000000
gAAAAABnljpE_p-xRvNKGepdA0RyTavV40cG87hoiya6Tdbtk7PMPTFagTemdFfH30EOqohOQM4ZB1nc4Guoc4qXNPamvvsieg==	2009-09-20 11:02:30	142.103044850000000	206.039033670000000
gAAAAABnljpE_p-xRvNKGepdA0RyTavV40cG87hoiya6Tdbtk7PMPTFagTemdFfH30EOqohOQM4ZB1nc4Guoc4qXNPamvvsieg==	2009-09-20 13:02:32	71.291189620000000	131.980800500000000
gAAAAABnljpE_p-xRvNKGepdA0RyTavV40cG87hoiya6Tdbtk7PMPTFagTemdFfH30EOqohOQM4ZB1nc4Guoc4qXNPamvvsieg==	2009-09-20 10:02:34	92.970255600000000	139.172462550000000
gAAAAABnljpE_p-xRvNKGepdA0RyTavV40cG87hoiya6Tdbtk7PMPTFagTemdFfH30EOqohOQM4ZB1nc4Guoc4qXNPamvvsieg==	2009-09-20 10:02:36	111.977113710000000	169.098329600000000
gAAAAABnljpE_p-xRvNKGepdA0RyTavV40cG87hoiya6Tdbtk7PMPTFagTemdFfH30EOqohOQM4ZB1nc4Guoc4qXNPamvvsieg==	2009-09-20 11:02:38	73.279191150000000	139.867092260000000
gAAAAABnljpE_p-xRvNKGepdA0RyTavV40cG87hoiya6Tdbtk7PMPTFagTemdFfH30EOqohOQM4ZB1nc4Guoc4qXNPamvvsieg==	2009-09-20 12:02:40	90.331286800000000	203.069061690000000
gAAAAABnljpE_p-xRvNKGepdA0RyTavV40cG87hoiya6Tdbtk7PMPTFagTemdFfH30EOqohOQM4ZB1nc4Guoc4qXNPamvvsieg==	2009-09-20 14:02:42	143.307446240000000	184.027657460000000
gAAAAABnljpE_p-xRvNKGepdA0RyTavV40cG87hoiya6Tdbtk7PMPTFagTemdFfH30EOqohOQM4ZB1nc4Guoc4qXNPamvvsieg==	2009-09-20 11:02:44	54.405303620000000	169.255225790000000
gAAAAABnljpE_p-xRvNKGepdA0RyTavV40cG87hoiya6Tdbtk7PMPTFagTemdFfH30EOqohOQM4ZB1nc4Guoc4qXNPamvvsieg==	2009-09-20 13:02:46	142.939923220000000	204.832238180000000
gAAAAABnljpE_p-xRvNKGepdA0RyTavV40cG87hoiya6Tdbtk7PMPTFagTemdFfH30EOqohOQM4ZB1nc4Guoc4qXNPamvvsieg==	2009-09-20 11:02:48	141.057580680000000	129.825834450000000
gAAAAABnljpE_p-xRvNKGepdA0RyTavV40cG87hoiya6Tdbtk7PMPTFagTemdFfH30EOqohOQM4ZB1nc4Guoc4qXNPamvvsieg==	2009-09-20 12:02:50	66.104347150000000	190.068728550000000
gAAAAABnljpE_p-xRvNKGepdA0RyTavV40cG87hoiya6Tdbtk7PMPTFagTemdFfH30EOqohOQM4ZB1nc4Guoc4qXNPamvvsieg==	2009-09-20 12:02:52	66.288401960000000	186.111169250000000
gAAAAABnljpE_p-xRvNKGepdA0RyTavV40cG87hoiya6Tdbtk7PMPTFagTemdFfH30EOqohOQM4ZB1nc4Guoc4qXNPamvvsieg==	2009-09-20 11:02:54	58.188019880000000	149.840402740000000
gAAAAABnljpE_p-xRvNKGepdA0RyTavV40cG87hoiya6Tdbtk7PMPTFagTemdFfH30EOqohOQM4ZB1nc4Guoc4qXNPamvvsieg==	2009-09-20 13:02:56	56.316565330000000	158.022759510000000
gAAAAABnljpE_p-xRvNKGepdA0RyTavV40cG87hoiya6Tdbtk7PMPTFagTemdFfH30EOqohOQM4ZB1nc4Guoc4qXNPamvvsieg==	2009-09-20 14:02:58	139.006109070000000	199.217125790000000
gAAAAABnljpE_p-xRvNKGepdA0RyTavV40cG87hoiya6Tdbtk7PMPTFagTemdFfH30EOqohOQM4ZB1nc4Guoc4qXNPamvvsieg==	2009-09-20 14:03:00	78.265532790000000	215.995630000000000
gAAAAABnljpE_p-xRvNKGepdA0RyTavV40cG87hoiya6Tdbtk7PMPTFagTemdFfH30EOqohOQM4ZB1nc4Guoc4qXNPamvvsieg==	2009-09-20 14:03:02	137.083931270000000	140.161461750000000
gAAAAABnljpE_p-xRvNKGepdA0RyTavV40cG87hoiya6Tdbtk7PMPTFagTemdFfH30EOqohOQM4ZB1nc4Guoc4qXNPamvvsieg==	2009-09-20 10:03:04	95.291400420000000	207.863832980000000
gAAAAABnljpE_p-xRvNKGepdA0RyTavV40cG87hoiya6Tdbtk7PMPTFagTemdFfH30EOqohOQM4ZB1nc4Guoc4qXNPamvvsieg==	2009-09-20 12:03:06	132.943230390000000	178.871445350000000
gAAAAABnljpE_p-xRvNKGepdA0RyTavV40cG87hoiya6Tdbtk7PMPTFagTemdFfH30EOqohOQM4ZB1nc4Guoc4qXNPamvvsieg==	2009-09-20 10:03:08	81.220904140000000	195.087808330000000
gAAAAABnljpE_p-xRvNKGepdA0RyTavV40cG87hoiya6Tdbtk7PMPTFagTemdFfH30EOqohOQM4ZB1nc4Guoc4qXNPamvvsieg==	2009-09-20 10:03:10	121.255339350000000	203.210683880000000
gAAAAABnljpE_p-xRvNKGepdA0RyTavV40cG87hoiya6Tdbtk7PMPTFagTemdFfH30EOqohOQM4ZB1nc4Guoc4qXNPamvvsieg==	2009-09-20 12:03:12	112.985470590000000	152.920462890000000
gAAAAABnljpE_p-xRvNKGepdA0RyTavV40cG87hoiya6Tdbtk7PMPTFagTemdFfH30EOqohOQM4ZB1nc4Guoc4qXNPamvvsieg==	2009-09-20 12:03:14	76.101506220000000	217.821582900000000
gAAAAABnljpE_p-xRvNKGepdA0RyTavV40cG87hoiya6Tdbtk7PMPTFagTemdFfH30EOqohOQM4ZB1nc4Guoc4qXNPamvvsieg==	2009-09-20 13:03:16	98.165742320000000	194.141344420000000
gAAAAABnljpE_p-xRvNKGepdA0RyTavV40cG87hoiya6Tdbtk7PMPTFagTemdFfH30EOqohOQM4ZB1nc4Guoc4qXNPamvvsieg==	2009-09-20 12:03:18	131.360351790000000	172.227282130000000
gAAAAABnljpE28UcWes5aFPv9KyVesYJ_dCa9waOWEIuWnDrlkAxlRy4mFJVka-WzI428e-gHLpgngT5ZNt3x1yTmio1zQ7yWw==	2007-12-11 11:16:37	114.630117550000000	191.100233340000000
gAAAAABnljpE28UcWes5aFPv9KyVesYJ_dCa9waOWEIuWnDrlkAxlRy4mFJVka-WzI428e-gHLpgngT5ZNt3x1yTmio1zQ7yWw==	2007-12-11 08:18:07	84.937524670000000	194.284020870000000
gAAAAABnljpE28UcWes5aFPv9KyVesYJ_dCa9waOWEIuWnDrlkAxlRy4mFJVka-WzI428e-gHLpgngT5ZNt3x1yTmio1zQ7yWw==	2007-12-11 07:18:40	139.937135920000000	201.960431370000000
gAAAAABnljpE28UcWes5aFPv9KyVesYJ_dCa9waOWEIuWnDrlkAxlRy4mFJVka-WzI428e-gHLpgngT5ZNt3x1yTmio1zQ7yWw==	2007-12-11 09:19:06	111.812699130000000	194.102793280000000
gAAAAABnljpE28UcWes5aFPv9KyVesYJ_dCa9waOWEIuWnDrlkAxlRy4mFJVka-WzI428e-gHLpgngT5ZNt3x1yTmio1zQ7yWw==	2007-12-11 07:19:55	80.757155480000000	156.913589530000000
gAAAAABnljpE28UcWes5aFPv9KyVesYJ_dCa9waOWEIuWnDrlkAxlRy4mFJVka-WzI428e-gHLpgngT5ZNt3x1yTmio1zQ7yWw==	2007-12-11 08:21:04	139.488782390000000	188.822855220000000
gAAAAABnljpE28UcWes5aFPv9KyVesYJ_dCa9waOWEIuWnDrlkAxlRy4mFJVka-WzI428e-gHLpgngT5ZNt3x1yTmio1zQ7yWw==	2007-12-11 07:22:52	123.899771950000000	152.823809070000000
gAAAAABnljpE28UcWes5aFPv9KyVesYJ_dCa9waOWEIuWnDrlkAxlRy4mFJVka-WzI428e-gHLpgngT5ZNt3x1yTmio1zQ7yWw==	2007-12-11 09:23:43	126.911571720000000	214.857379230000000
gAAAAABnljpE28UcWes5aFPv9KyVesYJ_dCa9waOWEIuWnDrlkAxlRy4mFJVka-WzI428e-gHLpgngT5ZNt3x1yTmio1zQ7yWw==	2007-12-11 08:24:39	122.974344730000000	134.222442160000000
gAAAAABnljpE28UcWes5aFPv9KyVesYJ_dCa9waOWEIuWnDrlkAxlRy4mFJVka-WzI428e-gHLpgngT5ZNt3x1yTmio1zQ7yWw==	2007-12-11 09:26:08	103.855395650000000	198.002477400000000
gAAAAABnljpE28UcWes5aFPv9KyVesYJ_dCa9waOWEIuWnDrlkAxlRy4mFJVka-WzI428e-gHLpgngT5ZNt3x1yTmio1zQ7yWw==	2007-12-11 11:47:55	86.566196220000000	163.183030790000000
gAAAAABnljpE28UcWes5aFPv9KyVesYJ_dCa9waOWEIuWnDrlkAxlRy4mFJVka-WzI428e-gHLpgngT5ZNt3x1yTmio1zQ7yWw==	2007-12-11 11:48:15	127.726116550000000	160.855327710000000
gAAAAABnljpE28UcWes5aFPv9KyVesYJ_dCa9waOWEIuWnDrlkAxlRy4mFJVka-WzI428e-gHLpgngT5ZNt3x1yTmio1zQ7yWw==	2007-12-11 08:48:27	99.648587540000000	173.136164150000000
gAAAAABnljpE28UcWes5aFPv9KyVesYJ_dCa9waOWEIuWnDrlkAxlRy4mFJVka-WzI428e-gHLpgngT5ZNt3x1yTmio1zQ7yWw==	2007-12-11 09:49:34	83.830612880000000	164.948692620000000
gAAAAABnljpE28UcWes5aFPv9KyVesYJ_dCa9waOWEIuWnDrlkAxlRy4mFJVka-WzI428e-gHLpgngT5ZNt3x1yTmio1zQ7yWw==	2007-12-11 07:53:23	71.734612710000000	143.932795230000000
gAAAAABnljpE28UcWes5aFPv9KyVesYJ_dCa9waOWEIuWnDrlkAxlRy4mFJVka-WzI428e-gHLpgngT5ZNt3x1yTmio1zQ7yWw==	2007-12-11 11:54:51	126.749862070000000	191.991709790000000
gAAAAABnljpE28UcWes5aFPv9KyVesYJ_dCa9waOWEIuWnDrlkAxlRy4mFJVka-WzI428e-gHLpgngT5ZNt3x1yTmio1zQ7yWw==	2007-12-11 07:56:39	107.620827000000000	152.019071230000000
gAAAAABnljpE28UcWes5aFPv9KyVesYJ_dCa9waOWEIuWnDrlkAxlRy4mFJVka-WzI428e-gHLpgngT5ZNt3x1yTmio1zQ7yWw==	2007-12-11 08:57:56	133.607851720000000	212.874841080000000
gAAAAABnljpE28UcWes5aFPv9KyVesYJ_dCa9waOWEIuWnDrlkAxlRy4mFJVka-WzI428e-gHLpgngT5ZNt3x1yTmio1zQ7yWw==	2007-12-11 10:58:29	74.734220190000000	156.962227690000000
gAAAAABnljpE28UcWes5aFPv9KyVesYJ_dCa9waOWEIuWnDrlkAxlRy4mFJVka-WzI428e-gHLpgngT5ZNt3x1yTmio1zQ7yWw==	2007-12-11 11:59:47	55.582222340000000	172.036088210000000
gAAAAABnljpE28UcWes5aFPv9KyVesYJ_dCa9waOWEIuWnDrlkAxlRy4mFJVka-WzI428e-gHLpgngT5ZNt3x1yTmio1zQ7yWw==	2007-12-11 10:00:50	123.941910990000000	210.205378600000000
gAAAAABnljpE28UcWes5aFPv9KyVesYJ_dCa9waOWEIuWnDrlkAxlRy4mFJVka-WzI428e-gHLpgngT5ZNt3x1yTmio1zQ7yWw==	2007-12-11 09:49:32	65.763999950000000	216.241418960000000
gAAAAABnljpE28UcWes5aFPv9KyVesYJ_dCa9waOWEIuWnDrlkAxlRy4mFJVka-WzI428e-gHLpgngT5ZNt3x1yTmio1zQ7yWw==	2007-12-11 10:51:36	86.484651380000000	190.187268780000000
gAAAAABnljpE28UcWes5aFPv9KyVesYJ_dCa9waOWEIuWnDrlkAxlRy4mFJVka-WzI428e-gHLpgngT5ZNt3x1yTmio1zQ7yWw==	2007-12-11 14:19:34	125.470541180000000	204.925532770000000
gAAAAABnljpE28UcWes5aFPv9KyVesYJ_dCa9waOWEIuWnDrlkAxlRy4mFJVka-WzI428e-gHLpgngT5ZNt3x1yTmio1zQ7yWw==	2007-12-11 14:19:39	75.449975900000000	188.293662200000000
gAAAAABnljpE28UcWes5aFPv9KyVesYJ_dCa9waOWEIuWnDrlkAxlRy4mFJVka-WzI428e-gHLpgngT5ZNt3x1yTmio1zQ7yWw==	2007-12-11 14:20:03	82.913966560000000	132.064449370000000
gAAAAABnljpE28UcWes5aFPv9KyVesYJ_dCa9waOWEIuWnDrlkAxlRy4mFJVka-WzI428e-gHLpgngT5ZNt3x1yTmio1zQ7yWw==	2007-12-11 13:22:31	137.668585480000000	184.998607640000000
gAAAAABnljpE28UcWes5aFPv9KyVesYJ_dCa9waOWEIuWnDrlkAxlRy4mFJVka-WzI428e-gHLpgngT5ZNt3x1yTmio1zQ7yWw==	2007-12-11 15:24:08	125.840512140000000	178.129013270000000
gAAAAABnljpE28UcWes5aFPv9KyVesYJ_dCa9waOWEIuWnDrlkAxlRy4mFJVka-WzI428e-gHLpgngT5ZNt3x1yTmio1zQ7yWw==	2007-12-11 13:25:34	86.452454030000000	152.969926650000000
gAAAAABnljpE28UcWes5aFPv9KyVesYJ_dCa9waOWEIuWnDrlkAxlRy4mFJVka-WzI428e-gHLpgngT5ZNt3x1yTmio1zQ7yWw==	2007-12-11 11:26:07	111.766185180000000	213.237629490000000
gAAAAABnljpE28UcWes5aFPv9KyVesYJ_dCa9waOWEIuWnDrlkAxlRy4mFJVka-WzI428e-gHLpgngT5ZNt3x1yTmio1zQ7yWw==	2007-12-11 15:26:29	108.695808630000000	168.121807990000000
gAAAAABnljpE28UcWes5aFPv9KyVesYJ_dCa9waOWEIuWnDrlkAxlRy4mFJVka-WzI428e-gHLpgngT5ZNt3x1yTmio1zQ7yWw==	2007-12-11 13:44:22	118.927728720000000	165.105181840000000
gAAAAABnljpE28UcWes5aFPv9KyVesYJ_dCa9waOWEIuWnDrlkAxlRy4mFJVka-WzI428e-gHLpgngT5ZNt3x1yTmio1zQ7yWw==	2007-12-11 13:45:23	52.654354140000000	191.090466740000000
gAAAAABnljpE28UcWes5aFPv9KyVesYJ_dCa9waOWEIuWnDrlkAxlRy4mFJVka-WzI428e-gHLpgngT5ZNt3x1yTmio1zQ7yWw==	2007-12-11 12:50:00	94.460308370000000	140.209787530000000
gAAAAABnljpE28UcWes5aFPv9KyVesYJ_dCa9waOWEIuWnDrlkAxlRy4mFJVka-WzI428e-gHLpgngT5ZNt3x1yTmio1zQ7yWw==	2007-12-11 11:51:24	135.827468170000000	161.298192080000000
gAAAAABnljpE28UcWes5aFPv9KyVesYJ_dCa9waOWEIuWnDrlkAxlRy4mFJVka-WzI428e-gHLpgngT5ZNt3x1yTmio1zQ7yWw==	2007-12-11 14:52:15	104.520693580000000	166.846358440000000
gAAAAABnljpE28UcWes5aFPv9KyVesYJ_dCa9waOWEIuWnDrlkAxlRy4mFJVka-WzI428e-gHLpgngT5ZNt3x1yTmio1zQ7yWw==	2007-12-11 11:52:39	84.808216040000000	131.091060980000000
gAAAAABnljpE28UcWes5aFPv9KyVesYJ_dCa9waOWEIuWnDrlkAxlRy4mFJVka-WzI428e-gHLpgngT5ZNt3x1yTmio1zQ7yWw==	2007-12-11 14:55:05	57.550723630000000	144.143224890000000
gAAAAABnljpE28UcWes5aFPv9KyVesYJ_dCa9waOWEIuWnDrlkAxlRy4mFJVka-WzI428e-gHLpgngT5ZNt3x1yTmio1zQ7yWw==	2007-12-11 13:04:49	85.821363600000000	181.221858510000000
gAAAAABnljpE28UcWes5aFPv9KyVesYJ_dCa9waOWEIuWnDrlkAxlRy4mFJVka-WzI428e-gHLpgngT5ZNt3x1yTmio1zQ7yWw==	2007-12-11 16:05:28	73.504654290000000	196.048429480000000
gAAAAABnljpE28UcWes5aFPv9KyVesYJ_dCa9waOWEIuWnDrlkAxlRy4mFJVka-WzI428e-gHLpgngT5ZNt3x1yTmio1zQ7yWw==	2007-12-11 14:05:46	96.685845530000000	153.234376200000000
gAAAAABnljpE28UcWes5aFPv9KyVesYJ_dCa9waOWEIuWnDrlkAxlRy4mFJVka-WzI428e-gHLpgngT5ZNt3x1yTmio1zQ7yWw==	2007-12-11 14:06:13	80.766185450000000	185.179474990000000
gAAAAABnljpE28UcWes5aFPv9KyVesYJ_dCa9waOWEIuWnDrlkAxlRy4mFJVka-WzI428e-gHLpgngT5ZNt3x1yTmio1zQ7yWw==	2007-12-11 13:07:25	62.917570120000000	198.890631200000000
gAAAAABnljpE28UcWes5aFPv9KyVesYJ_dCa9waOWEIuWnDrlkAxlRy4mFJVka-WzI428e-gHLpgngT5ZNt3x1yTmio1zQ7yWw==	2007-12-11 15:45:19	64.838968470000000	172.280221830000000
gAAAAABnljpE28UcWes5aFPv9KyVesYJ_dCa9waOWEIuWnDrlkAxlRy4mFJVka-WzI428e-gHLpgngT5ZNt3x1yTmio1zQ7yWw==	2007-12-11 13:45:39	89.609892540000000	191.936681830000000
gAAAAABnljpE28UcWes5aFPv9KyVesYJ_dCa9waOWEIuWnDrlkAxlRy4mFJVka-WzI428e-gHLpgngT5ZNt3x1yTmio1zQ7yWw==	2007-12-11 15:46:33	54.588662670000000	146.015099850000000
gAAAAABnljpE28UcWes5aFPv9KyVesYJ_dCa9waOWEIuWnDrlkAxlRy4mFJVka-WzI428e-gHLpgngT5ZNt3x1yTmio1zQ7yWw==	2007-12-11 15:47:11	121.718925030000000	138.039981780000000
gAAAAABnljpE28UcWes5aFPv9KyVesYJ_dCa9waOWEIuWnDrlkAxlRy4mFJVka-WzI428e-gHLpgngT5ZNt3x1yTmio1zQ7yWw==	2007-12-11 12:49:54	122.526052250000000	156.975550020000000
gAAAAABnljpE28UcWes5aFPv9KyVesYJ_dCa9waOWEIuWnDrlkAxlRy4mFJVka-WzI428e-gHLpgngT5ZNt3x1yTmio1zQ7yWw==	2007-12-11 16:51:26	85.698154860000000	176.943944170000000
gAAAAABnljpE28UcWes5aFPv9KyVesYJ_dCa9waOWEIuWnDrlkAxlRy4mFJVka-WzI428e-gHLpgngT5ZNt3x1yTmio1zQ7yWw==	2007-12-11 12:52:26	78.488958430000000	158.116485050000000
gAAAAABnljpE28UcWes5aFPv9KyVesYJ_dCa9waOWEIuWnDrlkAxlRy4mFJVka-WzI428e-gHLpgngT5ZNt3x1yTmio1zQ7yWw==	2007-12-11 14:53:12	108.650601530000000	149.966899540000000
gAAAAABnljpE28UcWes5aFPv9KyVesYJ_dCa9waOWEIuWnDrlkAxlRy4mFJVka-WzI428e-gHLpgngT5ZNt3x1yTmio1zQ7yWw==	2007-12-11 13:54:33	83.778809300000000	151.057614670000000
gAAAAABnljpE28UcWes5aFPv9KyVesYJ_dCa9waOWEIuWnDrlkAxlRy4mFJVka-WzI428e-gHLpgngT5ZNt3x1yTmio1zQ7yWw==	2007-12-11 14:55:42	88.814536260000000	157.829459310000000
gAAAAABnljpE28UcWes5aFPv9KyVesYJ_dCa9waOWEIuWnDrlkAxlRy4mFJVka-WzI428e-gHLpgngT5ZNt3x1yTmio1zQ7yWw==	2007-12-11 15:56:22	77.612000020000000	163.921869950000000
gAAAAABnljpE28UcWes5aFPv9KyVesYJ_dCa9waOWEIuWnDrlkAxlRy4mFJVka-WzI428e-gHLpgngT5ZNt3x1yTmio1zQ7yWw==	2007-12-11 15:57:22	123.665539880000000	169.909932060000000
gAAAAABnljpE28UcWes5aFPv9KyVesYJ_dCa9waOWEIuWnDrlkAxlRy4mFJVka-WzI428e-gHLpgngT5ZNt3x1yTmio1zQ7yWw==	2007-12-11 13:57:59	101.721485440000000	160.927990520000000
gAAAAABnljpE28UcWes5aFPv9KyVesYJ_dCa9waOWEIuWnDrlkAxlRy4mFJVka-WzI428e-gHLpgngT5ZNt3x1yTmio1zQ7yWw==	2007-12-11 13:04:51	91.509608060000000	193.084071530000000
gAAAAABnljpE28UcWes5aFPv9KyVesYJ_dCa9waOWEIuWnDrlkAxlRy4mFJVka-WzI428e-gHLpgngT5ZNt3x1yTmio1zQ7yWw==	2007-12-11 15:07:38	63.576386680000000	186.286851360000000
gAAAAABnljpE28UcWes5aFPv9KyVesYJ_dCa9waOWEIuWnDrlkAxlRy4mFJVka-WzI428e-gHLpgngT5ZNt3x1yTmio1zQ7yWw==	2007-12-11 15:08:14	96.505756720000000	211.937557380000000
gAAAAABnljpE28UcWes5aFPv9KyVesYJ_dCa9waOWEIuWnDrlkAxlRy4mFJVka-WzI428e-gHLpgngT5ZNt3x1yTmio1zQ7yWw==	2007-12-11 16:08:41	85.792325280000000	130.880053000000000
gAAAAABnljpE28UcWes5aFPv9KyVesYJ_dCa9waOWEIuWnDrlkAxlRy4mFJVka-WzI428e-gHLpgngT5ZNt3x1yTmio1zQ7yWw==	2007-12-11 14:09:17	108.911698050000000	184.962484600000000
gAAAAABnljpE28UcWes5aFPv9KyVesYJ_dCa9waOWEIuWnDrlkAxlRy4mFJVka-WzI428e-gHLpgngT5ZNt3x1yTmio1zQ7yWw==	2007-12-11 17:09:56	74.799755360000000	157.192690670000000
gAAAAABnljpE28UcWes5aFPv9KyVesYJ_dCa9waOWEIuWnDrlkAxlRy4mFJVka-WzI428e-gHLpgngT5ZNt3x1yTmio1zQ7yWw==	2007-12-11 15:10:34	81.953738710000000	144.100895720000000
gAAAAABnljpE28UcWes5aFPv9KyVesYJ_dCa9waOWEIuWnDrlkAxlRy4mFJVka-WzI428e-gHLpgngT5ZNt3x1yTmio1zQ7yWw==	2007-12-11 16:11:28	67.794995140000000	135.912296590000000
gAAAAABnljpE28UcWes5aFPv9KyVesYJ_dCa9waOWEIuWnDrlkAxlRy4mFJVka-WzI428e-gHLpgngT5ZNt3x1yTmio1zQ7yWw==	2007-12-11 13:12:12	74.619688440000000	182.944459070000000
gAAAAABnljpE28UcWes5aFPv9KyVesYJ_dCa9waOWEIuWnDrlkAxlRy4mFJVka-WzI428e-gHLpgngT5ZNt3x1yTmio1zQ7yWw==	2007-12-11 17:13:34	98.509489010000000	180.892949940000000
gAAAAABnljpE28UcWes5aFPv9KyVesYJ_dCa9waOWEIuWnDrlkAxlRy4mFJVka-WzI428e-gHLpgngT5ZNt3x1yTmio1zQ7yWw==	2007-12-11 14:14:15	72.748661380000000	174.871033140000000
gAAAAABnljpE28UcWes5aFPv9KyVesYJ_dCa9waOWEIuWnDrlkAxlRy4mFJVka-WzI428e-gHLpgngT5ZNt3x1yTmio1zQ7yWw==	2007-12-11 15:14:36	105.971113470000000	188.963435490000000
gAAAAABnljpE28UcWes5aFPv9KyVesYJ_dCa9waOWEIuWnDrlkAxlRy4mFJVka-WzI428e-gHLpgngT5ZNt3x1yTmio1zQ7yWw==	2007-12-11 13:15:10	133.830211590000000	173.115543270000000
gAAAAABnljpE28UcWes5aFPv9KyVesYJ_dCa9waOWEIuWnDrlkAxlRy4mFJVka-WzI428e-gHLpgngT5ZNt3x1yTmio1zQ7yWw==	2007-12-11 14:15:29	120.666782400000000	209.098229920000000
gAAAAABnljpE28UcWes5aFPv9KyVesYJ_dCa9waOWEIuWnDrlkAxlRy4mFJVka-WzI428e-gHLpgngT5ZNt3x1yTmio1zQ7yWw==	2007-12-11 15:16:00	129.937767560000000	143.904135850000000
gAAAAABnljpE28UcWes5aFPv9KyVesYJ_dCa9waOWEIuWnDrlkAxlRy4mFJVka-WzI428e-gHLpgngT5ZNt3x1yTmio1zQ7yWw==	2007-12-11 16:16:28	134.649587420000000	184.089820270000000
gAAAAABnljpE28UcWes5aFPv9KyVesYJ_dCa9waOWEIuWnDrlkAxlRy4mFJVka-WzI428e-gHLpgngT5ZNt3x1yTmio1zQ7yWw==	2007-12-11 15:16:52	133.905670150000000	196.845383290000000
gAAAAABnljpE28UcWes5aFPv9KyVesYJ_dCa9waOWEIuWnDrlkAxlRy4mFJVka-WzI428e-gHLpgngT5ZNt3x1yTmio1zQ7yWw==	2007-12-11 16:17:28	71.733745070000000	194.056976140000000
gAAAAABnljpE28UcWes5aFPv9KyVesYJ_dCa9waOWEIuWnDrlkAxlRy4mFJVka-WzI428e-gHLpgngT5ZNt3x1yTmio1zQ7yWw==	2007-12-11 16:18:32	78.569489870000000	139.289029960000000
gAAAAABnljpE28UcWes5aFPv9KyVesYJ_dCa9waOWEIuWnDrlkAxlRy4mFJVka-WzI428e-gHLpgngT5ZNt3x1yTmio1zQ7yWw==	2007-12-11 16:18:54	67.581247170000000	177.898838510000000
gAAAAABnljpE28UcWes5aFPv9KyVesYJ_dCa9waOWEIuWnDrlkAxlRy4mFJVka-WzI428e-gHLpgngT5ZNt3x1yTmio1zQ7yWw==	2007-12-11 15:19:35	77.523444250000000	183.818535490000000
gAAAAABnljpE28UcWes5aFPv9KyVesYJ_dCa9waOWEIuWnDrlkAxlRy4mFJVka-WzI428e-gHLpgngT5ZNt3x1yTmio1zQ7yWw==	2007-12-11 14:21:35	88.795956610000000	182.094822570000000
gAAAAABnljpE28UcWes5aFPv9KyVesYJ_dCa9waOWEIuWnDrlkAxlRy4mFJVka-WzI428e-gHLpgngT5ZNt3x1yTmio1zQ7yWw==	2007-12-11 14:22:12	135.674286190000000	198.901460260000000
gAAAAABnljpE28UcWes5aFPv9KyVesYJ_dCa9waOWEIuWnDrlkAxlRy4mFJVka-WzI428e-gHLpgngT5ZNt3x1yTmio1zQ7yWw==	2007-12-11 14:23:35	74.732354520000000	179.882386840000000
gAAAAABnljpE28UcWes5aFPv9KyVesYJ_dCa9waOWEIuWnDrlkAxlRy4mFJVka-WzI428e-gHLpgngT5ZNt3x1yTmio1zQ7yWw==	2007-12-11 15:23:58	126.802129110000000	130.249907010000000
gAAAAABnljpE28UcWes5aFPv9KyVesYJ_dCa9waOWEIuWnDrlkAxlRy4mFJVka-WzI428e-gHLpgngT5ZNt3x1yTmio1zQ7yWw==	2007-12-11 14:24:35	113.663938220000000	201.165658130000000
gAAAAABnljpE28UcWes5aFPv9KyVesYJ_dCa9waOWEIuWnDrlkAxlRy4mFJVka-WzI428e-gHLpgngT5ZNt3x1yTmio1zQ7yWw==	2007-12-11 14:25:00	126.650940150000000	190.290591430000000
gAAAAABnljpE28UcWes5aFPv9KyVesYJ_dCa9waOWEIuWnDrlkAxlRy4mFJVka-WzI428e-gHLpgngT5ZNt3x1yTmio1zQ7yWw==	2007-12-11 14:25:38	71.620482890000000	140.014405550000000
gAAAAABnljpE28UcWes5aFPv9KyVesYJ_dCa9waOWEIuWnDrlkAxlRy4mFJVka-WzI428e-gHLpgngT5ZNt3x1yTmio1zQ7yWw==	2007-12-11 17:28:18	100.633872980000000	212.097297740000000
gAAAAABnljpE28UcWes5aFPv9KyVesYJ_dCa9waOWEIuWnDrlkAxlRy4mFJVka-WzI428e-gHLpgngT5ZNt3x1yTmio1zQ7yWw==	2007-12-11 17:51:20	103.894906280000000	132.068723960000000
gAAAAABnljpE28UcWes5aFPv9KyVesYJ_dCa9waOWEIuWnDrlkAxlRy4mFJVka-WzI428e-gHLpgngT5ZNt3x1yTmio1zQ7yWw==	2007-12-11 17:32:28	139.850452400000000	151.855954480000000
gAAAAABnljpE28UcWes5aFPv9KyVesYJ_dCa9waOWEIuWnDrlkAxlRy4mFJVka-WzI428e-gHLpgngT5ZNt3x1yTmio1zQ7yWw==	2007-12-11 16:01:39	103.829562770000000	180.054167300000000
gAAAAABnljpE28UcWes5aFPv9KyVesYJ_dCa9waOWEIuWnDrlkAxlRy4mFJVka-WzI428e-gHLpgngT5ZNt3x1yTmio1zQ7yWw==	2007-12-11 19:47:12	132.888726620000000	162.963535020000000
gAAAAABnljpE28UcWes5aFPv9KyVesYJ_dCa9waOWEIuWnDrlkAxlRy4mFJVka-WzI428e-gHLpgngT5ZNt3x1yTmio1zQ7yWw==	2007-12-11 17:47:54	116.744403860000000	133.094799250000000
gAAAAABnljpE28UcWes5aFPv9KyVesYJ_dCa9waOWEIuWnDrlkAxlRy4mFJVka-WzI428e-gHLpgngT5ZNt3x1yTmio1zQ7yWw==	2007-12-11 20:48:32	121.827632370000000	207.941445540000000
gAAAAABnljpE28UcWes5aFPv9KyVesYJ_dCa9waOWEIuWnDrlkAxlRy4mFJVka-WzI428e-gHLpgngT5ZNt3x1yTmio1zQ7yWw==	2007-12-11 18:48:57	108.907026940000000	149.015349910000000
gAAAAABnljpE28UcWes5aFPv9KyVesYJ_dCa9waOWEIuWnDrlkAxlRy4mFJVka-WzI428e-gHLpgngT5ZNt3x1yTmio1zQ7yWw==	2007-12-11 20:49:31	121.493298820000000	151.045546850000000
gAAAAABnljpE28UcWes5aFPv9KyVesYJ_dCa9waOWEIuWnDrlkAxlRy4mFJVka-WzI428e-gHLpgngT5ZNt3x1yTmio1zQ7yWw==	2007-12-11 17:50:12	90.583646390000000	183.156053010000000
gAAAAABnljpE28UcWes5aFPv9KyVesYJ_dCa9waOWEIuWnDrlkAxlRy4mFJVka-WzI428e-gHLpgngT5ZNt3x1yTmio1zQ7yWw==	2007-12-11 19:50:39	96.575870090000000	136.109460160000000
gAAAAABnljpE28UcWes5aFPv9KyVesYJ_dCa9waOWEIuWnDrlkAxlRy4mFJVka-WzI428e-gHLpgngT5ZNt3x1yTmio1zQ7yWw==	2007-12-11 18:51:43	120.849407810000000	146.302686900000000
gAAAAABnljpE28UcWes5aFPv9KyVesYJ_dCa9waOWEIuWnDrlkAxlRy4mFJVka-WzI428e-gHLpgngT5ZNt3x1yTmio1zQ7yWw==	2007-12-11 18:52:16	114.846373080000000	130.096181120000000
gAAAAABnljpE28UcWes5aFPv9KyVesYJ_dCa9waOWEIuWnDrlkAxlRy4mFJVka-WzI428e-gHLpgngT5ZNt3x1yTmio1zQ7yWw==	2007-12-11 16:52:51	103.818135360000000	212.936359200000000
gAAAAABnljpE28UcWes5aFPv9KyVesYJ_dCa9waOWEIuWnDrlkAxlRy4mFJVka-WzI428e-gHLpgngT5ZNt3x1yTmio1zQ7yWw==	2007-12-11 16:53:26	112.675831560000000	216.159278180000000
gAAAAABnljpE28UcWes5aFPv9KyVesYJ_dCa9waOWEIuWnDrlkAxlRy4mFJVka-WzI428e-gHLpgngT5ZNt3x1yTmio1zQ7yWw==	2007-12-11 20:54:17	71.904189680000000	178.865808630000000
gAAAAABnljpEAVTz-fXWUvd0RnTDkbuD7Q4l2ZseF8vmUAhts3zsImMiUi6OiIoUyF6LKkoNQ0wDCCb31OafVVz-iV56Gkvtyg==	2023-12-11 08:16:37	87.715163010000000	77.864856650000000
gAAAAABnljpEAVTz-fXWUvd0RnTDkbuD7Q4l2ZseF8vmUAhts3zsImMiUi6OiIoUyF6LKkoNQ0wDCCb31OafVVz-iV56Gkvtyg==	2023-12-11 10:18:07	131.578969130000000	69.113208400000000
gAAAAABnljpEAVTz-fXWUvd0RnTDkbuD7Q4l2ZseF8vmUAhts3zsImMiUi6OiIoUyF6LKkoNQ0wDCCb31OafVVz-iV56Gkvtyg==	2023-12-11 11:19:37	124.843871320000000	66.011532730000000
gAAAAABnljpEAVTz-fXWUvd0RnTDkbuD7Q4l2ZseF8vmUAhts3zsImMiUi6OiIoUyF6LKkoNQ0wDCCb31OafVVz-iV56Gkvtyg==	2023-12-11 07:21:07	85.564946610000000	56.185891010000000
gAAAAABnljpEAVTz-fXWUvd0RnTDkbuD7Q4l2ZseF8vmUAhts3zsImMiUi6OiIoUyF6LKkoNQ0wDCCb31OafVVz-iV56Gkvtyg==	2023-12-11 08:22:37	102.379494250000000	41.135590830000000
gAAAAABnljpEAVTz-fXWUvd0RnTDkbuD7Q4l2ZseF8vmUAhts3zsImMiUi6OiIoUyF6LKkoNQ0wDCCb31OafVVz-iV56Gkvtyg==	2023-12-11 08:24:07	82.828878360000000	98.284822450000000
gAAAAABnljpEAVTz-fXWUvd0RnTDkbuD7Q4l2ZseF8vmUAhts3zsImMiUi6OiIoUyF6LKkoNQ0wDCCb31OafVVz-iV56Gkvtyg==	2023-12-11 07:25:37	135.577015330000000	91.030355380000000
gAAAAABnljpEAVTz-fXWUvd0RnTDkbuD7Q4l2ZseF8vmUAhts3zsImMiUi6OiIoUyF6LKkoNQ0wDCCb31OafVVz-iV56Gkvtyg==	2023-12-11 11:27:07	103.708703040000000	75.239895620000000
gAAAAABnljpEAVTz-fXWUvd0RnTDkbuD7Q4l2ZseF8vmUAhts3zsImMiUi6OiIoUyF6LKkoNQ0wDCCb31OafVVz-iV56Gkvtyg==	2023-12-11 11:28:37	85.653637050000000	41.228690080000000
gAAAAABnljpEAVTz-fXWUvd0RnTDkbuD7Q4l2ZseF8vmUAhts3zsImMiUi6OiIoUyF6LKkoNQ0wDCCb31OafVVz-iV56Gkvtyg==	2023-12-11 10:30:07	121.672981970000000	97.285917550000000
gAAAAABnljpEAVTz-fXWUvd0RnTDkbuD7Q4l2ZseF8vmUAhts3zsImMiUi6OiIoUyF6LKkoNQ0wDCCb31OafVVz-iV56Gkvtyg==	2023-12-11 11:31:37	124.412524820000000	45.094561550000000
gAAAAABnljpEAVTz-fXWUvd0RnTDkbuD7Q4l2ZseF8vmUAhts3zsImMiUi6OiIoUyF6LKkoNQ0wDCCb31OafVVz-iV56Gkvtyg==	2023-12-11 08:33:07	137.719835420000000	33.836495080000000
gAAAAABnljpEAVTz-fXWUvd0RnTDkbuD7Q4l2ZseF8vmUAhts3zsImMiUi6OiIoUyF6LKkoNQ0wDCCb31OafVVz-iV56Gkvtyg==	2023-12-11 07:34:37	79.622823100000000	89.098925240000000
gAAAAABnljpEAVTz-fXWUvd0RnTDkbuD7Q4l2ZseF8vmUAhts3zsImMiUi6OiIoUyF6LKkoNQ0wDCCb31OafVVz-iV56Gkvtyg==	2023-12-11 10:36:07	73.837485090000000	48.011584450000000
gAAAAABnljpEAVTz-fXWUvd0RnTDkbuD7Q4l2ZseF8vmUAhts3zsImMiUi6OiIoUyF6LKkoNQ0wDCCb31OafVVz-iV56Gkvtyg==	2023-12-11 11:37:37	69.430292570000000	43.088208650000000
gAAAAABnljpEAVTz-fXWUvd0RnTDkbuD7Q4l2ZseF8vmUAhts3zsImMiUi6OiIoUyF6LKkoNQ0wDCCb31OafVVz-iV56Gkvtyg==	2023-12-11 08:39:07	68.653849920000000	38.313201990000000
gAAAAABnljpEAVTz-fXWUvd0RnTDkbuD7Q4l2ZseF8vmUAhts3zsImMiUi6OiIoUyF6LKkoNQ0wDCCb31OafVVz-iV56Gkvtyg==	2023-12-11 08:40:37	141.767536830000000	51.974541620000000
gAAAAABnljpEAVTz-fXWUvd0RnTDkbuD7Q4l2ZseF8vmUAhts3zsImMiUi6OiIoUyF6LKkoNQ0wDCCb31OafVVz-iV56Gkvtyg==	2023-12-11 08:42:07	107.814372380000000	65.175475160000000
gAAAAABnljpEAVTz-fXWUvd0RnTDkbuD7Q4l2ZseF8vmUAhts3zsImMiUi6OiIoUyF6LKkoNQ0wDCCb31OafVVz-iV56Gkvtyg==	2023-12-11 10:43:37	129.399858250000000	99.945100460000000
gAAAAABnljpEAVTz-fXWUvd0RnTDkbuD7Q4l2ZseF8vmUAhts3zsImMiUi6OiIoUyF6LKkoNQ0wDCCb31OafVVz-iV56Gkvtyg==	2023-12-11 10:45:07	63.713198800000000	18.216229650000000
gAAAAABnljpEAVTz-fXWUvd0RnTDkbuD7Q4l2ZseF8vmUAhts3zsImMiUi6OiIoUyF6LKkoNQ0wDCCb31OafVVz-iV56Gkvtyg==	2023-12-11 09:46:37	99.846551290000000	51.086031950000000
gAAAAABnljpEAVTz-fXWUvd0RnTDkbuD7Q4l2ZseF8vmUAhts3zsImMiUi6OiIoUyF6LKkoNQ0wDCCb31OafVVz-iV56Gkvtyg==	2023-12-11 07:48:07	103.403130500000000	93.272519290000000
gAAAAABnljpEAVTz-fXWUvd0RnTDkbuD7Q4l2ZseF8vmUAhts3zsImMiUi6OiIoUyF6LKkoNQ0wDCCb31OafVVz-iV56Gkvtyg==	2023-12-11 07:49:37	80.602379850000000	19.088290960000000
gAAAAABnljpEAVTz-fXWUvd0RnTDkbuD7Q4l2ZseF8vmUAhts3zsImMiUi6OiIoUyF6LKkoNQ0wDCCb31OafVVz-iV56Gkvtyg==	2023-12-11 07:51:07	102.519949670000000	99.928595140000000
gAAAAABnljpEAVTz-fXWUvd0RnTDkbuD7Q4l2ZseF8vmUAhts3zsImMiUi6OiIoUyF6LKkoNQ0wDCCb31OafVVz-iV56Gkvtyg==	2023-12-11 10:52:37	91.512690910000000	55.069544240000000
gAAAAABnljpEAVTz-fXWUvd0RnTDkbuD7Q4l2ZseF8vmUAhts3zsImMiUi6OiIoUyF6LKkoNQ0wDCCb31OafVVz-iV56Gkvtyg==	2023-12-11 08:54:07	107.771696300000000	54.084401950000000
gAAAAABnljpEAVTz-fXWUvd0RnTDkbuD7Q4l2ZseF8vmUAhts3zsImMiUi6OiIoUyF6LKkoNQ0wDCCb31OafVVz-iV56Gkvtyg==	2023-12-11 09:55:37	104.498108690000000	39.978451740000000
gAAAAABnljpEAVTz-fXWUvd0RnTDkbuD7Q4l2ZseF8vmUAhts3zsImMiUi6OiIoUyF6LKkoNQ0wDCCb31OafVVz-iV56Gkvtyg==	2023-12-11 11:57:07	131.513153060000000	92.062755000000000
gAAAAABnljpEAVTz-fXWUvd0RnTDkbuD7Q4l2ZseF8vmUAhts3zsImMiUi6OiIoUyF6LKkoNQ0wDCCb31OafVVz-iV56Gkvtyg==	2023-12-11 10:58:37	91.856303670000000	99.864172970000000
gAAAAABnljpEAVTz-fXWUvd0RnTDkbuD7Q4l2ZseF8vmUAhts3zsImMiUi6OiIoUyF6LKkoNQ0wDCCb31OafVVz-iV56Gkvtyg==	2023-12-11 11:00:07	77.469444890000000	37.154247660000000
gAAAAABnljpEAVTz-fXWUvd0RnTDkbuD7Q4l2ZseF8vmUAhts3zsImMiUi6OiIoUyF6LKkoNQ0wDCCb31OafVVz-iV56Gkvtyg==	2023-12-11 08:01:37	141.638703940000000	46.334618240000000
gAAAAABnljpEAVTz-fXWUvd0RnTDkbuD7Q4l2ZseF8vmUAhts3zsImMiUi6OiIoUyF6LKkoNQ0wDCCb31OafVVz-iV56Gkvtyg==	2023-12-11 08:03:07	93.551317040000000	67.188608360000000
gAAAAABnljpEAVTz-fXWUvd0RnTDkbuD7Q4l2ZseF8vmUAhts3zsImMiUi6OiIoUyF6LKkoNQ0wDCCb31OafVVz-iV56Gkvtyg==	2023-12-11 09:04:37	142.808763610000000	102.943993760000000
gAAAAABnljpEAVTz-fXWUvd0RnTDkbuD7Q4l2ZseF8vmUAhts3zsImMiUi6OiIoUyF6LKkoNQ0wDCCb31OafVVz-iV56Gkvtyg==	2023-12-11 08:06:07	110.865458080000000	86.257919710000000
gAAAAABnljpEAVTz-fXWUvd0RnTDkbuD7Q4l2ZseF8vmUAhts3zsImMiUi6OiIoUyF6LKkoNQ0wDCCb31OafVVz-iV56Gkvtyg==	2023-12-11 11:07:37	67.570704300000000	72.934751650000000
gAAAAABnljpEAVTz-fXWUvd0RnTDkbuD7Q4l2ZseF8vmUAhts3zsImMiUi6OiIoUyF6LKkoNQ0wDCCb31OafVVz-iV56Gkvtyg==	2023-12-11 09:09:07	133.704474420000000	74.261781070000000
gAAAAABnljpEAVTz-fXWUvd0RnTDkbuD7Q4l2ZseF8vmUAhts3zsImMiUi6OiIoUyF6LKkoNQ0wDCCb31OafVVz-iV56Gkvtyg==	2023-12-11 10:10:37	64.446139640000000	94.855384720000000
gAAAAABnljpEAVTz-fXWUvd0RnTDkbuD7Q4l2ZseF8vmUAhts3zsImMiUi6OiIoUyF6LKkoNQ0wDCCb31OafVVz-iV56Gkvtyg==	2023-12-11 09:12:07	132.359262490000000	94.913533220000000
gAAAAABnljpEAVTz-fXWUvd0RnTDkbuD7Q4l2ZseF8vmUAhts3zsImMiUi6OiIoUyF6LKkoNQ0wDCCb31OafVVz-iV56Gkvtyg==	2023-12-11 08:13:37	123.749947770000000	23.924872060000000
gAAAAABnljpEAVTz-fXWUvd0RnTDkbuD7Q4l2ZseF8vmUAhts3zsImMiUi6OiIoUyF6LKkoNQ0wDCCb31OafVVz-iV56Gkvtyg==	2023-12-11 09:15:07	143.493485860000000	63.237530230000000
gAAAAABnljpEAVTz-fXWUvd0RnTDkbuD7Q4l2ZseF8vmUAhts3zsImMiUi6OiIoUyF6LKkoNQ0wDCCb31OafVVz-iV56Gkvtyg==	2023-12-11 09:16:37	144.699372310000000	37.277696950000000
gAAAAABnljpEAVTz-fXWUvd0RnTDkbuD7Q4l2ZseF8vmUAhts3zsImMiUi6OiIoUyF6LKkoNQ0wDCCb31OafVVz-iV56Gkvtyg==	2023-12-11 10:18:07	115.539017490000000	86.090393450000000
gAAAAABnljpEAVTz-fXWUvd0RnTDkbuD7Q4l2ZseF8vmUAhts3zsImMiUi6OiIoUyF6LKkoNQ0wDCCb31OafVVz-iV56Gkvtyg==	2023-12-11 11:19:37	140.495907030000000	72.252328650000000
gAAAAABnljpEAVTz-fXWUvd0RnTDkbuD7Q4l2ZseF8vmUAhts3zsImMiUi6OiIoUyF6LKkoNQ0wDCCb31OafVVz-iV56Gkvtyg==	2023-12-11 09:21:07	89.504814960000000	79.321633920000000
gAAAAABnljpEAVTz-fXWUvd0RnTDkbuD7Q4l2ZseF8vmUAhts3zsImMiUi6OiIoUyF6LKkoNQ0wDCCb31OafVVz-iV56Gkvtyg==	2023-12-11 12:22:37	108.455266260000000	48.290619310000000
gAAAAABnljpEAVTz-fXWUvd0RnTDkbuD7Q4l2ZseF8vmUAhts3zsImMiUi6OiIoUyF6LKkoNQ0wDCCb31OafVVz-iV56Gkvtyg==	2023-12-11 09:24:07	98.473766720000000	15.289984410000000
gAAAAABnljpEAVTz-fXWUvd0RnTDkbuD7Q4l2ZseF8vmUAhts3zsImMiUi6OiIoUyF6LKkoNQ0wDCCb31OafVVz-iV56Gkvtyg==	2023-12-11 09:25:37	121.422608430000000	73.046948670000000
gAAAAABnljpEAVTz-fXWUvd0RnTDkbuD7Q4l2ZseF8vmUAhts3zsImMiUi6OiIoUyF6LKkoNQ0wDCCb31OafVVz-iV56Gkvtyg==	2023-12-11 08:27:07	95.693064820000000	39.164507820000000
gAAAAABnljpEAVTz-fXWUvd0RnTDkbuD7Q4l2ZseF8vmUAhts3zsImMiUi6OiIoUyF6LKkoNQ0wDCCb31OafVVz-iV56Gkvtyg==	2023-12-11 08:28:37	116.423784200000000	35.264608770000000
gAAAAABnljpEAVTz-fXWUvd0RnTDkbuD7Q4l2ZseF8vmUAhts3zsImMiUi6OiIoUyF6LKkoNQ0wDCCb31OafVVz-iV56Gkvtyg==	2023-12-11 11:30:07	135.474267720000000	90.107278510000000
gAAAAABnljpEAVTz-fXWUvd0RnTDkbuD7Q4l2ZseF8vmUAhts3zsImMiUi6OiIoUyF6LKkoNQ0wDCCb31OafVVz-iV56Gkvtyg==	2023-12-11 12:31:37	60.382293500000000	102.317119860000000
gAAAAABnljpEAVTz-fXWUvd0RnTDkbuD7Q4l2ZseF8vmUAhts3zsImMiUi6OiIoUyF6LKkoNQ0wDCCb31OafVVz-iV56Gkvtyg==	2023-12-11 09:33:07	99.645166380000000	58.097604590000000
gAAAAABnljpEAVTz-fXWUvd0RnTDkbuD7Q4l2ZseF8vmUAhts3zsImMiUi6OiIoUyF6LKkoNQ0wDCCb31OafVVz-iV56Gkvtyg==	2023-12-11 11:34:37	73.675525490000000	29.851070520000000
gAAAAABnljpEAVTz-fXWUvd0RnTDkbuD7Q4l2ZseF8vmUAhts3zsImMiUi6OiIoUyF6LKkoNQ0wDCCb31OafVVz-iV56Gkvtyg==	2023-12-11 10:36:07	83.566720230000000	81.932651400000000
gAAAAABnljpEAVTz-fXWUvd0RnTDkbuD7Q4l2ZseF8vmUAhts3zsImMiUi6OiIoUyF6LKkoNQ0wDCCb31OafVVz-iV56Gkvtyg==	2023-12-11 10:37:37	81.578312900000000	29.979877290000000
gAAAAABnljpEAVTz-fXWUvd0RnTDkbuD7Q4l2ZseF8vmUAhts3zsImMiUi6OiIoUyF6LKkoNQ0wDCCb31OafVVz-iV56Gkvtyg==	2023-12-11 12:39:07	129.629503950000000	69.268150960000000
gAAAAABnljpEAVTz-fXWUvd0RnTDkbuD7Q4l2ZseF8vmUAhts3zsImMiUi6OiIoUyF6LKkoNQ0wDCCb31OafVVz-iV56Gkvtyg==	2023-12-11 11:40:37	69.454724780000000	24.935081410000000
gAAAAABnljpEAVTz-fXWUvd0RnTDkbuD7Q4l2ZseF8vmUAhts3zsImMiUi6OiIoUyF6LKkoNQ0wDCCb31OafVVz-iV56Gkvtyg==	2023-12-11 09:42:07	132.412766810000000	96.250730160000000
gAAAAABnljpEAVTz-fXWUvd0RnTDkbuD7Q4l2ZseF8vmUAhts3zsImMiUi6OiIoUyF6LKkoNQ0wDCCb31OafVVz-iV56Gkvtyg==	2023-12-11 08:43:37	99.780636130000000	54.845047320000000
gAAAAABnljpEAVTz-fXWUvd0RnTDkbuD7Q4l2ZseF8vmUAhts3zsImMiUi6OiIoUyF6LKkoNQ0wDCCb31OafVVz-iV56Gkvtyg==	2023-12-11 08:45:07	118.728331900000000	99.244888830000000
gAAAAABnljpEAVTz-fXWUvd0RnTDkbuD7Q4l2ZseF8vmUAhts3zsImMiUi6OiIoUyF6LKkoNQ0wDCCb31OafVVz-iV56Gkvtyg==	2023-12-11 11:46:37	111.832848850000000	51.083889400000000
gAAAAABnljpEAVTz-fXWUvd0RnTDkbuD7Q4l2ZseF8vmUAhts3zsImMiUi6OiIoUyF6LKkoNQ0wDCCb31OafVVz-iV56Gkvtyg==	2023-12-11 08:48:07	122.454302620000000	89.028095550000000
gAAAAABnljpEAVTz-fXWUvd0RnTDkbuD7Q4l2ZseF8vmUAhts3zsImMiUi6OiIoUyF6LKkoNQ0wDCCb31OafVVz-iV56Gkvtyg==	2023-12-11 12:49:37	95.786704940000000	66.247576820000000
gAAAAABnljpEAVTz-fXWUvd0RnTDkbuD7Q4l2ZseF8vmUAhts3zsImMiUi6OiIoUyF6LKkoNQ0wDCCb31OafVVz-iV56Gkvtyg==	2023-12-11 10:51:07	123.786451480000000	89.272371740000000
gAAAAABnljpEAVTz-fXWUvd0RnTDkbuD7Q4l2ZseF8vmUAhts3zsImMiUi6OiIoUyF6LKkoNQ0wDCCb31OafVVz-iV56Gkvtyg==	2023-12-11 11:52:37	94.627635630000000	33.139197150000000
gAAAAABnljpEAVTz-fXWUvd0RnTDkbuD7Q4l2ZseF8vmUAhts3zsImMiUi6OiIoUyF6LKkoNQ0wDCCb31OafVVz-iV56Gkvtyg==	2023-12-11 10:54:07	82.827330820000000	99.086243490000000
gAAAAABnljpEAVTz-fXWUvd0RnTDkbuD7Q4l2ZseF8vmUAhts3zsImMiUi6OiIoUyF6LKkoNQ0wDCCb31OafVVz-iV56Gkvtyg==	2023-12-11 10:55:37	146.610529440000000	100.272091270000000
gAAAAABnljpEAVTz-fXWUvd0RnTDkbuD7Q4l2ZseF8vmUAhts3zsImMiUi6OiIoUyF6LKkoNQ0wDCCb31OafVVz-iV56Gkvtyg==	2023-12-11 09:57:07	120.800233980000000	22.081565630000000
gAAAAABnljpEAVTz-fXWUvd0RnTDkbuD7Q4l2ZseF8vmUAhts3zsImMiUi6OiIoUyF6LKkoNQ0wDCCb31OafVVz-iV56Gkvtyg==	2023-12-11 10:58:37	135.369476190000000	50.114661300000000
gAAAAABnljpEAVTz-fXWUvd0RnTDkbuD7Q4l2ZseF8vmUAhts3zsImMiUi6OiIoUyF6LKkoNQ0wDCCb31OafVVz-iV56Gkvtyg==	2023-12-11 09:00:07	120.446583230000000	71.023675340000000
gAAAAABnljpEAVTz-fXWUvd0RnTDkbuD7Q4l2ZseF8vmUAhts3zsImMiUi6OiIoUyF6LKkoNQ0wDCCb31OafVVz-iV56Gkvtyg==	2023-12-11 13:01:37	92.707530530000000	58.284735890000000
gAAAAABnljpEAVTz-fXWUvd0RnTDkbuD7Q4l2ZseF8vmUAhts3zsImMiUi6OiIoUyF6LKkoNQ0wDCCb31OafVVz-iV56Gkvtyg==	2023-12-11 09:03:07	80.669414900000000	67.861797150000000
gAAAAABnljpEAVTz-fXWUvd0RnTDkbuD7Q4l2ZseF8vmUAhts3zsImMiUi6OiIoUyF6LKkoNQ0wDCCb31OafVVz-iV56Gkvtyg==	2023-12-11 09:04:37	92.606895270000000	68.067373550000000
gAAAAABnljpEAVTz-fXWUvd0RnTDkbuD7Q4l2ZseF8vmUAhts3zsImMiUi6OiIoUyF6LKkoNQ0wDCCb31OafVVz-iV56Gkvtyg==	2023-12-11 12:06:07	105.365730870000000	101.979322120000000
gAAAAABnljpEAVTz-fXWUvd0RnTDkbuD7Q4l2ZseF8vmUAhts3zsImMiUi6OiIoUyF6LKkoNQ0wDCCb31OafVVz-iV56Gkvtyg==	2023-12-11 09:07:37	110.530186160000000	16.105985920000000
gAAAAABnljpEAVTz-fXWUvd0RnTDkbuD7Q4l2ZseF8vmUAhts3zsImMiUi6OiIoUyF6LKkoNQ0wDCCb31OafVVz-iV56Gkvtyg==	2023-12-11 12:09:07	84.434107090000000	44.134746390000000
gAAAAABnljpEAVTz-fXWUvd0RnTDkbuD7Q4l2ZseF8vmUAhts3zsImMiUi6OiIoUyF6LKkoNQ0wDCCb31OafVVz-iV56Gkvtyg==	2023-12-11 10:10:37	81.775933430000000	70.851101400000000
gAAAAABnljpEAVTz-fXWUvd0RnTDkbuD7Q4l2ZseF8vmUAhts3zsImMiUi6OiIoUyF6LKkoNQ0wDCCb31OafVVz-iV56Gkvtyg==	2023-12-11 10:12:07	92.389584500000000	85.972549460000000
gAAAAABnljpEAVTz-fXWUvd0RnTDkbuD7Q4l2ZseF8vmUAhts3zsImMiUi6OiIoUyF6LKkoNQ0wDCCb31OafVVz-iV56Gkvtyg==	2023-12-11 12:13:37	99.858318540000000	63.301300260000000
gAAAAABnljpEAVTz-fXWUvd0RnTDkbuD7Q4l2ZseF8vmUAhts3zsImMiUi6OiIoUyF6LKkoNQ0wDCCb31OafVVz-iV56Gkvtyg==	2023-12-11 10:15:07	143.642116950000000	53.917226130000000
gAAAAABnljpEAVTz-fXWUvd0RnTDkbuD7Q4l2ZseF8vmUAhts3zsImMiUi6OiIoUyF6LKkoNQ0wDCCb31OafVVz-iV56Gkvtyg==	2023-12-11 12:16:37	116.718405220000000	17.114645750000000
gAAAAABnljpEAVTz-fXWUvd0RnTDkbuD7Q4l2ZseF8vmUAhts3zsImMiUi6OiIoUyF6LKkoNQ0wDCCb31OafVVz-iV56Gkvtyg==	2023-12-11 13:18:07	124.716912560000000	36.234315390000000
gAAAAABnljpEAVTz-fXWUvd0RnTDkbuD7Q4l2ZseF8vmUAhts3zsImMiUi6OiIoUyF6LKkoNQ0wDCCb31OafVVz-iV56Gkvtyg==	2023-12-11 11:19:37	88.437675870000000	61.091284330000000
gAAAAABnljpEAVTz-fXWUvd0RnTDkbuD7Q4l2ZseF8vmUAhts3zsImMiUi6OiIoUyF6LKkoNQ0wDCCb31OafVVz-iV56Gkvtyg==	2023-12-11 11:21:07	77.689406770000000	79.905282060000000
gAAAAABnljpEAVTz-fXWUvd0RnTDkbuD7Q4l2ZseF8vmUAhts3zsImMiUi6OiIoUyF6LKkoNQ0wDCCb31OafVVz-iV56Gkvtyg==	2023-12-11 10:22:37	130.623073420000000	89.287852800000000
gAAAAABnljpEAVTz-fXWUvd0RnTDkbuD7Q4l2ZseF8vmUAhts3zsImMiUi6OiIoUyF6LKkoNQ0wDCCb31OafVVz-iV56Gkvtyg==	2023-12-11 13:24:07	146.514333580000000	65.128528120000000
gAAAAABnljpEAVTz-fXWUvd0RnTDkbuD7Q4l2ZseF8vmUAhts3zsImMiUi6OiIoUyF6LKkoNQ0wDCCb31OafVVz-iV56Gkvtyg==	2023-12-11 09:25:37	60.717455320000000	64.108570840000000
gAAAAABnljpEAVTz-fXWUvd0RnTDkbuD7Q4l2ZseF8vmUAhts3zsImMiUi6OiIoUyF6LKkoNQ0wDCCb31OafVVz-iV56Gkvtyg==	2023-12-11 12:27:07	67.719889340000000	80.277645850000000
gAAAAABnljpEAVTz-fXWUvd0RnTDkbuD7Q4l2ZseF8vmUAhts3zsImMiUi6OiIoUyF6LKkoNQ0wDCCb31OafVVz-iV56Gkvtyg==	2023-12-11 13:28:37	108.536920230000000	46.286482920000000
gAAAAABnljpEAVTz-fXWUvd0RnTDkbuD7Q4l2ZseF8vmUAhts3zsImMiUi6OiIoUyF6LKkoNQ0wDCCb31OafVVz-iV56Gkvtyg==	2023-12-11 10:30:07	72.747611700000000	14.045392010000000
gAAAAABnljpEAVTz-fXWUvd0RnTDkbuD7Q4l2ZseF8vmUAhts3zsImMiUi6OiIoUyF6LKkoNQ0wDCCb31OafVVz-iV56Gkvtyg==	2023-12-11 13:31:37	137.788368230000000	73.882008160000000
gAAAAABnljpEAVTz-fXWUvd0RnTDkbuD7Q4l2ZseF8vmUAhts3zsImMiUi6OiIoUyF6LKkoNQ0wDCCb31OafVVz-iV56Gkvtyg==	2023-12-11 13:33:07	62.415933430000000	90.966025730000000
gAAAAABnljpEAVTz-fXWUvd0RnTDkbuD7Q4l2ZseF8vmUAhts3zsImMiUi6OiIoUyF6LKkoNQ0wDCCb31OafVVz-iV56Gkvtyg==	2023-12-11 11:34:37	139.819201210000000	90.199396530000000
gAAAAABnljpEAVTz-fXWUvd0RnTDkbuD7Q4l2ZseF8vmUAhts3zsImMiUi6OiIoUyF6LKkoNQ0wDCCb31OafVVz-iV56Gkvtyg==	2023-12-11 10:36:07	114.377431380000000	100.283934910000000
gAAAAABnljpEAVTz-fXWUvd0RnTDkbuD7Q4l2ZseF8vmUAhts3zsImMiUi6OiIoUyF6LKkoNQ0wDCCb31OafVVz-iV56Gkvtyg==	2023-12-11 09:37:37	122.628971970000000	17.063989390000000
gAAAAABnljpEAVTz-fXWUvd0RnTDkbuD7Q4l2ZseF8vmUAhts3zsImMiUi6OiIoUyF6LKkoNQ0wDCCb31OafVVz-iV56Gkvtyg==	2023-12-11 13:39:07	146.612613080000000	36.993074380000000
gAAAAABnljpEAVTz-fXWUvd0RnTDkbuD7Q4l2ZseF8vmUAhts3zsImMiUi6OiIoUyF6LKkoNQ0wDCCb31OafVVz-iV56Gkvtyg==	2023-12-11 13:40:37	74.603905670000000	29.842664120000000
gAAAAABnljpEAVTz-fXWUvd0RnTDkbuD7Q4l2ZseF8vmUAhts3zsImMiUi6OiIoUyF6LKkoNQ0wDCCb31OafVVz-iV56Gkvtyg==	2023-12-11 13:42:07	90.458664650000000	18.999209070000000
gAAAAABnljpEAVTz-fXWUvd0RnTDkbuD7Q4l2ZseF8vmUAhts3zsImMiUi6OiIoUyF6LKkoNQ0wDCCb31OafVVz-iV56Gkvtyg==	2023-12-11 11:43:37	101.791252890000000	26.097376670000000
gAAAAABnljpEAVTz-fXWUvd0RnTDkbuD7Q4l2ZseF8vmUAhts3zsImMiUi6OiIoUyF6LKkoNQ0wDCCb31OafVVz-iV56Gkvtyg==	2023-12-11 10:45:07	131.675425400000000	61.880077430000000
gAAAAABnljpEfv4wmdrQRRBsiKAedoGd6UN12N3eFiGmZ1Q4BQPAKrtEXN7acgD1ruQW4hfqD21JXgcBfNOUIoUMhuSH5sqSDw==	2023-12-11 07:16:37	88.489465580000000	59.338718410000000
gAAAAABnljpEfv4wmdrQRRBsiKAedoGd6UN12N3eFiGmZ1Q4BQPAKrtEXN7acgD1ruQW4hfqD21JXgcBfNOUIoUMhuSH5sqSDw==	2023-12-11 09:18:07	106.049682340000000	28.922032820000000
gAAAAABnljpEfv4wmdrQRRBsiKAedoGd6UN12N3eFiGmZ1Q4BQPAKrtEXN7acgD1ruQW4hfqD21JXgcBfNOUIoUMhuSH5sqSDw==	2023-12-11 10:19:37	135.471739190000000	92.009515830000000
gAAAAABnljpEfv4wmdrQRRBsiKAedoGd6UN12N3eFiGmZ1Q4BQPAKrtEXN7acgD1ruQW4hfqD21JXgcBfNOUIoUMhuSH5sqSDw==	2023-12-11 10:21:07	148.157980310000000	43.950172100000000
gAAAAABnljpEfv4wmdrQRRBsiKAedoGd6UN12N3eFiGmZ1Q4BQPAKrtEXN7acgD1ruQW4hfqD21JXgcBfNOUIoUMhuSH5sqSDw==	2023-12-11 07:22:37	109.098794660000000	50.006205400000000
gAAAAABnljpEfv4wmdrQRRBsiKAedoGd6UN12N3eFiGmZ1Q4BQPAKrtEXN7acgD1ruQW4hfqD21JXgcBfNOUIoUMhuSH5sqSDw==	2023-12-11 11:24:07	90.408589360000000	81.067679910000000
gAAAAABnljpEfv4wmdrQRRBsiKAedoGd6UN12N3eFiGmZ1Q4BQPAKrtEXN7acgD1ruQW4hfqD21JXgcBfNOUIoUMhuSH5sqSDw==	2023-12-11 08:25:37	79.078299540000000	104.167208670000000
gAAAAABnljpEfv4wmdrQRRBsiKAedoGd6UN12N3eFiGmZ1Q4BQPAKrtEXN7acgD1ruQW4hfqD21JXgcBfNOUIoUMhuSH5sqSDw==	2023-12-11 10:27:07	105.458891180000000	100.349326640000000
gAAAAABnljpEfv4wmdrQRRBsiKAedoGd6UN12N3eFiGmZ1Q4BQPAKrtEXN7acgD1ruQW4hfqD21JXgcBfNOUIoUMhuSH5sqSDw==	2023-12-11 10:28:37	147.203698970000000	48.998470310000000
gAAAAABnljpEfv4wmdrQRRBsiKAedoGd6UN12N3eFiGmZ1Q4BQPAKrtEXN7acgD1ruQW4hfqD21JXgcBfNOUIoUMhuSH5sqSDw==	2023-12-11 08:30:07	116.269036690000000	39.129023850000000
gAAAAABnljpEfv4wmdrQRRBsiKAedoGd6UN12N3eFiGmZ1Q4BQPAKrtEXN7acgD1ruQW4hfqD21JXgcBfNOUIoUMhuSH5sqSDw==	2023-12-11 10:31:37	121.033809900000000	70.387215550000000
gAAAAABnljpEfv4wmdrQRRBsiKAedoGd6UN12N3eFiGmZ1Q4BQPAKrtEXN7acgD1ruQW4hfqD21JXgcBfNOUIoUMhuSH5sqSDw==	2023-12-11 09:33:07	101.398493060000000	61.241398920000000
gAAAAABnljpEfv4wmdrQRRBsiKAedoGd6UN12N3eFiGmZ1Q4BQPAKrtEXN7acgD1ruQW4hfqD21JXgcBfNOUIoUMhuSH5sqSDw==	2023-12-11 07:34:37	100.158583820000000	79.103831410000000
gAAAAABnljpEfv4wmdrQRRBsiKAedoGd6UN12N3eFiGmZ1Q4BQPAKrtEXN7acgD1ruQW4hfqD21JXgcBfNOUIoUMhuSH5sqSDw==	2023-12-11 10:36:07	152.104159160000000	53.113181190000000
gAAAAABnljpEfv4wmdrQRRBsiKAedoGd6UN12N3eFiGmZ1Q4BQPAKrtEXN7acgD1ruQW4hfqD21JXgcBfNOUIoUMhuSH5sqSDw==	2023-12-11 11:37:37	89.477552210000000	105.961835150000000
gAAAAABnljpEfv4wmdrQRRBsiKAedoGd6UN12N3eFiGmZ1Q4BQPAKrtEXN7acgD1ruQW4hfqD21JXgcBfNOUIoUMhuSH5sqSDw==	2023-12-11 09:39:07	82.114191030000000	46.884510640000000
gAAAAABnljpEfv4wmdrQRRBsiKAedoGd6UN12N3eFiGmZ1Q4BQPAKrtEXN7acgD1ruQW4hfqD21JXgcBfNOUIoUMhuSH5sqSDw==	2023-12-11 10:40:37	99.273801360000000	99.174989580000000
gAAAAABnljpEfv4wmdrQRRBsiKAedoGd6UN12N3eFiGmZ1Q4BQPAKrtEXN7acgD1ruQW4hfqD21JXgcBfNOUIoUMhuSH5sqSDw==	2023-12-11 09:42:07	152.086835010000000	96.973382120000000
gAAAAABnljpEfv4wmdrQRRBsiKAedoGd6UN12N3eFiGmZ1Q4BQPAKrtEXN7acgD1ruQW4hfqD21JXgcBfNOUIoUMhuSH5sqSDw==	2023-12-11 10:43:37	71.130037040000000	53.059111100000000
gAAAAABnljpEfv4wmdrQRRBsiKAedoGd6UN12N3eFiGmZ1Q4BQPAKrtEXN7acgD1ruQW4hfqD21JXgcBfNOUIoUMhuSH5sqSDw==	2023-12-11 08:45:07	126.106830490000000	81.950947190000000
gAAAAABnljpEfv4wmdrQRRBsiKAedoGd6UN12N3eFiGmZ1Q4BQPAKrtEXN7acgD1ruQW4hfqD21JXgcBfNOUIoUMhuSH5sqSDw==	2023-12-11 11:46:37	64.380084200000000	61.026097900000000
gAAAAABnljpEfv4wmdrQRRBsiKAedoGd6UN12N3eFiGmZ1Q4BQPAKrtEXN7acgD1ruQW4hfqD21JXgcBfNOUIoUMhuSH5sqSDw==	2023-12-11 08:48:07	118.447193170000000	89.333715700000000
gAAAAABnljpEfv4wmdrQRRBsiKAedoGd6UN12N3eFiGmZ1Q4BQPAKrtEXN7acgD1ruQW4hfqD21JXgcBfNOUIoUMhuSH5sqSDw==	2023-12-11 10:49:37	105.068553270000000	77.235978310000000
gAAAAABnljpEfv4wmdrQRRBsiKAedoGd6UN12N3eFiGmZ1Q4BQPAKrtEXN7acgD1ruQW4hfqD21JXgcBfNOUIoUMhuSH5sqSDw==	2023-12-11 09:51:07	85.253847380000000	83.341389630000000
gAAAAABnljpEfv4wmdrQRRBsiKAedoGd6UN12N3eFiGmZ1Q4BQPAKrtEXN7acgD1ruQW4hfqD21JXgcBfNOUIoUMhuSH5sqSDw==	2023-12-11 11:52:37	100.104067260000000	62.190420510000000
gAAAAABnljpEfv4wmdrQRRBsiKAedoGd6UN12N3eFiGmZ1Q4BQPAKrtEXN7acgD1ruQW4hfqD21JXgcBfNOUIoUMhuSH5sqSDw==	2023-12-11 08:54:07	115.252612490000000	48.191761770000000
gAAAAABnljpEfv4wmdrQRRBsiKAedoGd6UN12N3eFiGmZ1Q4BQPAKrtEXN7acgD1ruQW4hfqD21JXgcBfNOUIoUMhuSH5sqSDw==	2023-12-11 09:55:37	111.301553270000000	107.371657460000000
gAAAAABnljpEfv4wmdrQRRBsiKAedoGd6UN12N3eFiGmZ1Q4BQPAKrtEXN7acgD1ruQW4hfqD21JXgcBfNOUIoUMhuSH5sqSDw==	2023-12-11 10:57:07	127.471911290000000	49.978214200000000
gAAAAABnljpEfv4wmdrQRRBsiKAedoGd6UN12N3eFiGmZ1Q4BQPAKrtEXN7acgD1ruQW4hfqD21JXgcBfNOUIoUMhuSH5sqSDw==	2023-12-11 11:58:37	115.378471890000000	29.314642560000000
gAAAAABnljpEfv4wmdrQRRBsiKAedoGd6UN12N3eFiGmZ1Q4BQPAKrtEXN7acgD1ruQW4hfqD21JXgcBfNOUIoUMhuSH5sqSDw==	2023-12-11 12:00:07	145.054994920000000	29.141176420000000
gAAAAABnljpEfv4wmdrQRRBsiKAedoGd6UN12N3eFiGmZ1Q4BQPAKrtEXN7acgD1ruQW4hfqD21JXgcBfNOUIoUMhuSH5sqSDw==	2023-12-11 11:01:37	116.439402960000000	39.201067040000000
gAAAAABnljpEfv4wmdrQRRBsiKAedoGd6UN12N3eFiGmZ1Q4BQPAKrtEXN7acgD1ruQW4hfqD21JXgcBfNOUIoUMhuSH5sqSDw==	2023-12-11 10:03:07	90.265804860000000	32.903852050000000
gAAAAABnljpEfv4wmdrQRRBsiKAedoGd6UN12N3eFiGmZ1Q4BQPAKrtEXN7acgD1ruQW4hfqD21JXgcBfNOUIoUMhuSH5sqSDw==	2023-12-11 11:04:37	72.271896170000000	93.114857910000000
gAAAAABnljpEfv4wmdrQRRBsiKAedoGd6UN12N3eFiGmZ1Q4BQPAKrtEXN7acgD1ruQW4hfqD21JXgcBfNOUIoUMhuSH5sqSDw==	2023-12-11 11:06:07	152.019654820000000	73.899576150000000
gAAAAABnljpEfv4wmdrQRRBsiKAedoGd6UN12N3eFiGmZ1Q4BQPAKrtEXN7acgD1ruQW4hfqD21JXgcBfNOUIoUMhuSH5sqSDw==	2023-12-11 11:07:37	130.055409070000000	111.269312700000000
gAAAAABnljpEfv4wmdrQRRBsiKAedoGd6UN12N3eFiGmZ1Q4BQPAKrtEXN7acgD1ruQW4hfqD21JXgcBfNOUIoUMhuSH5sqSDw==	2023-12-11 08:09:07	74.182727560000000	49.003976010000000
gAAAAABnljpEfv4wmdrQRRBsiKAedoGd6UN12N3eFiGmZ1Q4BQPAKrtEXN7acgD1ruQW4hfqD21JXgcBfNOUIoUMhuSH5sqSDw==	2023-12-11 08:10:37	107.280392020000000	85.262906620000000
gAAAAABnljpEfv4wmdrQRRBsiKAedoGd6UN12N3eFiGmZ1Q4BQPAKrtEXN7acgD1ruQW4hfqD21JXgcBfNOUIoUMhuSH5sqSDw==	2023-12-11 11:12:07	80.242016220000000	37.237607170000000
gAAAAABnljpEfv4wmdrQRRBsiKAedoGd6UN12N3eFiGmZ1Q4BQPAKrtEXN7acgD1ruQW4hfqD21JXgcBfNOUIoUMhuSH5sqSDw==	2023-12-11 09:13:37	90.450085060000000	80.291505180000000
gAAAAABnljpEfv4wmdrQRRBsiKAedoGd6UN12N3eFiGmZ1Q4BQPAKrtEXN7acgD1ruQW4hfqD21JXgcBfNOUIoUMhuSH5sqSDw==	2023-12-11 11:15:07	72.068829300000000	99.120039660000000
gAAAAABnljpEfv4wmdrQRRBsiKAedoGd6UN12N3eFiGmZ1Q4BQPAKrtEXN7acgD1ruQW4hfqD21JXgcBfNOUIoUMhuSH5sqSDw==	2023-12-11 10:16:37	66.042521540000000	94.387386760000000
gAAAAABnljpEfv4wmdrQRRBsiKAedoGd6UN12N3eFiGmZ1Q4BQPAKrtEXN7acgD1ruQW4hfqD21JXgcBfNOUIoUMhuSH5sqSDw==	2023-12-11 11:18:07	109.091019490000000	101.981346480000000
gAAAAABnljpEfv4wmdrQRRBsiKAedoGd6UN12N3eFiGmZ1Q4BQPAKrtEXN7acgD1ruQW4hfqD21JXgcBfNOUIoUMhuSH5sqSDw==	2023-12-11 09:19:37	64.084172040000000	79.184154180000000
gAAAAABnljpEfv4wmdrQRRBsiKAedoGd6UN12N3eFiGmZ1Q4BQPAKrtEXN7acgD1ruQW4hfqD21JXgcBfNOUIoUMhuSH5sqSDw==	2023-12-11 09:21:07	138.388892670000000	89.367483430000000
gAAAAABnljpEfv4wmdrQRRBsiKAedoGd6UN12N3eFiGmZ1Q4BQPAKrtEXN7acgD1ruQW4hfqD21JXgcBfNOUIoUMhuSH5sqSDw==	2023-12-11 12:22:37	105.060023800000000	97.002271720000000
gAAAAABnljpEfv4wmdrQRRBsiKAedoGd6UN12N3eFiGmZ1Q4BQPAKrtEXN7acgD1ruQW4hfqD21JXgcBfNOUIoUMhuSH5sqSDw==	2023-12-11 10:24:07	89.342253860000000	49.056341160000000
gAAAAABnljpEfv4wmdrQRRBsiKAedoGd6UN12N3eFiGmZ1Q4BQPAKrtEXN7acgD1ruQW4hfqD21JXgcBfNOUIoUMhuSH5sqSDw==	2023-12-11 10:25:37	86.265721200000000	73.942781120000000
gAAAAABnljpEfv4wmdrQRRBsiKAedoGd6UN12N3eFiGmZ1Q4BQPAKrtEXN7acgD1ruQW4hfqD21JXgcBfNOUIoUMhuSH5sqSDw==	2023-12-11 10:27:07	137.475196660000000	81.157972700000000
gAAAAABnljpEfv4wmdrQRRBsiKAedoGd6UN12N3eFiGmZ1Q4BQPAKrtEXN7acgD1ruQW4hfqD21JXgcBfNOUIoUMhuSH5sqSDw==	2023-12-11 12:28:37	130.361674180000000	26.278189610000000
gAAAAABnljpEfv4wmdrQRRBsiKAedoGd6UN12N3eFiGmZ1Q4BQPAKrtEXN7acgD1ruQW4hfqD21JXgcBfNOUIoUMhuSH5sqSDw==	2023-12-11 10:30:07	70.360525040000000	49.984656900000000
gAAAAABnljpEfv4wmdrQRRBsiKAedoGd6UN12N3eFiGmZ1Q4BQPAKrtEXN7acgD1ruQW4hfqD21JXgcBfNOUIoUMhuSH5sqSDw==	2023-12-11 08:31:37	132.091174140000000	81.100969600000000
gAAAAABnljpEfv4wmdrQRRBsiKAedoGd6UN12N3eFiGmZ1Q4BQPAKrtEXN7acgD1ruQW4hfqD21JXgcBfNOUIoUMhuSH5sqSDw==	2023-12-11 12:33:07	135.227835140000000	97.336243800000000
gAAAAABnljpEfv4wmdrQRRBsiKAedoGd6UN12N3eFiGmZ1Q4BQPAKrtEXN7acgD1ruQW4hfqD21JXgcBfNOUIoUMhuSH5sqSDw==	2023-12-11 10:34:37	101.164822380000000	58.034540630000000
gAAAAABnljpEfv4wmdrQRRBsiKAedoGd6UN12N3eFiGmZ1Q4BQPAKrtEXN7acgD1ruQW4hfqD21JXgcBfNOUIoUMhuSH5sqSDw==	2023-12-11 12:36:07	79.343445400000000	63.320372070000000
gAAAAABnljpEfv4wmdrQRRBsiKAedoGd6UN12N3eFiGmZ1Q4BQPAKrtEXN7acgD1ruQW4hfqD21JXgcBfNOUIoUMhuSH5sqSDw==	2023-12-11 11:37:37	84.395351160000000	113.193895940000000
gAAAAABnljpEfv4wmdrQRRBsiKAedoGd6UN12N3eFiGmZ1Q4BQPAKrtEXN7acgD1ruQW4hfqD21JXgcBfNOUIoUMhuSH5sqSDw==	2023-12-11 12:39:07	149.357460180000000	80.349901800000000
gAAAAABnljpEfv4wmdrQRRBsiKAedoGd6UN12N3eFiGmZ1Q4BQPAKrtEXN7acgD1ruQW4hfqD21JXgcBfNOUIoUMhuSH5sqSDw==	2023-12-11 12:40:37	73.135797570000000	47.928892780000000
gAAAAABnljpEfv4wmdrQRRBsiKAedoGd6UN12N3eFiGmZ1Q4BQPAKrtEXN7acgD1ruQW4hfqD21JXgcBfNOUIoUMhuSH5sqSDw==	2023-12-11 10:42:07	146.297005180000000	48.052960010000000
gAAAAABnljpEfv4wmdrQRRBsiKAedoGd6UN12N3eFiGmZ1Q4BQPAKrtEXN7acgD1ruQW4hfqD21JXgcBfNOUIoUMhuSH5sqSDw==	2023-12-11 12:43:37	140.206530700000000	34.218254450000000
gAAAAABnljpEfv4wmdrQRRBsiKAedoGd6UN12N3eFiGmZ1Q4BQPAKrtEXN7acgD1ruQW4hfqD21JXgcBfNOUIoUMhuSH5sqSDw==	2023-12-11 12:45:07	140.033703440000000	55.089556650000000
gAAAAABnljpEfv4wmdrQRRBsiKAedoGd6UN12N3eFiGmZ1Q4BQPAKrtEXN7acgD1ruQW4hfqD21JXgcBfNOUIoUMhuSH5sqSDw==	2023-12-11 11:46:37	122.396045680000000	90.173292250000000
gAAAAABnljpEfv4wmdrQRRBsiKAedoGd6UN12N3eFiGmZ1Q4BQPAKrtEXN7acgD1ruQW4hfqD21JXgcBfNOUIoUMhuSH5sqSDw==	2023-12-11 09:48:07	112.141375820000000	80.141927720000000
gAAAAABnljpEfv4wmdrQRRBsiKAedoGd6UN12N3eFiGmZ1Q4BQPAKrtEXN7acgD1ruQW4hfqD21JXgcBfNOUIoUMhuSH5sqSDw==	2023-12-11 09:49:37	125.236575390000000	35.241760680000000
gAAAAABnljpEfv4wmdrQRRBsiKAedoGd6UN12N3eFiGmZ1Q4BQPAKrtEXN7acgD1ruQW4hfqD21JXgcBfNOUIoUMhuSH5sqSDw==	2023-12-11 10:51:07	88.491585910000000	85.294074580000000
gAAAAABnljpEfv4wmdrQRRBsiKAedoGd6UN12N3eFiGmZ1Q4BQPAKrtEXN7acgD1ruQW4hfqD21JXgcBfNOUIoUMhuSH5sqSDw==	2023-12-11 08:52:37	82.313024900000000	69.126254620000000
gAAAAABnljpEfv4wmdrQRRBsiKAedoGd6UN12N3eFiGmZ1Q4BQPAKrtEXN7acgD1ruQW4hfqD21JXgcBfNOUIoUMhuSH5sqSDw==	2023-12-11 08:54:07	89.451257280000000	99.195649440000000
gAAAAABnljpEfv4wmdrQRRBsiKAedoGd6UN12N3eFiGmZ1Q4BQPAKrtEXN7acgD1ruQW4hfqD21JXgcBfNOUIoUMhuSH5sqSDw==	2023-12-11 12:55:37	65.335374940000000	86.897762350000000
gAAAAABnljpEfv4wmdrQRRBsiKAedoGd6UN12N3eFiGmZ1Q4BQPAKrtEXN7acgD1ruQW4hfqD21JXgcBfNOUIoUMhuSH5sqSDw==	2023-12-11 08:57:07	106.402843120000000	63.081923450000000
gAAAAABnljpEfv4wmdrQRRBsiKAedoGd6UN12N3eFiGmZ1Q4BQPAKrtEXN7acgD1ruQW4hfqD21JXgcBfNOUIoUMhuSH5sqSDw==	2023-12-11 11:58:37	114.170107850000000	87.085774020000000
gAAAAABnljpEfv4wmdrQRRBsiKAedoGd6UN12N3eFiGmZ1Q4BQPAKrtEXN7acgD1ruQW4hfqD21JXgcBfNOUIoUMhuSH5sqSDw==	2023-12-11 10:00:07	65.061343090000000	105.968900190000000
gAAAAABnljpEfv4wmdrQRRBsiKAedoGd6UN12N3eFiGmZ1Q4BQPAKrtEXN7acgD1ruQW4hfqD21JXgcBfNOUIoUMhuSH5sqSDw==	2023-12-11 13:01:37	104.239712850000000	39.339526460000000
gAAAAABnljpEfv4wmdrQRRBsiKAedoGd6UN12N3eFiGmZ1Q4BQPAKrtEXN7acgD1ruQW4hfqD21JXgcBfNOUIoUMhuSH5sqSDw==	2023-12-11 10:03:07	128.325168380000000	38.379871930000000
gAAAAABnljpEfv4wmdrQRRBsiKAedoGd6UN12N3eFiGmZ1Q4BQPAKrtEXN7acgD1ruQW4hfqD21JXgcBfNOUIoUMhuSH5sqSDw==	2023-12-11 09:04:37	127.444872790000000	29.266472120000000
gAAAAABnljpEfv4wmdrQRRBsiKAedoGd6UN12N3eFiGmZ1Q4BQPAKrtEXN7acgD1ruQW4hfqD21JXgcBfNOUIoUMhuSH5sqSDw==	2023-12-11 12:06:07	74.132038240000000	70.133397550000000
gAAAAABnljpEfv4wmdrQRRBsiKAedoGd6UN12N3eFiGmZ1Q4BQPAKrtEXN7acgD1ruQW4hfqD21JXgcBfNOUIoUMhuSH5sqSDw==	2023-12-11 10:07:37	76.340679050000000	74.984622880000000
gAAAAABnljpEfv4wmdrQRRBsiKAedoGd6UN12N3eFiGmZ1Q4BQPAKrtEXN7acgD1ruQW4hfqD21JXgcBfNOUIoUMhuSH5sqSDw==	2023-12-11 11:09:07	64.468619180000000	45.059503700000000
gAAAAABnljpEfv4wmdrQRRBsiKAedoGd6UN12N3eFiGmZ1Q4BQPAKrtEXN7acgD1ruQW4hfqD21JXgcBfNOUIoUMhuSH5sqSDw==	2023-12-11 12:10:37	70.124228340000000	54.196752980000000
gAAAAABnljpEfv4wmdrQRRBsiKAedoGd6UN12N3eFiGmZ1Q4BQPAKrtEXN7acgD1ruQW4hfqD21JXgcBfNOUIoUMhuSH5sqSDw==	2023-12-11 11:12:07	106.449532400000000	25.315635440000000
gAAAAABnljpEfv4wmdrQRRBsiKAedoGd6UN12N3eFiGmZ1Q4BQPAKrtEXN7acgD1ruQW4hfqD21JXgcBfNOUIoUMhuSH5sqSDw==	2023-12-11 10:13:37	153.302950640000000	97.302257240000000
gAAAAABnljpEfv4wmdrQRRBsiKAedoGd6UN12N3eFiGmZ1Q4BQPAKrtEXN7acgD1ruQW4hfqD21JXgcBfNOUIoUMhuSH5sqSDw==	2023-12-11 10:15:07	131.151919930000000	52.892196290000000
gAAAAABnljpEfv4wmdrQRRBsiKAedoGd6UN12N3eFiGmZ1Q4BQPAKrtEXN7acgD1ruQW4hfqD21JXgcBfNOUIoUMhuSH5sqSDw==	2023-12-11 10:16:37	142.099021570000000	99.162151260000000
gAAAAABnljpEfv4wmdrQRRBsiKAedoGd6UN12N3eFiGmZ1Q4BQPAKrtEXN7acgD1ruQW4hfqD21JXgcBfNOUIoUMhuSH5sqSDw==	2023-12-11 12:18:07	95.135830380000000	100.219543800000000
gAAAAABnljpEfv4wmdrQRRBsiKAedoGd6UN12N3eFiGmZ1Q4BQPAKrtEXN7acgD1ruQW4hfqD21JXgcBfNOUIoUMhuSH5sqSDw==	2023-12-11 13:19:37	122.401641340000000	45.207812880000000
gAAAAABnljpEfv4wmdrQRRBsiKAedoGd6UN12N3eFiGmZ1Q4BQPAKrtEXN7acgD1ruQW4hfqD21JXgcBfNOUIoUMhuSH5sqSDw==	2023-12-11 09:21:07	147.423757040000000	107.975550590000000
gAAAAABnljpEfv4wmdrQRRBsiKAedoGd6UN12N3eFiGmZ1Q4BQPAKrtEXN7acgD1ruQW4hfqD21JXgcBfNOUIoUMhuSH5sqSDw==	2023-12-11 13:22:37	92.186584860000000	63.006605930000000
gAAAAABnljpEfv4wmdrQRRBsiKAedoGd6UN12N3eFiGmZ1Q4BQPAKrtEXN7acgD1ruQW4hfqD21JXgcBfNOUIoUMhuSH5sqSDw==	2023-12-11 10:24:07	65.050242130000000	27.173121520000000
gAAAAABnljpEfv4wmdrQRRBsiKAedoGd6UN12N3eFiGmZ1Q4BQPAKrtEXN7acgD1ruQW4hfqD21JXgcBfNOUIoUMhuSH5sqSDw==	2023-12-11 12:25:37	126.384343680000000	25.289374190000000
gAAAAABnljpEfv4wmdrQRRBsiKAedoGd6UN12N3eFiGmZ1Q4BQPAKrtEXN7acgD1ruQW4hfqD21JXgcBfNOUIoUMhuSH5sqSDw==	2023-12-11 12:27:07	69.031175180000000	79.226898710000000
gAAAAABnljpEfv4wmdrQRRBsiKAedoGd6UN12N3eFiGmZ1Q4BQPAKrtEXN7acgD1ruQW4hfqD21JXgcBfNOUIoUMhuSH5sqSDw==	2023-12-11 13:28:37	151.204713140000000	63.263709400000000
gAAAAABnljpEfv4wmdrQRRBsiKAedoGd6UN12N3eFiGmZ1Q4BQPAKrtEXN7acgD1ruQW4hfqD21JXgcBfNOUIoUMhuSH5sqSDw==	2023-12-11 11:30:07	135.275380780000000	56.353210250000000
gAAAAABnljpEfv4wmdrQRRBsiKAedoGd6UN12N3eFiGmZ1Q4BQPAKrtEXN7acgD1ruQW4hfqD21JXgcBfNOUIoUMhuSH5sqSDw==	2023-12-11 13:31:37	74.406310920000000	72.359883180000000
gAAAAABnljpEfv4wmdrQRRBsiKAedoGd6UN12N3eFiGmZ1Q4BQPAKrtEXN7acgD1ruQW4hfqD21JXgcBfNOUIoUMhuSH5sqSDw==	2023-12-11 13:33:07	104.190211800000000	114.260334390000000
gAAAAABnljpEfv4wmdrQRRBsiKAedoGd6UN12N3eFiGmZ1Q4BQPAKrtEXN7acgD1ruQW4hfqD21JXgcBfNOUIoUMhuSH5sqSDw==	2023-12-11 13:34:37	94.231744290000000	47.164531290000000
gAAAAABnljpEfv4wmdrQRRBsiKAedoGd6UN12N3eFiGmZ1Q4BQPAKrtEXN7acgD1ruQW4hfqD21JXgcBfNOUIoUMhuSH5sqSDw==	2023-12-11 13:36:07	76.143940450000000	84.935772040000000
gAAAAABnljpEfv4wmdrQRRBsiKAedoGd6UN12N3eFiGmZ1Q4BQPAKrtEXN7acgD1ruQW4hfqD21JXgcBfNOUIoUMhuSH5sqSDw==	2023-12-11 10:37:37	150.344927250000000	64.978037350000000
gAAAAABnljpEfv4wmdrQRRBsiKAedoGd6UN12N3eFiGmZ1Q4BQPAKrtEXN7acgD1ruQW4hfqD21JXgcBfNOUIoUMhuSH5sqSDw==	2023-12-11 12:39:07	141.156141490000000	33.406152630000000
gAAAAABnljpEfv4wmdrQRRBsiKAedoGd6UN12N3eFiGmZ1Q4BQPAKrtEXN7acgD1ruQW4hfqD21JXgcBfNOUIoUMhuSH5sqSDw==	2023-12-11 12:40:37	103.464980580000000	73.085365370000000
gAAAAABnljpEfv4wmdrQRRBsiKAedoGd6UN12N3eFiGmZ1Q4BQPAKrtEXN7acgD1ruQW4hfqD21JXgcBfNOUIoUMhuSH5sqSDw==	2023-12-11 10:42:07	139.088783400000000	77.981155550000000
gAAAAABnljpEfv4wmdrQRRBsiKAedoGd6UN12N3eFiGmZ1Q4BQPAKrtEXN7acgD1ruQW4hfqD21JXgcBfNOUIoUMhuSH5sqSDw==	2023-12-11 10:43:37	131.282882910000000	68.917668070000000
gAAAAABnljpEfv4wmdrQRRBsiKAedoGd6UN12N3eFiGmZ1Q4BQPAKrtEXN7acgD1ruQW4hfqD21JXgcBfNOUIoUMhuSH5sqSDw==	2023-12-11 12:45:07	108.194708240000000	29.341192300000000
